type,timestamp,subsystem,value,flag,score,detail
anomaly,2025-01-01 00:00:00,EPS,0.0,0,0.0,
anomaly,2025-01-01 00:00:01,EPS,0.0,0,0.0,
anomaly,2025-01-01 00:00:02,EPS,0.0,0,0.0,
anomaly,2025-01-01 00:00:03,EPS,0.0,0,0.0,
anomaly,2025-01-01 00:00:04,EPS,0.0,0,0.0,
anomaly,2025-01-01 00:00:05,EPS,0.0,0,0.0,
anomaly,2025-01-01 00:00:06,EPS,0.0,0,0.0,
anomaly,2025-01-01 00:00:07,EPS,0.0,0,0.0,
anomaly,2025-01-01 00:00:08,EPS,0.0,0,0.0,
anomaly,2025-01-01 00:00:09,EPS,2.3311485597781125,0,0.43291082676752435,
anomaly,2025-01-01 00:00:10,EPS,1.2255855600104772,0,0.22759993387507513,
anomaly,2025-01-01 00:00:11,EPS,1.191507625095279,0,0.22127141958250143,
anomaly,2025-01-01 00:00:12,EPS,1.5028687644933323,0,0.27909339223829804,
anomaly,2025-01-01 00:00:13,EPS,1.7225461273103702,0,0.31988903709770816,
anomaly,2025-01-01 00:00:14,EPS,1.1154497401242753,0,0.20714693072190282,
anomaly,2025-01-01 00:00:15,EPS,0.6223480317369174,0,0.11557444497746422,
anomaly,2025-01-01 00:00:16,EPS,1.820900319311635,0,0.33815410836342463,
anomaly,2025-01-01 00:00:17,EPS,1.4382075731066182,0,0.26708535023446284,
anomaly,2025-01-01 00:00:18,EPS,1.3308750355254533,0,0.24715293649428438,
anomaly,2025-01-01 00:00:19,EPS,0.6496667477360736,0,0.12064772436148923,
anomaly,2025-01-01 00:00:20,EPS,2.454245444615403,0,0.45577079163930007,
anomaly,2025-01-01 00:00:21,EPS,1.8742911688615025,0,0.3480691679264469,
anomaly,2025-01-01 00:00:22,EPS,0.8209348811085387,0,0.15245343185542165,
anomaly,2025-01-01 00:00:23,EPS,1.5795356991066485,0,0.29333098593860757,
anomaly,2025-01-01 00:00:24,EPS,0.6353136627453602,0,0.1179822546453139,
anomaly,2025-01-01 00:00:25,EPS,1.1560149745003363,0,0.2146801825509628,
anomaly,2025-01-01 00:00:26,EPS,1.1486418518667114,0,0.21331094136648646,
anomaly,2025-01-01 00:00:27,EPS,1.136043210485349,0,0.21097128427613257,
anomaly,2025-01-01 00:00:28,EPS,0.8484738367552386,0,0.15756761130456917,
anomaly,2025-01-01 00:00:29,EPS,1.8689078224666753,0,0.34706944230673675,
anomaly,2025-01-01 00:00:30,EPS,5.384823884365343,1,1.0,
anomaly,2025-01-01 00:00:31,EPS,1.9162058401142494,0,0.35585301975759864,
anomaly,2025-01-01 00:00:32,EPS,0.28906837971604316,0,0.053682049018417034,
anomaly,2025-01-01 00:00:33,EPS,0.7555451674718975,0,0.14031009810099784,
anomaly,2025-01-01 00:00:34,EPS,1.6571978046388496,0,0.3077533899391712,
anomaly,2025-01-01 00:00:35,EPS,0.3339209871916197,0,0.06201149645044998,
anomaly,2025-01-01 00:00:36,EPS,1.886703141841633,0,0.3503741593703023,
anomaly,2025-01-01 00:00:37,EPS,1.3602113608864859,0,0.25260090025150395,
anomaly,2025-01-01 00:00:38,EPS,1.5798251981821587,0,0.2933847479708907,
anomaly,2025-01-01 00:00:39,EPS,0.5797895540394833,0,0.10767103372180528,
anomaly,2025-01-01 00:00:40,EPS,0.8407376053028998,0,0.15613093823624455,
anomaly,2025-01-01 00:00:41,EPS,0.24287098623350284,0,0.04510286528379706,
anomaly,2025-01-01 00:00:42,EPS,1.8724438367827838,0,0.34772610525283143,
anomaly,2025-01-01 00:00:43,EPS,0.6174888658197185,0,0.11467206339144664,
anomaly,2025-01-01 00:00:44,EPS,1.2153195778026384,0,0.22569346814317892,
anomaly,2025-01-01 00:00:45,EPS,0.6178749829174789,0,0.1147437680759548,
anomaly,2025-01-01 00:00:46,EPS,0.5512984694055656,0,0.10238003716449157,
anomaly,2025-01-01 00:00:47,EPS,0.8532222876082869,0,0.158449432317664,
anomaly,2025-01-01 00:00:48,EPS,1.4689102202860165,0,0.27278704964724076,
anomaly,2025-01-01 00:00:49,EPS,0.9439374205285439,0,0.17529587611383815,
anomaly,2025-01-01 00:00:50,EPS,1.2596021565227389,0,0.23391705719103495,
anomaly,2025-01-01 00:00:51,EPS,0.9304324033165597,0,0.17278789860111105,
anomaly,2025-01-01 00:00:52,EPS,1.7426054768851962,0,0.3236142006324094,
anomaly,2025-01-01 00:00:53,EPS,0.7557087742108731,0,0.14034048103319563,
anomaly,2025-01-01 00:00:54,EPS,1.492238124505707,0,0.2771192069694927,
anomaly,2025-01-01 00:00:55,EPS,0.7070490269716392,0,0.13130402073585593,
anomaly,2025-01-01 00:00:56,EPS,0.981529310085026,0,0.1822769567143809,
anomaly,2025-01-01 00:00:57,EPS,0.9331044357320336,0,0.17328411397841095,
anomaly,2025-01-01 00:00:58,EPS,0.4591957091158499,0,0.08527590112076078,
anomaly,2025-01-01 00:00:59,EPS,1.0713911393099655,0,0.19896493596024822,
anomaly,2025-01-01 00:01:00,EPS,1.9393381130301186,0,0.3601488469587506,
anomaly,2025-01-01 00:01:01,EPS,0.25343336696065893,0,0.0470643743236421,
anomaly,2025-01-01 00:01:02,EPS,2.795889971625137,0,0.5192166042315536,
anomaly,2025-01-01 00:01:03,EPS,0.8912372454942687,0,0.1655090797086134,
anomaly,2025-01-01 00:01:04,EPS,0.2579831416911168,0,0.04790929977118886,
anomaly,2025-01-01 00:01:05,EPS,1.0995938282365805,0,0.2042023753885832,
anomaly,2025-01-01 00:01:06,EPS,1.3178577695192164,0,0.24473553784100027,
anomaly,2025-01-01 00:01:07,EPS,1.2119238244173878,0,0.22506285264707884,
anomaly,2025-01-01 00:01:08,EPS,0.4940602060460867,0,0.09175048556008937,
anomaly,2025-01-01 00:01:09,EPS,0.5202801819858273,0,0.09661972111965324,
anomaly,2025-01-01 00:01:10,EPS,1.3299869378765974,0,0.24698801045994656,
anomaly,2025-01-01 00:01:11,EPS,2.098686391247792,0,0.3897409527805094,
anomaly,2025-01-01 00:01:12,EPS,1.3585779429812135,0,0.25229756295759265,
anomaly,2025-01-01 00:01:13,EPS,1.3530295348864902,0,0.251267184209119,
anomaly,2025-01-01 00:01:14,EPS,1.5620568634292455,0,0.2900850421430914,
anomaly,2025-01-01 00:01:15,EPS,0.5037374961376543,0,0.09354762698929474,
anomaly,2025-01-01 00:01:16,EPS,0.5960493077882305,0,0.11069058535393142,
anomaly,2025-01-01 00:01:17,EPS,0.4589980494556119,0,0.08523919431948322,
anomaly,2025-01-01 00:01:18,EPS,2.7478254457325013,0,0.5102906807613006,
anomaly,2025-01-01 00:01:19,EPS,0.988221267269264,0,0.18351970064211973,
anomaly,2025-01-01 00:01:20,EPS,0.22281336415609448,0,0.04137802255762267,
anomaly,2025-01-01 00:01:21,EPS,0.7995703010240521,0,0.14848587775462405,
anomaly,2025-01-01 00:01:22,EPS,1.5524363160592176,0,0.2882984382398587,
anomaly,2025-01-01 00:01:23,EPS,1.1136062895737244,0,0.20680458887560713,
anomaly,2025-01-01 00:01:24,EPS,1.9684757336231584,0,0.3655599098307676,
anomaly,2025-01-01 00:01:25,EPS,1.6960814390342813,0,0.31497435672108004,
anomaly,2025-01-01 00:01:26,EPS,0.4237745882952435,0,0.07869794767581145,
anomaly,2025-01-01 00:01:27,EPS,0.7978317360378875,0,0.14816301390178524,
anomaly,2025-01-01 00:01:28,EPS,1.7215676495258379,0,0.31970732683093916,
anomaly,2025-01-01 00:01:29,EPS,0.9581331124624581,0,0.1779321168226812,
anomaly,2025-01-01 00:01:30,EPS,1.5924312256660043,0,0.2957257767128792,
anomaly,2025-01-01 00:01:31,EPS,2.188647156545996,0,0.4064473051571214,
anomaly,2025-01-01 00:01:32,EPS,1.126570295821764,0,0.20921209681392244,
anomaly,2025-01-01 00:01:33,EPS,1.3407024847303637,0,0.24897796353619825,
anomaly,2025-01-01 00:01:34,EPS,1.517993058142094,0,0.28190208087390495,
anomaly,2025-01-01 00:01:35,EPS,0.6074968673893852,0,0.11281647839091492,
anomaly,2025-01-01 00:01:36,EPS,1.6502545664902577,0,0.3064639813535438,
anomaly,2025-01-01 00:01:37,EPS,1.5457722777105602,0,0.28706087903796795,
anomaly,2025-01-01 00:01:38,EPS,1.3144767843068097,0,0.24410766489937571,
anomaly,2025-01-01 00:01:39,EPS,1.2032179757542998,0,0.2234461147834014,
anomaly,2025-01-01 00:01:40,EPS,0.9976565171600845,0,0.18527189348880047,
anomaly,2025-01-01 00:01:41,EPS,1.8475585017654506,0,0.34310472198167435,
anomaly,2025-01-01 00:01:42,EPS,1.2429974844898182,0,0.23083345178638434,
anomaly,2025-01-01 00:01:43,EPS,0.608412154511388,0,0.11298645370332212,
anomaly,2025-01-01 00:01:44,EPS,0.7800522573491442,0,0.14486123856603741,
anomaly,2025-01-01 00:01:45,EPS,1.0072067702787304,0,0.18704544325082234,
anomaly,2025-01-01 00:01:46,EPS,1.730792113592568,0,0.3214203752545864,
anomaly,2025-01-01 00:01:47,EPS,0.7356168593435044,0,0.1366092698926224,
anomaly,2025-01-01 00:01:48,EPS,0.5722402765738172,0,0.10626907933522167,
anomaly,2025-01-01 00:01:49,EPS,0.7198671728472037,0,0.13368444136814095,
anomaly,2025-01-01 00:01:50,EPS,0.9525309389523836,0,0.17689175345511773,
anomaly,2025-01-01 00:01:51,EPS,1.065958357805495,0,0.19795602988994118,
anomaly,2025-01-01 00:01:52,EPS,0.843954323451871,0,0.15672830561873424,
anomaly,2025-01-01 00:01:53,EPS,1.3541034957959626,0,0.2514666263696306,
anomaly,2025-01-01 00:01:54,EPS,1.3030291918057237,0,0.24198176575264155,
anomaly,2025-01-01 00:01:55,EPS,0.7966599501864121,0,0.14794540495548755,
anomaly,2025-01-01 00:01:56,EPS,0.6692395907589619,0,0.12428254017779056,
anomaly,2025-01-01 00:01:57,EPS,1.4510984347041458,0,0.26947927469222566,
anomaly,2025-01-01 00:01:58,EPS,0.2919383706110104,0,0.0542150266898503,
anomaly,2025-01-01 00:01:59,EPS,0.7447880952229285,0,0.13831243346423938,
anomaly,2025-01-01 00:02:00,EPS,1.5563479616794385,0,0.28902485858418564,
anomaly,2025-01-01 00:02:01,EPS,1.8077140716946944,0,0.33570532862612873,
anomaly,2025-01-01 00:02:02,EPS,1.085971176778906,0,0.20167255236183068,
anomaly,2025-01-01 00:02:03,EPS,2.4750504115785397,0,0.45963442161307566,
anomaly,2025-01-01 00:02:04,EPS,1.2987885929242136,0,0.2411942564538096,
anomaly,2025-01-01 00:02:05,EPS,1.6148039078865597,0,0.2998805425327074,
anomaly,2025-01-01 00:02:06,EPS,2.308590979624052,0,0.42872172408961584,
anomaly,2025-01-01 00:02:07,EPS,1.9709457639119998,0,0.3660186119799712,
anomaly,2025-01-01 00:02:08,EPS,1.5228236174856509,0,0.28279915001623707,
anomaly,2025-01-01 00:02:09,EPS,1.9250540199348798,0,0.35749618952705403,
anomaly,2025-01-01 00:02:10,EPS,2.4785860089608147,0,0.4602910071315994,
anomaly,2025-01-01 00:02:11,EPS,1.469043733950455,0,0.2728118440819903,
anomaly,2025-01-01 00:02:12,EPS,2.0260942205613404,0,0.3762600716513752,
anomaly,2025-01-01 00:02:13,EPS,1.0629531934533192,0,0.19739794954846498,
anomaly,2025-01-01 00:02:14,EPS,1.8797758399415443,0,0.34908771025908775,
anomaly,2025-01-01 00:02:15,EPS,0.39495183126433764,0,0.07334535720120154,
anomaly,2025-01-01 00:02:16,EPS,1.666673186720629,0,0.309513035618446,
anomaly,2025-01-01 00:02:17,EPS,1.3218481039989751,0,0.24547657126483138,
anomaly,2025-01-01 00:02:18,EPS,1.3585253642096429,0,0.25228779870667195,
anomaly,2025-01-01 00:02:19,EPS,1.6857260359864938,0,0.31305128490477535,
anomaly,2025-01-01 00:02:20,EPS,1.1929630383069745,0,0.22154170014189378,
anomaly,2025-01-01 00:02:21,EPS,0.9581974404698126,0,0.17794406299004634,
anomaly,2025-01-01 00:02:22,EPS,1.6197512578000046,0,0.3007993005124826,
anomaly,2025-01-01 00:02:23,EPS,1.7717846269921655,0,0.32903297582981,
anomaly,2025-01-01 00:02:24,EPS,2.3183957832423703,0,0.4305425456854319,
anomaly,2025-01-01 00:02:25,EPS,0.6058524175806651,0,0.11251109239426335,
anomaly,2025-01-01 00:02:26,EPS,2.1383617295831745,0,0.3971089446011107,
anomaly,2025-01-01 00:02:27,EPS,1.9744813612849827,0,0.36667519749676936,
anomaly,2025-01-01 00:02:28,EPS,1.0214624155219083,0,0.18969281771455712,
anomaly,2025-01-01 00:02:29,EPS,0.4104291868281138,0,0.07621961193935818,
anomaly,2025-01-01 00:02:30,EPS,0.34106179492820893,0,0.06333759511030074,
anomaly,2025-01-01 00:02:31,EPS,1.7939540905692017,0,0.333150002505725,
anomaly,2025-01-01 00:02:32,EPS,1.5465039383805854,0,0.28719675361543545,
anomaly,2025-01-01 00:02:33,EPS,0.6277339621299631,0,0.1165746504639767,
anomaly,2025-01-01 00:02:34,EPS,0.7799477070240199,0,0.14484182282888994,
anomaly,2025-01-01 00:02:35,EPS,1.4286453376446266,0,0.2653095752662684,
anomaly,2025-01-01 00:02:36,EPS,1.9422872484100677,0,0.3606965223225655,
anomaly,2025-01-01 00:02:37,EPS,1.1943705227786905,0,0.22180307999422333,
anomaly,2025-01-01 00:02:38,EPS,0.7142809450934332,0,0.13264703924065635,
anomaly,2025-01-01 00:02:39,EPS,1.5182613491617474,0,0.28195190441974693,
anomaly,2025-01-01 00:02:40,EPS,0.6079240768970008,0,0.11289581422747885,
anomaly,2025-01-01 00:02:41,EPS,2.68967449005275,0,0.49949163571758226,
anomaly,2025-01-01 00:02:42,EPS,1.9486505619501435,0,0.3618782347938965,
anomaly,2025-01-01 00:02:43,EPS,0.7969049810735641,0,0.14799090892969616,
anomaly,2025-01-01 00:02:44,EPS,1.8734482457765966,0,0.34791263112914267,
anomaly,2025-01-01 00:02:45,EPS,1.5676837522658942,0,0.29112999532215195,
anomaly,2025-01-01 00:02:46,EPS,2.074616890466965,0,0.38527107571531655,
anomaly,2025-01-01 00:02:47,EPS,2.3828049641947207,0,0.44250378756362224,
anomaly,2025-01-01 00:02:48,EPS,1.7935771425934175,0,0.33308000059222165,
anomaly,2025-01-01 00:02:49,EPS,1.093177640129264,0,0.20301084373497694,
anomaly,2025-01-01 00:02:50,EPS,0.7836146964335787,0,0.1455228087790908,
anomaly,2025-01-01 00:02:51,EPS,1.9699059742546443,0,0.3658255156634186,
anomaly,2025-01-01 00:02:52,EPS,1.823508948429662,0,0.3386385492985499,
anomaly,2025-01-01 00:02:53,EPS,1.390183904139833,0,0.2581670141852152,
anomaly,2025-01-01 00:02:54,EPS,2.608721098492159,0,0.4844580165502709,
anomaly,2025-01-01 00:02:55,EPS,2.0577794832320877,0,0.38214424973243455,
anomaly,2025-01-01 00:02:56,EPS,0.9989577910292511,0,0.1855135492786852,
anomaly,2025-01-01 00:02:57,EPS,1.634448737372511,0,0.30352872674593473,
anomaly,2025-01-01 00:02:58,EPS,2.4530811914929362,0,0.45555458157422307,
anomaly,2025-01-01 00:02:59,EPS,2.0512912048172183,0,0.38093933039724365,
anomaly,2025-01-01 00:03:00,EPS,1.0620553876441465,0,0.19723122063987814,
anomaly,2025-01-01 00:03:01,EPS,0.7598898932676105,0,0.14111694450656512,
anomaly,2025-01-01 00:03:02,EPS,2.388365297697522,0,0.44353638094498526,
anomaly,2025-01-01 00:03:03,EPS,2.325134046200235,0,0.43179388892386705,
anomaly,2025-01-01 00:03:04,EPS,0.8782346019462046,0,0.16309439654955654,
anomaly,2025-01-01 00:03:05,EPS,0.5427060063632579,0,0.1007843558150503,
anomaly,2025-01-01 00:03:06,EPS,0.41470505411375974,0,0.07701367083106322,
anomaly,2025-01-01 00:03:07,EPS,2.1416825728906845,0,0.3977256487642964,
anomaly,2025-01-01 00:03:08,EPS,1.058163494740557,0,0.1965084685151727,
anomaly,2025-01-01 00:03:09,EPS,1.0553429370440546,0,0.19598467093941693,
anomaly,2025-01-01 00:03:10,EPS,1.0201759374789972,0,0.18945390961458258,
anomaly,2025-01-01 00:03:11,EPS,0.5426788385665935,0,0.10077931056245748,
anomaly,2025-01-01 00:03:12,EPS,1.4820919718745784,0,0.2752349944401679,
anomaly,2025-01-01 00:03:13,EPS,1.961478767366074,0,0.3642605235541988,
anomaly,2025-01-01 00:03:14,EPS,1.2394417792568384,0,0.23017313209732196,
anomaly,2025-01-01 00:03:15,EPS,0.6962108682375415,0,0.12929129776351028,
anomaly,2025-01-01 00:03:16,EPS,1.8420050127735133,0,0.3420733996745397,
anomaly,2025-01-01 00:03:17,EPS,1.365273586294288,0,0.25354099142560904,
anomaly,2025-01-01 00:03:18,EPS,1.1618376650842155,0,0.2157614975036737,
anomaly,2025-01-01 00:03:19,EPS,1.9757373501079751,0,0.36690844353228763,
anomaly,2025-01-01 00:00:00,ADCS,0.0,0,0.0,
anomaly,2025-01-01 00:00:01,ADCS,0.0,0,0.0,
anomaly,2025-01-01 00:00:02,ADCS,0.0,0,0.0,
anomaly,2025-01-01 00:00:03,ADCS,0.0,0,0.0,
anomaly,2025-01-01 00:00:04,ADCS,0.0,0,0.0,
anomaly,2025-01-01 00:00:05,ADCS,0.0,0,0.0,
anomaly,2025-01-01 00:00:06,ADCS,0.0,0,0.0,
anomaly,2025-01-01 00:00:07,ADCS,0.0,0,0.0,
anomaly,2025-01-01 00:00:08,ADCS,0.0,0,0.0,
anomaly,2025-01-01 00:00:09,ADCS,1.213323507373579,0,0.4422085186696533,
anomaly,2025-01-01 00:00:10,ADCS,0.3333414200448061,0,0.121489787903587,
anomaly,2025-01-01 00:00:11,ADCS,0.534910800534103,0,0.19495386950559873,
anomaly,2025-01-01 00:00:12,ADCS,1.9224908062930846,0,0.7006720025124643,
anomaly,2025-01-01 00:00:13,ADCS,1.1031439239774568,0,0.4020524102079409,
anomaly,2025-01-01 00:00:14,ADCS,1.7323873798799556,0,0.6313868085165553,
anomaly,2025-01-01 00:00:15,ADCS,1.8232080457193414,0,0.6644873557830978,
anomaly,2025-01-01 00:00:16,ADCS,0.3192447534715692,0,0.11635210944796652,
anomaly,2025-01-01 00:00:17,ADCS,1.0401417863703524,0,0.37909061825802093,
anomaly,2025-01-01 00:00:18,ADCS,0.16366557068230275,0,0.05964963929967005,
anomaly,2025-01-01 00:00:19,ADCS,1.21294586497221,0,0.44207088292297786,
anomaly,2025-01-01 00:00:20,ADCS,0.9600237841391743,0,0.34989076935530555,
anomaly,2025-01-01 00:00:21,ADCS,1.5637225100647731,0,0.569915122046034,
anomaly,2025-01-01 00:00:22,ADCS,2.2668994170345393,0,0.8261953445127599,
anomaly,2025-01-01 00:00:23,ADCS,0.9055576848249712,0,0.3300400263761438,
anomaly,2025-01-01 00:00:24,ADCS,1.0843101322831061,0,0.3951882366586129,
anomaly,2025-01-01 00:00:25,ADCS,1.3454499057631621,0,0.49036337477681713,
anomaly,2025-01-01 00:00:26,ADCS,1.399933792541191,0,0.5102206005843272,
anomaly,2025-01-01 00:00:27,ADCS,0.8468767793723679,0,0.3086531529522862,
anomaly,2025-01-01 00:00:28,ADCS,0.7160687659399153,0,0.2609787961145967,
anomaly,2025-01-01 00:00:29,ADCS,0.7289398703006807,0,0.2656698055267008,
anomaly,2025-01-01 00:00:30,ADCS,1.7949634973486936,0,0.6541933329445278,
anomaly,2025-01-01 00:00:31,ADCS,1.124368841649039,0,0.40978805477873864,
anomaly,2025-01-01 00:00:32,ADCS,1.1711352708532567,0,0.42683257197154606,
anomaly,2025-01-01 00:00:33,ADCS,0.895193211236703,0,0.3262625849234681,
anomaly,2025-01-01 00:00:34,ADCS,1.1548410189725284,0,0.42089396042794847,
anomaly,2025-01-01 00:00:35,ADCS,1.655811935880072,0,0.6034780822354997,
anomaly,2025-01-01 00:00:36,ADCS,1.5441673448752928,0,0.5627880363362227,
anomaly,2025-01-01 00:00:37,ADCS,1.156809447612358,0,0.42161137495724427,
anomaly,2025-01-01 00:00:38,ADCS,1.321060114912099,0,0.48147425887543827,
anomaly,2025-01-01 00:00:39,ADCS,1.2809223681366113,0,0.46684563473978047,
anomaly,2025-01-01 00:00:40,ADCS,0.40736216593240576,0,0.14846742757747158,
anomaly,2025-01-01 00:00:41,ADCS,1.3749955179543687,0,0.5011315840143875,
anomaly,2025-01-01 00:00:42,ADCS,1.3160412117169193,0,0.4796450667978109,
anomaly,2025-01-01 00:00:43,ADCS,1.4437713012593678,0,0.5261976418883364,
anomaly,2025-01-01 00:00:44,ADCS,0.3077852684200069,0,0.11217557954594747,
anomaly,2025-01-01 00:00:45,ADCS,0.4449842914691208,0,0.16217920708367056,
anomaly,2025-01-01 00:00:46,ADCS,2.3669011129972732,0,0.862642014809174,
anomaly,2025-01-01 00:00:47,ADCS,2.472378459172674,0,0.9010843434395621,
anomaly,2025-01-01 00:00:48,ADCS,0.8316694567653931,0,0.30311068421901427,
anomaly,2025-01-01 00:00:49,ADCS,0.7060305785761959,0,0.2573202731095924,
anomaly,2025-01-01 00:00:50,ADCS,1.5669828655464961,0,0.5711033929063177,
anomaly,2025-01-01 00:00:51,ADCS,0.9149050055433469,0,0.3334467557630577,
anomaly,2025-01-01 00:00:52,ADCS,0.7860762192548476,0,0.2864937490831122,
anomaly,2025-01-01 00:00:53,ADCS,1.1863754734975296,0,0.43238702418037006,
anomaly,2025-01-01 00:00:54,ADCS,2.116804271284236,0,0.771491589365526,
anomaly,2025-01-01 00:00:55,ADCS,0.7411022517006304,0,0.2701025133986592,
anomaly,2025-01-01 00:00:56,ADCS,1.0065630970227815,0,0.3668525116153826,
anomaly,2025-01-01 00:00:57,ADCS,0.40298325069915836,0,0.14687148584642748,
anomaly,2025-01-01 00:00:58,ADCS,0.7060349773857301,0,0.2573218763020107,
anomaly,2025-01-01 00:00:59,ADCS,0.5874363690663443,0,0.21409736562330164,
anomaly,2025-01-01 00:01:00,ADCS,0.5819078467592105,0,0.21208243749818698,
anomaly,2025-01-01 00:01:01,ADCS,1.724607126980499,0,0.6285512134846981,
anomaly,2025-01-01 00:01:02,ADCS,1.54470598954571,0,0.5629843510538943,
anomaly,2025-01-01 00:01:03,ADCS,1.7280556498247552,0,0.6298080639201257,
anomaly,2025-01-01 00:01:04,ADCS,0.7707614628200302,0,0.28091212496088047,
anomaly,2025-01-01 00:01:05,ADCS,0.5355822848543443,0,0.19519859903136766,
anomaly,2025-01-01 00:01:06,ADCS,0.23480027022760674,0,0.0855754290175597,
anomaly,2025-01-01 00:01:07,ADCS,1.363173863305787,0,0.49682305759204076,
anomaly,2025-01-01 00:01:08,ADCS,2.42717099881767,0,0.8846080088470863,
anomaly,2025-01-01 00:01:09,ADCS,1.877379379228622,0,0.6842306682631741,
anomaly,2025-01-01 00:01:10,ADCS,1.1015023045576573,0,0.4014541047375225,
anomaly,2025-01-01 00:01:11,ADCS,1.8208899050006844,0,0.6636424850070555,
anomaly,2025-01-01 00:01:12,ADCS,1.5323316150208945,0,0.5584743800570189,
anomaly,2025-01-01 00:01:13,ADCS,0.8526454289597847,0,0.31075559799128305,
anomaly,2025-01-01 00:01:14,ADCS,1.2242679603612323,0,0.44619733971689085,
anomaly,2025-01-01 00:01:15,ADCS,1.6686107744767362,0,0.6081427536295075,
anomaly,2025-01-01 00:01:16,ADCS,0.9117342681712192,0,0.3322911471657643,
anomaly,2025-01-01 00:01:17,ADCS,1.6275956670599194,0,0.5931943661766608,
anomaly,2025-01-01 00:01:18,ADCS,0.892765195759928,0,0.32537766913574395,
anomaly,2025-01-01 00:01:19,ADCS,1.160678840806713,0,0.42302161602009986,
anomaly,2025-01-01 00:01:20,ADCS,2.2811596832424446,0,0.831392648576606,
anomaly,2025-01-01 00:01:21,ADCS,0.9268882677047939,0,0.33781418174387823,
anomaly,2025-01-01 00:01:22,ADCS,0.5977756412035307,0,0.2178656221419647,
anomaly,2025-01-01 00:01:23,ADCS,0.9315564578810789,0,0.33951555277161977,
anomaly,2025-01-01 00:01:24,ADCS,0.9653189524114457,0,0.35182064914709854,
anomaly,2025-01-01 00:01:25,ADCS,1.7000074976859783,0,0.6195856197547126,
anomaly,2025-01-01 00:01:26,ADCS,0.46054730795317717,0,0.16785131219300228,
anomaly,2025-01-01 00:01:27,ADCS,0.502169542482867,0,0.18302097351023577,
anomaly,2025-01-01 00:01:28,ADCS,0.7547477212635518,0,0.27507574835644316,
anomaly,2025-01-01 00:01:29,ADCS,0.9474162829548639,0,0.3452958328944534,
anomaly,2025-01-01 00:01:30,ADCS,0.6296448210511342,0,0.22948068006013816,
anomaly,2025-01-01 00:01:31,ADCS,1.1957517840393244,0,0.43580431921345564,
anomaly,2025-01-01 00:01:32,ADCS,0.8832704068953745,0,0.3219171934313179,
anomaly,2025-01-01 00:01:33,ADCS,0.9164085415926487,0,0.3339947352962058,
anomaly,2025-01-01 00:01:34,ADCS,1.1053845774982,0,0.40286903995939494,
anomaly,2025-01-01 00:01:35,ADCS,0.3316782956591986,0,0.12088364472210783,
anomaly,2025-01-01 00:01:36,ADCS,0.4958901826470079,0,0.1807323947475777,
anomaly,2025-01-01 00:01:37,ADCS,1.0883784541231944,0,0.39667097935950324,
anomaly,2025-01-01 00:01:38,ADCS,0.9431993665167068,0,0.3437589333288069,
anomaly,2025-01-01 00:01:39,ADCS,1.1996515202671407,0,0.43722561911412106,
anomaly,2025-01-01 00:01:40,ADCS,0.457826226517963,0,0.16685958543312912,
anomaly,2025-01-01 00:01:41,ADCS,1.0684836262647244,0,0.38942010001609906,
anomaly,2025-01-01 00:01:42,ADCS,0.62103081331323,0,0.2263412143047659,
anomaly,2025-01-01 00:01:43,ADCS,1.3053583394055073,0,0.475751581580342,
anomaly,2025-01-01 00:01:44,ADCS,1.4035650000595066,0,0.5115440323713963,
anomaly,2025-01-01 00:01:45,ADCS,0.6383259779006111,0,0.23264461901575598,
anomaly,2025-01-01 00:01:46,ADCS,1.7303214172422476,0,0.6306338466954946,
anomaly,2025-01-01 00:01:47,ADCS,1.7071315117479013,0,0.6221820416373843,
anomaly,2025-01-01 00:01:48,ADCS,1.9058172758306389,0,0.6945951588990477,
anomaly,2025-01-01 00:01:49,ADCS,1.9400786907912224,0,0.7070820920748845,
anomaly,2025-01-01 00:01:50,ADCS,0.7006907033847456,0,0.2553740994107051,
anomaly,2025-01-01 00:01:51,ADCS,0.15173353990541627,0,0.05530088513600158,
anomaly,2025-01-01 00:01:52,ADCS,0.44263257419400215,0,0.1613220989783383,
anomaly,2025-01-01 00:01:53,ADCS,1.2934001683725396,0,0.47139330032530086,
anomaly,2025-01-01 00:01:54,ADCS,0.49202631222234405,0,0.17932416651624583,
anomaly,2025-01-01 00:01:55,ADCS,1.1870718396968818,0,0.4326408221687843,
anomaly,2025-01-01 00:01:56,ADCS,0.23893116944886347,0,0.08708097870344667,
anomaly,2025-01-01 00:01:57,ADCS,0.2268671651565443,0,0.08268412540347328,
anomaly,2025-01-01 00:01:58,ADCS,0.9367514903477245,0,0.3414089370154386,
anomaly,2025-01-01 00:01:59,ADCS,0.21211190963811555,0,0.07730641727720386,
anomaly,2025-01-01 00:02:00,ADCS,0.7523428864356339,0,0.2741992810000983,
anomaly,2025-01-01 00:02:01,ADCS,1.6241385851758903,0,0.591934396309131,
anomaly,2025-01-01 00:02:02,ADCS,1.2007433751619896,0,0.43762355711888157,
anomaly,2025-01-01 00:02:03,ADCS,1.2094710591370386,0,0.44080445337496554,
anomaly,2025-01-01 00:02:04,ADCS,0.9594144068207477,0,0.34966867537982854,
anomaly,2025-01-01 00:02:05,ADCS,2.112938479764141,0,0.7700826609707507,
anomaly,2025-01-01 00:02:06,ADCS,1.0020249335506737,0,0.36519853018809983,
anomaly,2025-01-01 00:02:07,ADCS,0.43622370445560243,0,0.1589863189690156,
anomaly,2025-01-01 00:02:08,ADCS,1.3335041397858296,0,0.4860096146748264,
anomaly,2025-01-01 00:02:09,ADCS,0.7248927836220033,0,0.2641948022038198,
anomaly,2025-01-01 00:02:10,ADCS,0.9774553663717431,0,0.35624389291245023,
anomaly,2025-01-01 00:02:11,ADCS,1.694632540435426,0,0.6176266600302576,
anomaly,2025-01-01 00:02:12,ADCS,2.002615793026156,0,0.7298743969903846,
anomaly,2025-01-01 00:02:13,ADCS,2.6647622330921465,0,0.9712006340776314,
anomaly,2025-01-01 00:02:14,ADCS,1.1753805972269038,0,0.428379825837107,
anomaly,2025-01-01 00:02:15,ADCS,0.8595594288320619,0,0.3132754779928007,
anomaly,2025-01-01 00:02:16,ADCS,1.391286934235766,0,0.5070691620939732,
anomaly,2025-01-01 00:02:17,ADCS,1.1317486442479592,0,0.4124777014850875,
anomaly,2025-01-01 00:02:18,ADCS,1.8455404895495255,0,0.6726266499156216,
anomaly,2025-01-01 00:02:19,ADCS,1.1423348991398685,0,0.41633597346742474,
anomaly,2025-01-01 00:02:20,ADCS,1.9129003912668334,0,0.6971766748472434,
anomaly,2025-01-01 00:02:21,ADCS,1.3021124488740103,0,0.4745685826233662,
anomaly,2025-01-01 00:02:22,ADCS,0.597848488438763,0,0.21789217208333278,
anomaly,2025-01-01 00:02:23,ADCS,0.3693470352404747,0,0.13461241320731304,
anomaly,2025-01-01 00:02:24,ADCS,1.7089315906530467,0,0.6228380993345238,
anomaly,2025-01-01 00:02:25,ADCS,1.3848278301336276,0,0.5047150736422276,
anomaly,2025-01-01 00:02:26,ADCS,1.7913960327723095,0,0.6528931329433392,
anomaly,2025-01-01 00:02:27,ADCS,0.9020014878727832,0,0.3287439329791497,
anomaly,2025-01-01 00:02:28,ADCS,0.5656643861429381,0,0.2061623373653384,
anomaly,2025-01-01 00:02:29,ADCS,1.3765143966194409,0,0.5016851553252858,
anomaly,2025-01-01 00:02:30,ADCS,0.8439916973901425,0,0.3076016544674657,
anomaly,2025-01-01 00:02:31,ADCS,1.259092863022754,0,0.4588896419142675,
anomaly,2025-01-01 00:02:32,ADCS,1.4094388984157529,0,0.5136848364316049,
anomaly,2025-01-01 00:02:33,ADCS,1.4239496510004401,0,0.5189734328910491,
anomaly,2025-01-01 00:02:34,ADCS,0.8062687321983012,0,0.2938531228879363,
anomaly,2025-01-01 00:02:35,ADCS,2.743781397571805,0,1.0,
anomaly,2025-01-01 00:02:36,ADCS,0.6232464326107631,0,0.22714872007016465,
anomaly,2025-01-01 00:02:37,ADCS,0.39377130559300483,0,0.1435140955257897,
anomaly,2025-01-01 00:02:38,ADCS,0.7170739247402321,0,0.2613451368155018,
anomaly,2025-01-01 00:02:39,ADCS,0.8261022435530695,0,0.3010816547864033,
anomaly,2025-01-01 00:02:40,ADCS,0.5827782194684896,0,0.21239965399001443,
anomaly,2025-01-01 00:02:41,ADCS,1.2731718555478033,0,0.46402087887706234,
anomaly,2025-01-01 00:02:42,ADCS,2.5269000255281235,0,0.9209553019655219,
anomaly,2025-01-01 00:02:43,ADCS,0.628871384715809,0,0.22919879304974816,
anomaly,2025-01-01 00:02:44,ADCS,1.141276281422323,0,0.4159501491016489,
anomaly,2025-01-01 00:02:45,ADCS,1.3683818741208802,0,0.4987211719315075,
anomaly,2025-01-01 00:02:46,ADCS,0.8844407169876202,0,0.3223437252582635,
anomaly,2025-01-01 00:02:47,ADCS,1.7677285151153388,0,0.6442672571071971,
anomaly,2025-01-01 00:02:48,ADCS,0.6383205475639989,0,0.2326426398724405,
anomaly,2025-01-01 00:02:49,ADCS,1.8365640618563837,0,0.6693550963942347,
anomaly,2025-01-01 00:02:50,ADCS,0.7047838773895919,0,0.2568658997445323,
anomaly,2025-01-01 00:02:51,ADCS,0.816899702305158,0,0.29772769180084785,
anomaly,2025-01-01 00:02:52,ADCS,0.7812287763812686,0,0.2847270475237719,
anomaly,2025-01-01 00:02:53,ADCS,0.9414513359843281,0,0.34312184520876726,
anomaly,2025-01-01 00:02:54,ADCS,0.5778497747061057,0,0.21060343044000948,
anomaly,2025-01-01 00:02:55,ADCS,1.97357316848654,0,0.7192895068947968,
anomaly,2025-01-01 00:02:56,ADCS,0.6987647698193669,0,0.2546721726584197,
anomaly,2025-01-01 00:02:57,ADCS,2.346417387444694,0,0.8551765055048588,
anomaly,2025-01-01 00:02:58,ADCS,1.4743968693207086,0,0.5373594524059103,
anomaly,2025-01-01 00:02:59,ADCS,0.7803229150106423,0,0.2843968968159101,
anomaly,2025-01-01 00:03:00,ADCS,0.8129975301551047,0,0.2963055041026928,
anomaly,2025-01-01 00:03:01,ADCS,1.3193469956068862,0,0.4808498945194699,
anomaly,2025-01-01 00:03:02,ADCS,0.8869983928170942,0,0.3232758971257955,
anomaly,2025-01-01 00:03:03,ADCS,0.5896560725079502,0,0.21490635989798046,
anomaly,2025-01-01 00:03:04,ADCS,0.530860820022934,0,0.19347781149501772,
anomaly,2025-01-01 00:03:05,ADCS,1.094553443259748,0,0.3989215191226266,
anomaly,2025-01-01 00:03:06,ADCS,1.4796074325160267,0,0.5392584969872058,
anomaly,2025-01-01 00:03:07,ADCS,0.8581585448331546,0,0.31276491107950827,
anomaly,2025-01-01 00:03:08,ADCS,0.17949402954270074,0,0.06541848767600421,
anomaly,2025-01-01 00:03:09,ADCS,1.6761213444977732,0,0.610880059898762,
anomaly,2025-01-01 00:03:10,ADCS,0.3554214596355832,0,0.12953709065529947,
anomaly,2025-01-01 00:03:11,ADCS,1.9274804969947554,0,0.7024905477894628,
anomaly,2025-01-01 00:03:12,ADCS,0.18640577107498782,0,0.0679375446017505,
anomaly,2025-01-01 00:03:13,ADCS,1.3559696382096005,0,0.4941974019539633,
anomaly,2025-01-01 00:03:14,ADCS,1.1228928349989884,0,0.4092501086248079,
anomaly,2025-01-01 00:03:15,ADCS,0.9728789325950017,0,0.35457596346996934,
anomaly,2025-01-01 00:03:16,ADCS,1.8417532241386267,0,0.6712463411875829,
anomaly,2025-01-01 00:03:17,ADCS,0.6702259363759435,0,0.24427089452865336,
anomaly,2025-01-01 00:03:18,ADCS,0.5451020804742177,0,0.1986681887108874,
anomaly,2025-01-01 00:03:19,ADCS,0.5940135584986097,0,0.21649449151608818,
anomaly,2025-01-01 00:00:00,COM,0.0,0,0.0,
anomaly,2025-01-01 00:00:01,COM,0.0,0,0.0,
anomaly,2025-01-01 00:00:02,COM,0.0,0,0.0,
anomaly,2025-01-01 00:00:03,COM,0.0,0,0.0,
anomaly,2025-01-01 00:00:04,COM,0.0,0,0.0,
anomaly,2025-01-01 00:00:05,COM,0.0,0,0.0,
anomaly,2025-01-01 00:00:06,COM,0.0,0,0.0,
anomaly,2025-01-01 00:00:07,COM,0.0,0,0.0,
anomaly,2025-01-01 00:00:08,COM,0.0,0,0.0,
anomaly,2025-01-01 00:00:09,COM,1.5157811750680854,0,0.48484910421197785,
anomaly,2025-01-01 00:00:10,COM,1.0981488007104938,0,0.35126208919438845,
anomaly,2025-01-01 00:00:11,COM,0.5044104044992309,0,0.16134448481039376,
anomaly,2025-01-01 00:00:12,COM,1.8592108379855439,0,0.594701084935958,
anomaly,2025-01-01 00:00:13,COM,1.5204016057070406,0,0.48632702971548625,
anomaly,2025-01-01 00:00:14,COM,1.303150544276935,0,0.4168354802385265,
anomaly,2025-01-01 00:00:15,COM,0.49605723217927195,0,0.1586725766330947,
anomaly,2025-01-01 00:00:16,COM,1.386015704545997,0,0.4433413502068826,
anomaly,2025-01-01 00:00:17,COM,1.1128338994614178,0,0.3559593747206651,
anomaly,2025-01-01 00:00:18,COM,0.8794073769576773,0,0.2812938212774565,
anomaly,2025-01-01 00:00:19,COM,0.0115655695361219,0,0.0036994495785568553,
anomaly,2025-01-01 00:00:20,COM,0.10409361451664718,0,0.0332961621259852,
anomaly,2025-01-01 00:00:21,COM,1.1727764836802845,0,0.3751330580601241,
anomaly,2025-01-01 00:00:22,COM,0.4922244598059807,0,0.1574465973938716,
anomaly,2025-01-01 00:00:23,COM,1.9481312542503382,0,0.6231438343784724,
anomaly,2025-01-01 00:00:24,COM,1.38180671366787,0,0.44199503090270953,
anomaly,2025-01-01 00:00:25,COM,0.06899508921646062,0,0.022069285297809448,
anomaly,2025-01-01 00:00:26,COM,0.5139561335370925,0,0.16439785309942107,
anomaly,2025-01-01 00:00:27,COM,0.4098702273206354,0,0.1311041566079903,
anomaly,2025-01-01 00:00:28,COM,0.17070738100690863,0,0.05460373972506601,
anomaly,2025-01-01 00:00:29,COM,1.6783472708707678,0,0.5368487115574304,
anomaly,2025-01-01 00:00:30,COM,0.768774792959758,0,0.24590605546380717,
anomaly,2025-01-01 00:00:31,COM,2.1848306789307426,0,0.6988562827921623,
anomaly,2025-01-01 00:00:32,COM,0.06863702515573525,0,0.021954752249142048,
anomaly,2025-01-01 00:00:33,COM,0.33776970733276074,0,0.10804154499601495,
anomaly,2025-01-01 00:00:34,COM,0.9069296222276368,0,0.2900972925070308,
anomaly,2025-01-01 00:00:35,COM,1.3513405487743866,0,0.4322498955227848,
anomaly,2025-01-01 00:00:36,COM,1.6652334245718883,0,0.5326540185929267,
anomaly,2025-01-01 00:00:37,COM,1.810022327131341,0,0.5789672799399234,
anomaly,2025-01-01 00:00:38,COM,0.04475065182692839,0,0.014314278213815227,
anomaly,2025-01-01 00:00:39,COM,0.8091855027491515,0,0.25883212735612865,
anomaly,2025-01-01 00:00:40,COM,1.4296878073846746,0,0.45731063567411706,
anomaly,2025-01-01 00:00:41,COM,0.8009113582285271,0,0.25618549760182724,
anomaly,2025-01-01 00:00:42,COM,0.8023403103526704,0,0.2566425729163571,
anomaly,2025-01-01 00:00:43,COM,0.3740186235862996,0,0.11963639447908357,
anomaly,2025-01-01 00:00:44,COM,0.5100657853424091,0,0.1631534572273189,
anomaly,2025-01-01 00:00:45,COM,0.6182669265935974,0,0.19776348357759066,
anomaly,2025-01-01 00:00:46,COM,0.36299576857959376,0,0.11611054162923552,
anomaly,2025-01-01 00:00:47,COM,1.9676107708930743,0,0.6293746982723248,
anomaly,2025-01-01 00:00:48,COM,1.2328743216734745,0,0.3943564020330864,
anomaly,2025-01-01 00:00:49,COM,1.1058262693409575,0,0.3537178617355197,
anomaly,2025-01-01 00:00:50,COM,0.9811334136919905,0,0.3138326722652655,
anomaly,2025-01-01 00:00:51,COM,0.09085766780219501,0,0.029062413209284637,
anomaly,2025-01-01 00:00:52,COM,0.19317152168391902,0,0.06178928778654732,
anomaly,2025-01-01 00:00:53,COM,0.056174866698905035,0,0.01796851303221125,
anomaly,2025-01-01 00:00:54,COM,0.9170883517439511,0,0.293346739714142,
anomaly,2025-01-01 00:00:55,COM,1.0289405863480745,0,0.32912463209328524,
anomaly,2025-01-01 00:00:56,COM,0.3269520337747365,0,0.1045813230190333,
anomaly,2025-01-01 00:00:57,COM,0.9632076076552766,0,0.30809878986711,
anomaly,2025-01-01 00:00:58,COM,0.27438640071493536,0,0.08776728645453032,
anomaly,2025-01-01 00:00:59,COM,0.7217123824072815,0,0.2308523208128279,
anomaly,2025-01-01 00:01:00,COM,0.5570037419270454,0,0.17816738310126926,
anomaly,2025-01-01 00:01:01,COM,3.12629467993279,0,1.0,
anomaly,2025-01-01 00:01:02,COM,0.9345259464276428,0,0.29892445917725624,
anomaly,2025-01-01 00:01:03,COM,1.926853612156398,0,0.616337808628399,
anomaly,2025-01-01 00:01:04,COM,0.5476642006518673,0,0.1751799675722319,
anomaly,2025-01-01 00:01:05,COM,1.253909939703204,0,0.4010850121557194,
anomaly,2025-01-01 00:01:06,COM,1.3721793138359117,0,0.43891553878261125,
anomaly,2025-01-01 00:01:07,COM,0.9779020386407224,0,0.3127990604717229,
anomaly,2025-01-01 00:01:08,COM,0.5585488616054033,0,0.17866161663858607,
anomaly,2025-01-01 00:01:09,COM,0.21018064577524523,0,0.06722995344116561,
anomaly,2025-01-01 00:01:10,COM,0.1486707624480491,0,0.04755494208602411,
anomaly,2025-01-01 00:01:11,COM,0.3570178738365404,0,0.11419840750399628,
anomaly,2025-01-01 00:01:12,COM,0.0001711385279044697,0,5.474164959655974e-05,
anomaly,2025-01-01 00:01:13,COM,1.3434133099484442,0,0.4297142296187272,
anomaly,2025-01-01 00:01:14,COM,0.9524033581553636,0,0.3046428618097634,
anomaly,2025-01-01 00:01:15,COM,0.5419360614788357,0,0.17334772213171099,
anomaly,2025-01-01 00:01:16,COM,1.571572338496075,0,0.5026948830459773,
anomaly,2025-01-01 00:01:17,COM,0.45360478800089676,0,0.14509342030759828,
anomaly,2025-01-01 00:01:18,COM,1.4068523243499071,0,0.4500063072685624,
anomaly,2025-01-01 00:01:19,COM,0.7619383166625203,0,0.2437192890207332,
anomaly,2025-01-01 00:01:20,COM,0.38969537893369083,0,0.124650878701578,
anomaly,2025-01-01 00:01:21,COM,0.39465530010049843,0,0.12623739618460497,
anomaly,2025-01-01 00:01:22,COM,0.3625185550629926,0,0.11595789654441215,
anomaly,2025-01-01 00:01:23,COM,1.9773780966772556,0,0.6324989481541022,
anomaly,2025-01-01 00:01:24,COM,0.3538606990016563,0,0.11318852994665994,
anomaly,2025-01-01 00:01:25,COM,0.40198055804058413,0,0.12858050797988949,
anomaly,2025-01-01 00:01:26,COM,0.97627925018533,0,0.3122799832184464,
anomaly,2025-01-01 00:01:27,COM,0.19103340255120724,0,0.06110537300831607,
anomaly,2025-01-01 00:01:28,COM,0.28766465269275737,0,0.09201456744920208,
anomaly,2025-01-01 00:01:29,COM,0.24133304153350105,0,0.07719459175828214,
anomaly,2025-01-01 00:01:30,COM,0.11972933924477203,0,0.038297521987705266,
anomaly,2025-01-01 00:01:31,COM,0.11549699297392127,0,0.03694373205292479,
anomaly,2025-01-01 00:01:32,COM,0.662711852365686,0,0.21197996996877247,
anomaly,2025-01-01 00:01:33,COM,0.019328650472556618,0,0.006182606712228468,
anomaly,2025-01-01 00:01:34,COM,0.6585357613004168,0,0.21064417424482013,
anomaly,2025-01-01 00:01:35,COM,0.1509795931675399,0,0.048293461949270144,
anomaly,2025-01-01 00:01:36,COM,0.0069703661535126405,0,0.002229593453955048,
anomaly,2025-01-01 00:01:37,COM,2.167675336292922,0,0.6933688465795947,
anomaly,2025-01-01 00:01:38,COM,0.8603620143080913,0,0.27520182912718505,
anomaly,2025-01-01 00:01:39,COM,0.2829764906901514,0,0.09051497688510761,
anomaly,2025-01-01 00:01:40,COM,0.9931078720318895,0,0.317662912074955,
anomaly,2025-01-01 00:01:41,COM,2.883871644430473,0,0.9224567546180488,
anomaly,2025-01-01 00:01:42,COM,1.9715006635518495,0,0.6306189484333042,
anomaly,2025-01-01 00:01:43,COM,0.17215178291567346,0,0.05506575692326432,
anomaly,2025-01-01 00:01:44,COM,1.000159290366151,0,0.31991843148568855,
anomaly,2025-01-01 00:01:45,COM,1.0163384473081578,0,0.32509361764003875,
anomaly,2025-01-01 00:01:46,COM,0.55660332760555,0,0.17803930358142564,
anomaly,2025-01-01 00:01:47,COM,1.0486349323011384,0,0.3354242128971931,
anomaly,2025-01-01 00:01:48,COM,0.6098531263303414,0,0.19507218249287114,
anomaly,2025-01-01 00:01:49,COM,1.8307408367714162,0,0.585594457401173,
anomaly,2025-01-01 00:01:50,COM,0.20100735887161633,0,0.0642957172789411,
anomaly,2025-01-01 00:01:51,COM,0.1956574685671592,0,0.06258446135070207,
anomaly,2025-01-01 00:01:52,COM,0.8163912958320625,0,0.26113702622863866,
anomaly,2025-01-01 00:01:53,COM,0.45205144754867504,0,0.14459655721206466,
anomaly,2025-01-01 00:01:54,COM,0.10956694847939868,0,0.035046903666085046,
anomaly,2025-01-01 00:01:55,COM,0.3004495064413395,0,0.09610402639580944,
anomaly,2025-01-01 00:01:56,COM,2.140409285092601,0,0.6846473235013841,
anomaly,2025-01-01 00:01:57,COM,0.122924830099812,0,0.03931965559384014,
anomaly,2025-01-01 00:01:58,COM,0.12448597470806917,0,0.03981901498509584,
anomaly,2025-01-01 00:01:59,COM,0.8929082876728712,0,0.28561232356127964,
anomaly,2025-01-01 00:02:00,COM,0.9349626879987466,0,0.2990641586028757,
anomaly,2025-01-01 00:02:01,COM,1.0068561929449888,0,0.3220605528352287,
anomaly,2025-01-01 00:02:02,COM,0.4781951490672795,0,0.15295907712626752,
anomaly,2025-01-01 00:02:03,COM,1.3184061643138671,0,0.42171525697066103,
anomaly,2025-01-01 00:02:04,COM,1.4223124785835373,0,0.4549515078387027,
anomaly,2025-01-01 00:02:05,COM,1.3334654794515564,0,0.4265322421494264,
anomaly,2025-01-01 00:02:06,COM,0.07788981737054443,0,0.02491441957487479,
anomaly,2025-01-01 00:02:07,COM,0.9576051646436272,0,0.3063067505409356,
anomaly,2025-01-01 00:02:08,COM,0.26807003033014964,0,0.08574688497883785,
anomaly,2025-01-01 00:02:09,COM,0.1304442396283858,0,0.041724870168409756,
anomaly,2025-01-01 00:02:10,COM,0.11676688677561282,0,0.03734992978273024,
anomaly,2025-01-01 00:02:11,COM,0.21971948466966798,0,0.07028111779737653,
anomaly,2025-01-01 00:02:12,COM,1.3794867786468061,0,0.44125295913450574,
anomaly,2025-01-01 00:02:13,COM,0.19707748024816268,0,0.06303867690821759,
anomaly,2025-01-01 00:02:14,COM,0.49312054260129473,0,0.15773322513919127,
anomaly,2025-01-01 00:02:15,COM,0.7151263686831404,0,0.2287456692017639,
anomaly,2025-01-01 00:02:16,COM,0.9196590847878203,0,0.2941690336138087,
anomaly,2025-01-01 00:02:17,COM,1.5657725140453775,0,0.5008397078163594,
anomaly,2025-01-01 00:02:18,COM,0.32940933069129325,0,0.10536733239055218,
anomaly,2025-01-01 00:02:19,COM,0.44058064923785734,0,0.14092742186649182,
anomaly,2025-01-01 00:02:20,COM,0.6013654171913458,0,0.19235724036234297,
anomaly,2025-01-01 00:02:21,COM,1.105563381084515,0,0.3536337723314945,
anomaly,2025-01-01 00:02:22,COM,0.4780200578911286,0,0.15290307115303833,
anomaly,2025-01-01 00:02:23,COM,0.16316025958685404,0,0.052189661017611334,
anomaly,2025-01-01 00:02:24,COM,0.4714671901686127,0,0.1508070218699756,
anomaly,2025-01-01 00:02:25,COM,0.2628415316701621,0,0.08407445828996925,
anomaly,2025-01-01 00:02:26,COM,1.3945348845591499,0,0.44606635884661067,
anomaly,2025-01-01 00:02:27,COM,1.6846329875387405,0,0.5388593079059831,
anomaly,2025-01-01 00:02:28,COM,1.3824193606745574,0,0.44219099675667073,
anomaly,2025-01-01 00:02:29,COM,1.0704302667210246,0,0.3423958315868154,
anomaly,2025-01-01 00:02:30,COM,1.186324818472373,0,0.37946672976389956,
anomaly,2025-01-01 00:02:31,COM,2.207212441982502,0,0.7060154809302727,
anomaly,2025-01-01 00:02:32,COM,0.7439752855967008,0,0.23797349954633673,
anomaly,2025-01-01 00:02:33,COM,1.3495406097164009,0,0.4316741535527334,
anomaly,2025-01-01 00:02:34,COM,1.3849101463772808,0,0.4429877181018182,
anomaly,2025-01-01 00:02:35,COM,0.7822999500593453,0,0.2502323133774975,
anomaly,2025-01-01 00:02:36,COM,0.757651038057036,0,0.2423479280185207,
anomaly,2025-01-01 00:02:37,COM,1.8639516037770552,0,0.5962175017414311,
anomaly,2025-01-01 00:02:38,COM,0.7006429833144444,0,0.2241129052266778,
anomaly,2025-01-01 00:02:39,COM,0.4820959077753865,0,0.1542068029830607,
anomaly,2025-01-01 00:02:40,COM,2.30911112779957,0,0.7386095567450512,
anomaly,2025-01-01 00:02:41,COM,1.8598851708024433,0,0.5949167820745636,
anomaly,2025-01-01 00:02:42,COM,1.422399704444462,0,0.4549794085549994,
anomaly,2025-01-01 00:02:43,COM,1.5971333634758382,0,0.5108710236842336,
anomaly,2025-01-01 00:02:44,COM,0.7797883100440088,0,0.24942892141593412,
anomaly,2025-01-01 00:02:45,COM,1.94383504103454,0,0.6217696154849769,
anomaly,2025-01-01 00:02:46,COM,1.0065797444297113,0,0.32197212594538627,
anomaly,2025-01-01 00:02:47,COM,0.2778074229062772,0,0.08886156020079641,
anomaly,2025-01-01 00:02:48,COM,0.28821729328902673,0,0.09219133920389837,
anomaly,2025-01-01 00:02:49,COM,0.538594949354299,0,0.17227900901711474,
anomaly,2025-01-01 00:02:50,COM,0.4403153927855242,0,0.14084257495361574,
anomaly,2025-01-01 00:02:51,COM,0.014591087887331003,0,0.004667214508276835,
anomaly,2025-01-01 00:02:52,COM,0.13174171021707473,0,0.04213988881556967,
anomaly,2025-01-01 00:02:53,COM,0.2720421706027824,0,0.0870174434767713,
anomaly,2025-01-01 00:02:54,COM,0.8689967371611477,0,0.2779637961639079,
anomaly,2025-01-01 00:02:55,COM,0.439796839024131,0,0.14067670646888153,
anomaly,2025-01-01 00:02:56,COM,1.6432386350855008,0,0.5256186007138737,
anomaly,2025-01-01 00:02:57,COM,0.21971823067727644,0,0.07028071668599072,
anomaly,2025-01-01 00:02:58,COM,0.9879097876647722,0,0.31600021392929295,
anomaly,2025-01-01 00:02:59,COM,1.0537766041731857,0,0.33706886652023477,
anomaly,2025-01-01 00:03:00,COM,0.0915038541253901,0,0.02926910719988727,
anomaly,2025-01-01 00:03:01,COM,1.1601378665037478,0,0.37109037543725365,
anomaly,2025-01-01 00:03:02,COM,0.7352075328538107,0,0.23516898057403096,
anomaly,2025-01-01 00:03:03,COM,1.442250638815632,0,0.46132907690155356,
anomaly,2025-01-01 00:03:04,COM,0.9039359074748431,0,0.2891397005141806,
anomaly,2025-01-01 00:03:05,COM,0.7733192870761273,0,0.2473596913432205,
anomaly,2025-01-01 00:03:06,COM,0.9071621895812322,0,0.29017168324028064,
anomaly,2025-01-01 00:03:07,COM,0.24830936475075682,0,0.07942609068320297,
anomaly,2025-01-01 00:03:08,COM,0.42698818396102994,0,0.13657963425578598,
anomaly,2025-01-01 00:03:09,COM,0.888816153395309,0,0.28430338288341295,
anomaly,2025-01-01 00:03:10,COM,0.05631466157732411,0,0.018013228867643012,
anomaly,2025-01-01 00:03:11,COM,1.1684945013012884,0,0.3737633911485302,
anomaly,2025-01-01 00:03:12,COM,0.5078150947845966,0,0.16243353451105697,
anomaly,2025-01-01 00:03:13,COM,0.3059182994224188,0,0.09785331542354656,
anomaly,2025-01-01 00:03:14,COM,1.3398767971539198,0,0.4285830141842946,
anomaly,2025-01-01 00:03:15,COM,0.43532804816142895,0,0.13924728559842214,
anomaly,2025-01-01 00:03:16,COM,0.05194727917864797,0,0.016616245266989592,
anomaly,2025-01-01 00:03:17,COM,0.5336411081616131,0,0.1706944363200866,
anomaly,2025-01-01 00:03:18,COM,0.24817256422988743,0,0.07938233264537388,
anomaly,2025-01-01 00:03:19,COM,1.2406002813761883,0,0.39682768529128515,
anomaly,2025-01-01 00:00:00,Thermal,0.0,0,0.0,
anomaly,2025-01-01 00:00:01,Thermal,0.0,0,0.0,
anomaly,2025-01-01 00:00:02,Thermal,0.0,0,0.0,
anomaly,2025-01-01 00:00:03,Thermal,0.0,0,0.0,
anomaly,2025-01-01 00:00:04,Thermal,0.0,0,0.0,
anomaly,2025-01-01 00:00:05,Thermal,0.0,0,0.0,
anomaly,2025-01-01 00:00:06,Thermal,0.0,0,0.0,
anomaly,2025-01-01 00:00:07,Thermal,0.0,0,0.0,
anomaly,2025-01-01 00:00:08,Thermal,0.0,0,0.0,
anomaly,2025-01-01 00:00:09,Thermal,2.134888871063283,0,0.2805809652401856,
anomaly,2025-01-01 00:00:10,Thermal,1.2280012111458685,0,0.16139189716597263,
anomaly,2025-01-01 00:00:11,Thermal,0.5685601340337914,0,0.07472386659865714,
anomaly,2025-01-01 00:00:12,Thermal,0.5685474565229698,0,0.07472220043782254,
anomaly,2025-01-01 00:00:13,Thermal,1.2457931257513837,0,0.16373022617276542,
anomaly,2025-01-01 00:00:14,Thermal,0.14623874157466166,0,0.019219645491942026,
anomaly,2025-01-01 00:00:15,Thermal,1.5335128939928724,0,0.2015442273538538,
anomaly,2025-01-01 00:00:16,Thermal,0.6475430147214684,0,0.08510430990939559,
anomaly,2025-01-01 00:00:17,Thermal,0.4524402649287441,0,0.05946263900097372,
anomaly,2025-01-01 00:00:18,Thermal,0.84350954607031,0,0.1108595046016814,
anomaly,2025-01-01 00:00:19,Thermal,2.2732364597269266,0,0.2987635041498405,
anomaly,2025-01-01 00:00:20,Thermal,1.1509358093729798,0,0.15126346139156605,
anomaly,2025-01-01 00:00:21,Thermal,0.3925234134489332,0,0.05158797711565264,
anomaly,2025-01-01 00:00:22,Thermal,0.7115086925423333,0,0.09351109485660562,
anomaly,2025-01-01 00:00:23,Thermal,0.4640532099611708,0,0.06098888768334971,
anomaly,2025-01-01 00:00:24,Thermal,0.18497529404968327,0,0.02431065487928568,
anomaly,2025-01-01 00:00:25,Thermal,0.1209453771031783,0,0.01589542720883953,
anomaly,2025-01-01 00:00:26,Thermal,0.0747325439957742,0,0.009821836449381822,
anomaly,2025-01-01 00:00:27,Thermal,0.14349334446892745,0,0.0188588275681918,
anomaly,2025-01-01 00:00:28,Thermal,1.1195877111091703,0,0.14714349065748136,
anomaly,2025-01-01 00:00:29,Thermal,2.2894805007086823,0,0.30089840154887565,
anomaly,2025-01-01 00:00:30,Thermal,0.6720583912334339,0,0.08832627996047746,
anomaly,2025-01-01 00:00:31,Thermal,1.4738305863960175,0,0.19370039074940001,
anomaly,2025-01-01 00:00:32,Thermal,0.110073801129515,0,0.01446661406464377,
anomaly,2025-01-01 00:00:33,Thermal,2.4593529360126634,0,0.32322414061254573,
anomaly,2025-01-01 00:00:34,Thermal,0.8595391628799709,0,0.11296622098296306,
anomaly,2025-01-01 00:00:35,Thermal,1.4891329961556923,0,0.19571153285570178,
anomaly,2025-01-01 00:00:36,Thermal,1.459902491282391,0,0.19186987000243858,
anomaly,2025-01-01 00:00:37,Thermal,0.6594588202572459,0,0.08667036248672606,
anomaly,2025-01-01 00:00:38,Thermal,0.4151285819211667,0,0.05455889521603945,
anomaly,2025-01-01 00:00:39,Thermal,1.3918564625874006,0,0.18292681883439685,
anomaly,2025-01-01 00:00:40,Thermal,0.5285695354707413,0,0.06946804232722097,
anomaly,2025-01-01 00:00:41,Thermal,0.35363396489383114,0,0.046476873132139655,
anomaly,2025-01-01 00:00:42,Thermal,0.7114821832166675,0,0.09350761082880257,
anomaly,2025-01-01 00:00:43,Thermal,1.1090875577750028,0,0.14576349228960223,
anomaly,2025-01-01 00:00:44,Thermal,0.7370382330934206,0,0.09686635293446283,
anomaly,2025-01-01 00:00:45,Thermal,1.2669894125804624,0,0.1665159798944796,
anomaly,2025-01-01 00:00:46,Thermal,0.03306506937832022,0,0.004345626232658265,
anomaly,2025-01-01 00:00:47,Thermal,0.8157282361321709,0,0.10720830436183117,
anomaly,2025-01-01 00:00:48,Thermal,0.18094781072327942,0,0.02378133685504195,
anomaly,2025-01-01 00:00:49,Thermal,1.5606306947190964,0,0.2051082249024313,
anomaly,2025-01-01 00:00:50,Thermal,0.3027971732317443,0,0.03979557169879693,
anomaly,2025-01-01 00:00:51,Thermal,0.7920319335623686,0,0.10409398232953389,
anomaly,2025-01-01 00:00:52,Thermal,1.9455789445835532,0,0.2557006248059895,
anomaly,2025-01-01 00:00:53,Thermal,0.35589391635176637,0,0.04677389063504491,
anomaly,2025-01-01 00:00:54,Thermal,1.1678501976853741,0,0.15348646019186205,
anomaly,2025-01-01 00:00:55,Thermal,1.1894129986030564,0,0.15632038357624503,
anomaly,2025-01-01 00:00:56,Thermal,1.5678281892547519,0,0.2060541663945144,
anomaly,2025-01-01 00:00:57,Thermal,0.3600547379322858,0,0.04732073283890768,
anomaly,2025-01-01 00:00:58,Thermal,0.7187487737251108,0,0.0944626333625276,
anomaly,2025-01-01 00:00:59,Thermal,0.08688152207418574,0,0.01141853407712524,
anomaly,2025-01-01 00:01:00,Thermal,0.5070098070473189,0,0.06663452274999478,
anomaly,2025-01-01 00:01:01,Thermal,0.026965750712455664,0,0.00354401414793958,
anomaly,2025-01-01 00:01:02,Thermal,0.47279953174564127,0,0.06213838611479066,
anomaly,2025-01-01 00:01:03,Thermal,0.9258986097870188,0,0.12168761061516019,
anomaly,2025-01-01 00:01:04,Thermal,0.1326033263617683,0,0.017427590638998385,
anomaly,2025-01-01 00:01:05,Thermal,1.3614530828256126,0,0.1789310091434326,
anomaly,2025-01-01 00:01:06,Thermal,0.12478171423818539,0,0.01639962355878394,
anomaly,2025-01-01 00:01:07,Thermal,0.8798681870072346,0,0.11563799340602966,
anomaly,2025-01-01 00:01:08,Thermal,0.7376121436292997,0,0.09694177998563214,
anomaly,2025-01-01 00:01:09,Thermal,1.1954652815238869,0,0.1571158139177726,
anomaly,2025-01-01 00:01:10,Thermal,1.0196882520154003,0,0.1340140547231687,
anomaly,2025-01-01 00:01:11,Thermal,0.5245891354909304,0,0.06894491230227447,
anomaly,2025-01-01 00:01:12,Thermal,1.1422408918413818,0,0.15012071884099737,
anomaly,2025-01-01 00:01:13,Thermal,0.3625944829317332,0,0.04765452262678266,
anomaly,2025-01-01 00:01:14,Thermal,1.109647563465208,0,0.145837091875617,
anomaly,2025-01-01 00:01:15,Thermal,0.08257504124669651,0,0.010852548388716327,
anomaly,2025-01-01 00:01:16,Thermal,2.1078180610160446,0,0.27702314351192636,
anomaly,2025-01-01 00:01:17,Thermal,0.2700611071574224,0,0.03549318521779706,
anomaly,2025-01-01 00:01:18,Thermal,0.06241353740413144,0,0.008202792569799541,
anomaly,2025-01-01 00:01:19,Thermal,0.39156883455781455,0,0.05146252015613672,
anomaly,2025-01-01 00:01:20,Thermal,0.025543921859851604,0,0.0033571481628865496,
anomaly,2025-01-01 00:01:21,Thermal,0.25400705871921675,0,0.03338325787316625,
anomaly,2025-01-01 00:01:22,Thermal,0.6087203278966553,0,0.0800019801862104,
anomaly,2025-01-01 00:01:23,Thermal,0.8446365108725985,0,0.11100761763758865,
anomaly,2025-01-01 00:01:24,Thermal,0.8799767757305199,0,0.11565226484151586,
anomaly,2025-01-01 00:01:25,Thermal,1.3787049481572131,0,0.18119836136609105,
anomaly,2025-01-01 00:01:26,Thermal,1.7896834937444492,0,0.23521183184544334,
anomaly,2025-01-01 00:01:27,Thermal,0.4244513775602527,0,0.055784157586651256,
anomaly,2025-01-01 00:01:28,Thermal,1.0666320718575935,0,0.14018371650833875,
anomaly,2025-01-01 00:01:29,Thermal,1.9945341424757328,0,0.26213463496187683,
anomaly,2025-01-01 00:01:30,Thermal,0.39779455797347,0,0.05228074517429095,
anomaly,2025-01-01 00:01:31,Thermal,2.257920767844723,0,0.29675061642070555,
anomaly,2025-01-01 00:01:32,Thermal,0.037323898653408086,0,0.004905349244471133,
anomaly,2025-01-01 00:01:33,Thermal,0.7989427489700583,0,0.1050022465881417,
anomaly,2025-01-01 00:01:34,Thermal,0.05930292680576551,0,0.007793975916152752,
anomaly,2025-01-01 00:01:35,Thermal,0.08889585416452728,0,0.011683270687017642,
anomaly,2025-01-01 00:01:36,Thermal,0.9418459612819496,0,0.12378351515432418,
anomaly,2025-01-01 00:01:37,Thermal,0.2743029252229239,0,0.036050672505928784,
anomaly,2025-01-01 00:01:38,Thermal,0.2909530195109389,0,0.038238936068492865,
anomaly,2025-01-01 00:01:39,Thermal,0.3760545104988819,0,0.04942352689587566,
anomaly,2025-01-01 00:01:40,Thermal,0.6360629225734291,0,0.08359552161619564,
anomaly,2025-01-01 00:01:41,Thermal,1.038247475919603,0,0.1364532285029994,
anomaly,2025-01-01 00:01:42,Thermal,0.15618352770764812,0,0.020526653894168995,
anomaly,2025-01-01 00:01:43,Thermal,0.7558813792413983,0,0.09934284162013772,
anomaly,2025-01-01 00:01:44,Thermal,0.5475657589981084,0,0.07196464943659824,
anomaly,2025-01-01 00:01:45,Thermal,0.9345492261453823,0,0.12282453081772947,
anomaly,2025-01-01 00:01:46,Thermal,0.021233130092581595,0,0.002790595902764617,
anomaly,2025-01-01 00:01:47,Thermal,0.030483126446232467,0,0.0040062905183269396,
anomaly,2025-01-01 00:01:48,Thermal,1.0798572642639555,0,0.14192185721493958,
anomaly,2025-01-01 00:01:49,Thermal,0.426640348779605,0,0.05607184640546221,
anomaly,2025-01-01 00:01:50,Thermal,0.09182599986241323,0,0.012068369471010903,
anomaly,2025-01-01 00:01:51,Thermal,0.7939574088198651,0,0.1043470407971746,
anomaly,2025-01-01 00:01:52,Thermal,1.3706273574713228,0,0.18013675192019354,
anomaly,2025-01-01 00:01:53,Thermal,0.46957731305997,0,0.06171490120122215,
anomaly,2025-01-01 00:01:54,Thermal,0.09910857326311541,0,0.013025492580273178,
anomaly,2025-01-01 00:01:55,Thermal,1.5338379882907645,0,0.20158695335853394,
anomaly,2025-01-01 00:01:56,Thermal,1.2315455999881,0,0.16185772377457008,
anomaly,2025-01-01 00:01:57,Thermal,0.3820561442253494,0,0.05021230059122572,
anomaly,2025-01-01 00:01:58,Thermal,0.7197090252071442,0,0.09458883585079485,
anomaly,2025-01-01 00:01:59,Thermal,0.2514805081469746,0,0.033051202182635256,
anomaly,2025-01-01 00:02:00,Thermal,0.02619466107774809,0,0.0034426725385820877,
anomaly,2025-01-01 00:02:01,Thermal,0.5390943274320722,0,0.07085127886355252,
anomaly,2025-01-01 00:02:02,Thermal,0.11141027370978004,0,0.014642261973849015,
anomaly,2025-01-01 00:02:03,Thermal,0.4816823756238241,0,0.06330582716673501,
anomaly,2025-01-01 00:02:04,Thermal,0.01383143126021929,0,0.0018178165553473292,
anomaly,2025-01-01 00:02:05,Thermal,2.2021020167432592,0,0.2894145535113748,
anomaly,2025-01-01 00:02:06,Thermal,1.0467035150495971,0,0.1375645761020999,
anomaly,2025-01-01 00:02:07,Thermal,0.20239605197941513,0,0.02660020406444085,
anomaly,2025-01-01 00:02:08,Thermal,1.3426860740309194,0,0.17646452692337047,
anomaly,2025-01-01 00:02:09,Thermal,0.6300653363011766,0,0.08280727986357375,
anomaly,2025-01-01 00:02:10,Thermal,1.6203138222036533,0,0.21295216926185348,
anomaly,2025-01-01 00:02:11,Thermal,1.2591536171583524,0,0.16548614875302764,
anomaly,2025-01-01 00:02:12,Thermal,0.2905536341780075,0,0.038186446253338766,
anomaly,2025-01-01 00:02:13,Thermal,1.4927857250231698,0,0.19619159821427337,
anomaly,2025-01-01 00:02:14,Thermal,0.08723328096882611,0,0.011464764516342837,
anomaly,2025-01-01 00:02:15,Thermal,0.4259532802433771,0,0.05598154739472964,
anomaly,2025-01-01 00:02:16,Thermal,0.7040003033795043,0,0.0925242935728197,
anomaly,2025-01-01 00:02:17,Thermal,0.3403857992833791,0,0.0447357131378065,
anomaly,2025-01-01 00:02:18,Thermal,0.42571719954040715,0,0.055950520134991806,
anomaly,2025-01-01 00:02:19,Thermal,0.19516180388851603,0,0.025649432181349578,
anomaly,2025-01-01 00:02:20,Thermal,0.18353409279462024,0,0.024121242847244147,
anomaly,2025-01-01 00:02:21,Thermal,0.002912739509244837,0,0.00038281114959866944,
anomaly,2025-01-01 00:02:22,Thermal,0.4992630295849133,0,0.06561639092713314,
anomaly,2025-01-01 00:02:23,Thermal,1.3408359243232855,0,0.17622136822886278,
anomaly,2025-01-01 00:02:24,Thermal,1.0341981516179901,0,0.1359210399958987,
anomaly,2025-01-01 00:02:25,Thermal,1.6892820370155677,0,0.22201642012057923,
anomaly,2025-01-01 00:02:26,Thermal,2.778918653232191,0,0.36522354330298645,
anomaly,2025-01-01 00:02:27,Thermal,0.9820614500621149,0,0.12906889595914553,
anomaly,2025-01-01 00:02:28,Thermal,1.479012635722226,0,0.19438144933824622,
anomaly,2025-01-01 00:02:29,Thermal,0.3070352703564102,0,0.04035256995671008,
anomaly,2025-01-01 00:02:30,Thermal,7.608815762807555,1,1.0,
anomaly,2025-01-01 00:02:31,Thermal,0.22039579984795882,0,0.028965847868898276,
anomaly,2025-01-01 00:02:32,Thermal,0.10000065366582567,0,0.013142735582406416,
anomaly,2025-01-01 00:02:33,Thermal,0.08870305547753249,0,0.011657931831011006,
anomaly,2025-01-01 00:02:34,Thermal,0.15701937522575443,0,0.02063650640527749,
anomaly,2025-01-01 00:02:35,Thermal,0.2586700691658927,0,0.033996101000406766,
anomaly,2025-01-01 00:02:36,Thermal,0.1519693584557139,0,0.01997280039274327,
anomaly,2025-01-01 00:02:37,Thermal,0.10420903388690736,0,0.013695828251787709,
anomaly,2025-01-01 00:02:38,Thermal,0.19909889542245543,0,0.026166870328976202,
anomaly,2025-01-01 00:02:39,Thermal,0.11330700836816568,0,0.01489154316523454,
anomaly,2025-01-01 00:02:40,Thermal,0.12411675628604177,0,0.016312230464658312,
anomaly,2025-01-01 00:02:41,Thermal,0.09311229380926483,0,0.01223742257821572,
anomaly,2025-01-01 00:02:42,Thermal,0.11706291925846854,0,0.015385169375592008,
anomaly,2025-01-01 00:02:43,Thermal,0.17318849590659238,0,0.022761557291628792,
anomaly,2025-01-01 00:02:44,Thermal,0.0619333664220637,0,0.00813968537979307,
anomaly,2025-01-01 00:02:45,Thermal,0.1324280742617042,0,0.01740455786944169,
anomaly,2025-01-01 00:02:46,Thermal,0.12561524100730745,0,0.01650917106198364,
anomaly,2025-01-01 00:02:47,Thermal,0.1715012226867592,0,0.022539804883313072,
anomaly,2025-01-01 00:02:48,Thermal,0.14491237994455605,0,0.019045326429494892,
anomaly,2025-01-01 00:02:49,Thermal,0.1664720700324938,0,0.02187884096842263,
anomaly,2025-01-01 00:02:50,Thermal,0.12966360422320836,0,0.01704123325695616,
anomaly,2025-01-01 00:02:51,Thermal,0.03332507478605351,0,0.004379797832528539,
anomaly,2025-01-01 00:02:52,Thermal,0.18978942206124022,0,0.02494335885867348,
anomaly,2025-01-01 00:02:53,Thermal,0.2003185925721733,0,0.02632717085244003,
anomaly,2025-01-01 00:02:54,Thermal,0.042717365127548014,0,0.005614193648419456,
anomaly,2025-01-01 00:02:55,Thermal,0.13023548745314256,0,0.017116393866407318,
anomaly,2025-01-01 00:02:56,Thermal,0.15426671321510807,0,0.020274733680525556,
anomaly,2025-01-01 00:02:57,Thermal,0.06739232896866741,0,0.008857137703095142,
anomaly,2025-01-01 00:02:58,Thermal,0.15217419489554104,0,0.01999972132843321,
anomaly,2025-01-01 00:02:59,Thermal,0.02862747849074695,0,0.003762409208365926,
anomaly,2025-01-01 00:03:00,Thermal,0.08832447154282654,0,0.011608175870752841,
anomaly,2025-01-01 00:03:01,Thermal,0.14751118869494992,0,0.01938687875924074,
anomaly,2025-01-01 00:03:02,Thermal,0.013130304108277457,0,0.0017256698700025487,
anomaly,2025-01-01 00:03:03,Thermal,0.15455846023368863,0,0.020313076969110177,
anomaly,2025-01-01 00:03:04,Thermal,0.08569823695099921,0,0.01126301905874741,
anomaly,2025-01-01 00:03:05,Thermal,0.11050603108324142,0,0.014523420533245521,
anomaly,2025-01-01 00:03:06,Thermal,0.0607727050650052,0,0.007987143723740375,
anomaly,2025-01-01 00:03:07,Thermal,0.04885174797737986,0,0.0064204140959977975,
anomaly,2025-01-01 00:03:08,Thermal,0.1288108859291475,0,0.016929163478866773,
anomaly,2025-01-01 00:03:09,Thermal,0.16812858710879391,0,0.022096551204540748,
anomaly,2025-01-01 00:03:10,Thermal,0.10463085638620079,0,0.013751266905113411,
anomaly,2025-01-01 00:03:11,Thermal,0.16163258305576864,0,0.021242804149081973,
anomaly,2025-01-01 00:03:12,Thermal,0.024816145550362084,0,0.0032614990721243652,
anomaly,2025-01-01 00:03:13,Thermal,0.12041229346609035,0,0.015825365893950855,
anomaly,2025-01-01 00:03:14,Thermal,0.14583549046120076,0,0.019166647610795787,
anomaly,2025-01-01 00:03:15,Thermal,0.1179368493462055,0,0.015500026945413688,
anomaly,2025-01-01 00:03:16,Thermal,0.1962572955904336,0,0.025793408817933735,
anomaly,2025-01-01 00:03:17,Thermal,0.17630839776348745,0,0.023171595062834314,
anomaly,2025-01-01 00:03:18,Thermal,0.06572570072846459,0,0.008638098592127386,
anomaly,2025-01-01 00:03:19,Thermal,0.1607475860817883,0,0.021126492097171573,
risk,2025-01-01 00:00:00,EPS,0.0,0,0.0,"LOW: EPS anomaly in Launch phase (criticality=0.90, persistence=0.00)"
risk,2025-01-01 00:00:00,ADCS,0.0,0,0.0,"LOW: ADCS anomaly in Launch phase (criticality=0.70, persistence=0.00)"
risk,2025-01-01 00:00:00,COM,0.0,0,0.0,"LOW: COM anomaly in Launch phase (criticality=0.60, persistence=0.00)"
risk,2025-01-01 00:00:00,Thermal,0.0,0,0.0,"LOW: Thermal anomaly in Launch phase (criticality=0.80, persistence=0.00)"
risk,2025-01-01 00:00:01,EPS,0.0,0,0.0,"LOW: EPS anomaly in Launch phase (criticality=0.90, persistence=0.00)"
risk,2025-01-01 00:00:01,ADCS,0.0,0,0.0,"LOW: ADCS anomaly in Launch phase (criticality=0.70, persistence=0.00)"
risk,2025-01-01 00:00:01,COM,0.0,0,0.0,"LOW: COM anomaly in Launch phase (criticality=0.60, persistence=0.00)"
risk,2025-01-01 00:00:01,Thermal,0.0,0,0.0,"LOW: Thermal anomaly in Launch phase (criticality=0.80, persistence=0.00)"
risk,2025-01-01 00:00:02,EPS,0.0,0,0.0,"LOW: EPS anomaly in Launch phase (criticality=0.90, persistence=0.00)"
risk,2025-01-01 00:00:02,ADCS,0.0,0,0.0,"LOW: ADCS anomaly in Launch phase (criticality=0.70, persistence=0.00)"
risk,2025-01-01 00:00:02,COM,0.0,0,0.0,"LOW: COM anomaly in Launch phase (criticality=0.60, persistence=0.00)"
risk,2025-01-01 00:00:02,Thermal,0.0,0,0.0,"LOW: Thermal anomaly in Launch phase (criticality=0.80, persistence=0.00)"
risk,2025-01-01 00:00:03,EPS,0.0,0,0.0,"LOW: EPS anomaly in Launch phase (criticality=0.90, persistence=0.00)"
risk,2025-01-01 00:00:03,ADCS,0.0,0,0.0,"LOW: ADCS anomaly in Launch phase (criticality=0.70, persistence=0.00)"
risk,2025-01-01 00:00:03,COM,0.0,0,0.0,"LOW: COM anomaly in Launch phase (criticality=0.60, persistence=0.00)"
risk,2025-01-01 00:00:03,Thermal,0.0,0,0.0,"LOW: Thermal anomaly in Launch phase (criticality=0.80, persistence=0.00)"
risk,2025-01-01 00:00:04,EPS,0.0,0,0.0,"LOW: EPS anomaly in Launch phase (criticality=0.90, persistence=0.00)"
risk,2025-01-01 00:00:04,ADCS,0.0,0,0.0,"LOW: ADCS anomaly in Launch phase (criticality=0.70, persistence=0.00)"
risk,2025-01-01 00:00:04,COM,0.0,0,0.0,"LOW: COM anomaly in Launch phase (criticality=0.60, persistence=0.00)"
risk,2025-01-01 00:00:04,Thermal,0.0,0,0.0,"LOW: Thermal anomaly in Launch phase (criticality=0.80, persistence=0.00)"
risk,2025-01-01 00:00:05,EPS,0.0,0,0.0,"LOW: EPS anomaly in Launch phase (criticality=0.90, persistence=0.00)"
risk,2025-01-01 00:00:05,ADCS,0.0,0,0.0,"LOW: ADCS anomaly in Launch phase (criticality=0.70, persistence=0.00)"
risk,2025-01-01 00:00:05,COM,0.0,0,0.0,"LOW: COM anomaly in Launch phase (criticality=0.60, persistence=0.00)"
risk,2025-01-01 00:00:05,Thermal,0.0,0,0.0,"LOW: Thermal anomaly in Launch phase (criticality=0.80, persistence=0.00)"
risk,2025-01-01 00:00:06,EPS,0.0,0,0.0,"LOW: EPS anomaly in Launch phase (criticality=0.90, persistence=0.00)"
risk,2025-01-01 00:00:06,ADCS,0.0,0,0.0,"LOW: ADCS anomaly in Launch phase (criticality=0.70, persistence=0.00)"
risk,2025-01-01 00:00:06,COM,0.0,0,0.0,"LOW: COM anomaly in Launch phase (criticality=0.60, persistence=0.00)"
risk,2025-01-01 00:00:06,Thermal,0.0,0,0.0,"LOW: Thermal anomaly in Launch phase (criticality=0.80, persistence=0.00)"
risk,2025-01-01 00:00:07,EPS,0.0,0,0.0,"LOW: EPS anomaly in Launch phase (criticality=0.90, persistence=0.00)"
risk,2025-01-01 00:00:07,ADCS,0.0,0,0.0,"LOW: ADCS anomaly in Launch phase (criticality=0.70, persistence=0.00)"
risk,2025-01-01 00:00:07,COM,0.0,0,0.0,"LOW: COM anomaly in Launch phase (criticality=0.60, persistence=0.00)"
risk,2025-01-01 00:00:07,Thermal,0.0,0,0.0,"LOW: Thermal anomaly in Launch phase (criticality=0.80, persistence=0.00)"
risk,2025-01-01 00:00:08,EPS,0.0,0,0.0,"LOW: EPS anomaly in Launch phase (criticality=0.90, persistence=0.00)"
risk,2025-01-01 00:00:08,ADCS,0.0,0,0.0,"LOW: ADCS anomaly in Launch phase (criticality=0.70, persistence=0.00)"
risk,2025-01-01 00:00:08,COM,0.0,0,0.0,"LOW: COM anomaly in Launch phase (criticality=0.60, persistence=0.00)"
risk,2025-01-01 00:00:08,Thermal,0.0,0,0.0,"LOW: Thermal anomaly in Launch phase (criticality=0.80, persistence=0.00)"
risk,2025-01-01 00:00:09,EPS,0.0,0,0.0,"LOW: EPS anomaly in Launch phase (criticality=0.90, persistence=0.00)"
risk,2025-01-01 00:00:09,ADCS,0.0,0,0.0,"LOW: ADCS anomaly in Launch phase (criticality=0.70, persistence=0.00)"
risk,2025-01-01 00:00:09,COM,0.0,0,0.0,"LOW: COM anomaly in Launch phase (criticality=0.60, persistence=0.00)"
risk,2025-01-01 00:00:09,Thermal,0.0,0,0.0,"LOW: Thermal anomaly in Launch phase (criticality=0.80, persistence=0.00)"
risk,2025-01-01 00:00:10,EPS,0.0,0,0.0,"LOW: EPS anomaly in Deployment phase (criticality=0.85, persistence=0.00)"
risk,2025-01-01 00:00:10,ADCS,0.0,0,0.0,"LOW: ADCS anomaly in Deployment phase (criticality=0.90, persistence=0.00)"
risk,2025-01-01 00:00:10,COM,0.0,0,0.0,"LOW: COM anomaly in Deployment phase (criticality=0.70, persistence=0.00)"
risk,2025-01-01 00:00:10,Thermal,0.0,0,0.0,"LOW: Thermal anomaly in Deployment phase (criticality=0.80, persistence=0.00)"
risk,2025-01-01 00:00:11,EPS,0.0,0,0.0,"LOW: EPS anomaly in Deployment phase (criticality=0.85, persistence=0.00)"
risk,2025-01-01 00:00:11,ADCS,0.0,0,0.0,"LOW: ADCS anomaly in Deployment phase (criticality=0.90, persistence=0.00)"
risk,2025-01-01 00:00:11,COM,0.0,0,0.0,"LOW: COM anomaly in Deployment phase (criticality=0.70, persistence=0.00)"
risk,2025-01-01 00:00:11,Thermal,0.0,0,0.0,"LOW: Thermal anomaly in Deployment phase (criticality=0.80, persistence=0.00)"
risk,2025-01-01 00:00:12,EPS,0.0,0,0.0,"LOW: EPS anomaly in Deployment phase (criticality=0.85, persistence=0.00)"
risk,2025-01-01 00:00:12,ADCS,0.0,0,0.0,"LOW: ADCS anomaly in Deployment phase (criticality=0.90, persistence=0.00)"
risk,2025-01-01 00:00:12,COM,0.0,0,0.0,"LOW: COM anomaly in Deployment phase (criticality=0.70, persistence=0.00)"
risk,2025-01-01 00:00:12,Thermal,0.0,0,0.0,"LOW: Thermal anomaly in Deployment phase (criticality=0.80, persistence=0.00)"
risk,2025-01-01 00:00:13,EPS,0.0,0,0.0,"LOW: EPS anomaly in Deployment phase (criticality=0.85, persistence=0.00)"
risk,2025-01-01 00:00:13,ADCS,0.0,0,0.0,"LOW: ADCS anomaly in Deployment phase (criticality=0.90, persistence=0.00)"
risk,2025-01-01 00:00:13,COM,0.0,0,0.0,"LOW: COM anomaly in Deployment phase (criticality=0.70, persistence=0.00)"
risk,2025-01-01 00:00:13,Thermal,0.0,0,0.0,"LOW: Thermal anomaly in Deployment phase (criticality=0.80, persistence=0.00)"
risk,2025-01-01 00:00:14,EPS,0.0,0,0.0,"LOW: EPS anomaly in Deployment phase (criticality=0.85, persistence=0.00)"
risk,2025-01-01 00:00:14,ADCS,0.0,0,0.0,"LOW: ADCS anomaly in Deployment phase (criticality=0.90, persistence=0.00)"
risk,2025-01-01 00:00:14,COM,0.0,0,0.0,"LOW: COM anomaly in Deployment phase (criticality=0.70, persistence=0.00)"
risk,2025-01-01 00:00:14,Thermal,0.0,0,0.0,"LOW: Thermal anomaly in Deployment phase (criticality=0.80, persistence=0.00)"
risk,2025-01-01 00:00:15,EPS,0.0,0,0.0,"LOW: EPS anomaly in Deployment phase (criticality=0.85, persistence=0.00)"
risk,2025-01-01 00:00:15,ADCS,0.0,0,0.0,"LOW: ADCS anomaly in Deployment phase (criticality=0.90, persistence=0.00)"
risk,2025-01-01 00:00:15,COM,0.0,0,0.0,"LOW: COM anomaly in Deployment phase (criticality=0.70, persistence=0.00)"
risk,2025-01-01 00:00:15,Thermal,0.0,0,0.0,"LOW: Thermal anomaly in Deployment phase (criticality=0.80, persistence=0.00)"
risk,2025-01-01 00:00:16,EPS,0.0,0,0.0,"LOW: EPS anomaly in Deployment phase (criticality=0.85, persistence=0.00)"
risk,2025-01-01 00:00:16,ADCS,0.0,0,0.0,"LOW: ADCS anomaly in Deployment phase (criticality=0.90, persistence=0.00)"
risk,2025-01-01 00:00:16,COM,0.0,0,0.0,"LOW: COM anomaly in Deployment phase (criticality=0.70, persistence=0.00)"
risk,2025-01-01 00:00:16,Thermal,0.0,0,0.0,"LOW: Thermal anomaly in Deployment phase (criticality=0.80, persistence=0.00)"
risk,2025-01-01 00:00:17,EPS,0.0,0,0.0,"LOW: EPS anomaly in Deployment phase (criticality=0.85, persistence=0.00)"
risk,2025-01-01 00:00:17,ADCS,0.0,0,0.0,"LOW: ADCS anomaly in Deployment phase (criticality=0.90, persistence=0.00)"
risk,2025-01-01 00:00:17,COM,0.0,0,0.0,"LOW: COM anomaly in Deployment phase (criticality=0.70, persistence=0.00)"
risk,2025-01-01 00:00:17,Thermal,0.0,0,0.0,"LOW: Thermal anomaly in Deployment phase (criticality=0.80, persistence=0.00)"
risk,2025-01-01 00:00:18,EPS,0.0,0,0.0,"LOW: EPS anomaly in Deployment phase (criticality=0.85, persistence=0.00)"
risk,2025-01-01 00:00:18,ADCS,0.0,0,0.0,"LOW: ADCS anomaly in Deployment phase (criticality=0.90, persistence=0.00)"
risk,2025-01-01 00:00:18,COM,0.0,0,0.0,"LOW: COM anomaly in Deployment phase (criticality=0.70, persistence=0.00)"
risk,2025-01-01 00:00:18,Thermal,0.0,0,0.0,"LOW: Thermal anomaly in Deployment phase (criticality=0.80, persistence=0.00)"
risk,2025-01-01 00:00:19,EPS,0.0,0,0.0,"LOW: EPS anomaly in Deployment phase (criticality=0.85, persistence=0.00)"
risk,2025-01-01 00:00:19,ADCS,0.0,0,0.0,"LOW: ADCS anomaly in Deployment phase (criticality=0.90, persistence=0.00)"
risk,2025-01-01 00:00:19,COM,0.0,0,0.0,"LOW: COM anomaly in Deployment phase (criticality=0.70, persistence=0.00)"
risk,2025-01-01 00:00:19,Thermal,0.0,0,0.0,"LOW: Thermal anomaly in Deployment phase (criticality=0.80, persistence=0.00)"
risk,2025-01-01 00:00:20,EPS,0.0,0,0.0,"LOW: EPS anomaly in Deployment phase (criticality=0.85, persistence=0.00)"
risk,2025-01-01 00:00:20,ADCS,0.0,0,0.0,"LOW: ADCS anomaly in Deployment phase (criticality=0.90, persistence=0.00)"
risk,2025-01-01 00:00:20,COM,0.0,0,0.0,"LOW: COM anomaly in Deployment phase (criticality=0.70, persistence=0.00)"
risk,2025-01-01 00:00:20,Thermal,0.0,0,0.0,"LOW: Thermal anomaly in Deployment phase (criticality=0.80, persistence=0.00)"
risk,2025-01-01 00:00:21,EPS,0.0,0,0.0,"LOW: EPS anomaly in Deployment phase (criticality=0.85, persistence=0.00)"
risk,2025-01-01 00:00:21,ADCS,0.0,0,0.0,"LOW: ADCS anomaly in Deployment phase (criticality=0.90, persistence=0.00)"
risk,2025-01-01 00:00:21,COM,0.0,0,0.0,"LOW: COM anomaly in Deployment phase (criticality=0.70, persistence=0.00)"
risk,2025-01-01 00:00:21,Thermal,0.0,0,0.0,"LOW: Thermal anomaly in Deployment phase (criticality=0.80, persistence=0.00)"
risk,2025-01-01 00:00:22,EPS,0.0,0,0.0,"LOW: EPS anomaly in Deployment phase (criticality=0.85, persistence=0.00)"
risk,2025-01-01 00:00:22,ADCS,0.0,0,0.0,"LOW: ADCS anomaly in Deployment phase (criticality=0.90, persistence=0.00)"
risk,2025-01-01 00:00:22,COM,0.0,0,0.0,"LOW: COM anomaly in Deployment phase (criticality=0.70, persistence=0.00)"
risk,2025-01-01 00:00:22,Thermal,0.0,0,0.0,"LOW: Thermal anomaly in Deployment phase (criticality=0.80, persistence=0.00)"
risk,2025-01-01 00:00:23,EPS,0.0,0,0.0,"LOW: EPS anomaly in Deployment phase (criticality=0.85, persistence=0.00)"
risk,2025-01-01 00:00:23,ADCS,0.0,0,0.0,"LOW: ADCS anomaly in Deployment phase (criticality=0.90, persistence=0.00)"
risk,2025-01-01 00:00:23,COM,0.0,0,0.0,"LOW: COM anomaly in Deployment phase (criticality=0.70, persistence=0.00)"
risk,2025-01-01 00:00:23,Thermal,0.0,0,0.0,"LOW: Thermal anomaly in Deployment phase (criticality=0.80, persistence=0.00)"
risk,2025-01-01 00:00:24,EPS,0.0,0,0.0,"LOW: EPS anomaly in Deployment phase (criticality=0.85, persistence=0.00)"
risk,2025-01-01 00:00:24,ADCS,0.0,0,0.0,"LOW: ADCS anomaly in Deployment phase (criticality=0.90, persistence=0.00)"
risk,2025-01-01 00:00:24,COM,0.0,0,0.0,"LOW: COM anomaly in Deployment phase (criticality=0.70, persistence=0.00)"
risk,2025-01-01 00:00:24,Thermal,0.0,0,0.0,"LOW: Thermal anomaly in Deployment phase (criticality=0.80, persistence=0.00)"
risk,2025-01-01 00:00:25,EPS,0.0,0,0.0,"LOW: EPS anomaly in Deployment phase (criticality=0.85, persistence=0.00)"
risk,2025-01-01 00:00:25,ADCS,0.0,0,0.0,"LOW: ADCS anomaly in Deployment phase (criticality=0.90, persistence=0.00)"
risk,2025-01-01 00:00:25,COM,0.0,0,0.0,"LOW: COM anomaly in Deployment phase (criticality=0.70, persistence=0.00)"
risk,2025-01-01 00:00:25,Thermal,0.0,0,0.0,"LOW: Thermal anomaly in Deployment phase (criticality=0.80, persistence=0.00)"
risk,2025-01-01 00:00:26,EPS,0.0,0,0.0,"LOW: EPS anomaly in Deployment phase (criticality=0.85, persistence=0.00)"
risk,2025-01-01 00:00:26,ADCS,0.0,0,0.0,"LOW: ADCS anomaly in Deployment phase (criticality=0.90, persistence=0.00)"
risk,2025-01-01 00:00:26,COM,0.0,0,0.0,"LOW: COM anomaly in Deployment phase (criticality=0.70, persistence=0.00)"
risk,2025-01-01 00:00:26,Thermal,0.0,0,0.0,"LOW: Thermal anomaly in Deployment phase (criticality=0.80, persistence=0.00)"
risk,2025-01-01 00:00:27,EPS,0.0,0,0.0,"LOW: EPS anomaly in Deployment phase (criticality=0.85, persistence=0.00)"
risk,2025-01-01 00:00:27,ADCS,0.0,0,0.0,"LOW: ADCS anomaly in Deployment phase (criticality=0.90, persistence=0.00)"
risk,2025-01-01 00:00:27,COM,0.0,0,0.0,"LOW: COM anomaly in Deployment phase (criticality=0.70, persistence=0.00)"
risk,2025-01-01 00:00:27,Thermal,0.0,0,0.0,"LOW: Thermal anomaly in Deployment phase (criticality=0.80, persistence=0.00)"
risk,2025-01-01 00:00:28,EPS,0.0,0,0.0,"LOW: EPS anomaly in Deployment phase (criticality=0.85, persistence=0.00)"
risk,2025-01-01 00:00:28,ADCS,0.0,0,0.0,"LOW: ADCS anomaly in Deployment phase (criticality=0.90, persistence=0.00)"
risk,2025-01-01 00:00:28,COM,0.0,0,0.0,"LOW: COM anomaly in Deployment phase (criticality=0.70, persistence=0.00)"
risk,2025-01-01 00:00:28,Thermal,0.0,0,0.0,"LOW: Thermal anomaly in Deployment phase (criticality=0.80, persistence=0.00)"
risk,2025-01-01 00:00:29,EPS,0.0,0,0.0,"LOW: EPS anomaly in Deployment phase (criticality=0.85, persistence=0.00)"
risk,2025-01-01 00:00:29,ADCS,0.0,0,0.0,"LOW: ADCS anomaly in Deployment phase (criticality=0.90, persistence=0.00)"
risk,2025-01-01 00:00:29,COM,0.0,0,0.0,"LOW: COM anomaly in Deployment phase (criticality=0.70, persistence=0.00)"
risk,2025-01-01 00:00:29,Thermal,0.0,0,0.0,"LOW: Thermal anomaly in Deployment phase (criticality=0.80, persistence=0.00)"
risk,2025-01-01 00:00:30,EPS,0.16,0,0.16,"LOW: EPS anomaly in Commissioning phase (criticality=0.80, persistence=0.20)"
risk,2025-01-01 00:00:30,ADCS,0.0,0,0.0,"LOW: ADCS anomaly in Commissioning phase (criticality=0.85, persistence=0.00)"
risk,2025-01-01 00:00:30,COM,0.0,0,0.0,"LOW: COM anomaly in Commissioning phase (criticality=0.75, persistence=0.00)"
risk,2025-01-01 00:00:30,Thermal,0.0,0,0.0,"LOW: Thermal anomaly in Commissioning phase (criticality=0.75, persistence=0.00)"
risk,2025-01-01 00:00:31,EPS,0.16,0,0.16,"LOW: EPS anomaly in Commissioning phase (criticality=0.80, persistence=0.20)"
risk,2025-01-01 00:00:31,ADCS,0.0,0,0.0,"LOW: ADCS anomaly in Commissioning phase (criticality=0.85, persistence=0.00)"
risk,2025-01-01 00:00:31,COM,0.0,0,0.0,"LOW: COM anomaly in Commissioning phase (criticality=0.75, persistence=0.00)"
risk,2025-01-01 00:00:31,Thermal,0.0,0,0.0,"LOW: Thermal anomaly in Commissioning phase (criticality=0.75, persistence=0.00)"
risk,2025-01-01 00:00:32,EPS,0.16,0,0.16,"LOW: EPS anomaly in Commissioning phase (criticality=0.80, persistence=0.20)"
risk,2025-01-01 00:00:32,ADCS,0.0,0,0.0,"LOW: ADCS anomaly in Commissioning phase (criticality=0.85, persistence=0.00)"
risk,2025-01-01 00:00:32,COM,0.0,0,0.0,"LOW: COM anomaly in Commissioning phase (criticality=0.75, persistence=0.00)"
risk,2025-01-01 00:00:32,Thermal,0.0,0,0.0,"LOW: Thermal anomaly in Commissioning phase (criticality=0.75, persistence=0.00)"
risk,2025-01-01 00:00:33,EPS,0.16,0,0.16,"LOW: EPS anomaly in Commissioning phase (criticality=0.80, persistence=0.20)"
risk,2025-01-01 00:00:33,ADCS,0.0,0,0.0,"LOW: ADCS anomaly in Commissioning phase (criticality=0.85, persistence=0.00)"
risk,2025-01-01 00:00:33,COM,0.0,0,0.0,"LOW: COM anomaly in Commissioning phase (criticality=0.75, persistence=0.00)"
risk,2025-01-01 00:00:33,Thermal,0.0,0,0.0,"LOW: Thermal anomaly in Commissioning phase (criticality=0.75, persistence=0.00)"
risk,2025-01-01 00:00:34,EPS,0.16,0,0.16,"LOW: EPS anomaly in Commissioning phase (criticality=0.80, persistence=0.20)"
risk,2025-01-01 00:00:34,ADCS,0.0,0,0.0,"LOW: ADCS anomaly in Commissioning phase (criticality=0.85, persistence=0.00)"
risk,2025-01-01 00:00:34,COM,0.0,0,0.0,"LOW: COM anomaly in Commissioning phase (criticality=0.75, persistence=0.00)"
risk,2025-01-01 00:00:34,Thermal,0.0,0,0.0,"LOW: Thermal anomaly in Commissioning phase (criticality=0.75, persistence=0.00)"
risk,2025-01-01 00:00:35,EPS,0.0,0,0.0,"LOW: EPS anomaly in Commissioning phase (criticality=0.80, persistence=0.00)"
risk,2025-01-01 00:00:35,ADCS,0.0,0,0.0,"LOW: ADCS anomaly in Commissioning phase (criticality=0.85, persistence=0.00)"
risk,2025-01-01 00:00:35,COM,0.0,0,0.0,"LOW: COM anomaly in Commissioning phase (criticality=0.75, persistence=0.00)"
risk,2025-01-01 00:00:35,Thermal,0.0,0,0.0,"LOW: Thermal anomaly in Commissioning phase (criticality=0.75, persistence=0.00)"
risk,2025-01-01 00:00:36,EPS,0.0,0,0.0,"LOW: EPS anomaly in Commissioning phase (criticality=0.80, persistence=0.00)"
risk,2025-01-01 00:00:36,ADCS,0.0,0,0.0,"LOW: ADCS anomaly in Commissioning phase (criticality=0.85, persistence=0.00)"
risk,2025-01-01 00:00:36,COM,0.0,0,0.0,"LOW: COM anomaly in Commissioning phase (criticality=0.75, persistence=0.00)"
risk,2025-01-01 00:00:36,Thermal,0.0,0,0.0,"LOW: Thermal anomaly in Commissioning phase (criticality=0.75, persistence=0.00)"
risk,2025-01-01 00:00:37,EPS,0.0,0,0.0,"LOW: EPS anomaly in Commissioning phase (criticality=0.80, persistence=0.00)"
risk,2025-01-01 00:00:37,ADCS,0.0,0,0.0,"LOW: ADCS anomaly in Commissioning phase (criticality=0.85, persistence=0.00)"
risk,2025-01-01 00:00:37,COM,0.0,0,0.0,"LOW: COM anomaly in Commissioning phase (criticality=0.75, persistence=0.00)"
risk,2025-01-01 00:00:37,Thermal,0.0,0,0.0,"LOW: Thermal anomaly in Commissioning phase (criticality=0.75, persistence=0.00)"
risk,2025-01-01 00:00:38,EPS,0.0,0,0.0,"LOW: EPS anomaly in Commissioning phase (criticality=0.80, persistence=0.00)"
risk,2025-01-01 00:00:38,ADCS,0.0,0,0.0,"LOW: ADCS anomaly in Commissioning phase (criticality=0.85, persistence=0.00)"
risk,2025-01-01 00:00:38,COM,0.0,0,0.0,"LOW: COM anomaly in Commissioning phase (criticality=0.75, persistence=0.00)"
risk,2025-01-01 00:00:38,Thermal,0.0,0,0.0,"LOW: Thermal anomaly in Commissioning phase (criticality=0.75, persistence=0.00)"
risk,2025-01-01 00:00:39,EPS,0.0,0,0.0,"LOW: EPS anomaly in Commissioning phase (criticality=0.80, persistence=0.00)"
risk,2025-01-01 00:00:39,ADCS,0.0,0,0.0,"LOW: ADCS anomaly in Commissioning phase (criticality=0.85, persistence=0.00)"
risk,2025-01-01 00:00:39,COM,0.0,0,0.0,"LOW: COM anomaly in Commissioning phase (criticality=0.75, persistence=0.00)"
risk,2025-01-01 00:00:39,Thermal,0.0,0,0.0,"LOW: Thermal anomaly in Commissioning phase (criticality=0.75, persistence=0.00)"
risk,2025-01-01 00:00:40,EPS,0.0,0,0.0,"LOW: EPS anomaly in Commissioning phase (criticality=0.80, persistence=0.00)"
risk,2025-01-01 00:00:40,ADCS,0.0,0,0.0,"LOW: ADCS anomaly in Commissioning phase (criticality=0.85, persistence=0.00)"
risk,2025-01-01 00:00:40,COM,0.0,0,0.0,"LOW: COM anomaly in Commissioning phase (criticality=0.75, persistence=0.00)"
risk,2025-01-01 00:00:40,Thermal,0.0,0,0.0,"LOW: Thermal anomaly in Commissioning phase (criticality=0.75, persistence=0.00)"
risk,2025-01-01 00:00:41,EPS,0.0,0,0.0,"LOW: EPS anomaly in Commissioning phase (criticality=0.80, persistence=0.00)"
risk,2025-01-01 00:00:41,ADCS,0.0,0,0.0,"LOW: ADCS anomaly in Commissioning phase (criticality=0.85, persistence=0.00)"
risk,2025-01-01 00:00:41,COM,0.0,0,0.0,"LOW: COM anomaly in Commissioning phase (criticality=0.75, persistence=0.00)"
risk,2025-01-01 00:00:41,Thermal,0.0,0,0.0,"LOW: Thermal anomaly in Commissioning phase (criticality=0.75, persistence=0.00)"
risk,2025-01-01 00:00:42,EPS,0.0,0,0.0,"LOW: EPS anomaly in Commissioning phase (criticality=0.80, persistence=0.00)"
risk,2025-01-01 00:00:42,ADCS,0.0,0,0.0,"LOW: ADCS anomaly in Commissioning phase (criticality=0.85, persistence=0.00)"
risk,2025-01-01 00:00:42,COM,0.0,0,0.0,"LOW: COM anomaly in Commissioning phase (criticality=0.75, persistence=0.00)"
risk,2025-01-01 00:00:42,Thermal,0.0,0,0.0,"LOW: Thermal anomaly in Commissioning phase (criticality=0.75, persistence=0.00)"
risk,2025-01-01 00:00:43,EPS,0.0,0,0.0,"LOW: EPS anomaly in Commissioning phase (criticality=0.80, persistence=0.00)"
risk,2025-01-01 00:00:43,ADCS,0.0,0,0.0,"LOW: ADCS anomaly in Commissioning phase (criticality=0.85, persistence=0.00)"
risk,2025-01-01 00:00:43,COM,0.0,0,0.0,"LOW: COM anomaly in Commissioning phase (criticality=0.75, persistence=0.00)"
risk,2025-01-01 00:00:43,Thermal,0.0,0,0.0,"LOW: Thermal anomaly in Commissioning phase (criticality=0.75, persistence=0.00)"
risk,2025-01-01 00:00:44,EPS,0.0,0,0.0,"LOW: EPS anomaly in Commissioning phase (criticality=0.80, persistence=0.00)"
risk,2025-01-01 00:00:44,ADCS,0.0,0,0.0,"LOW: ADCS anomaly in Commissioning phase (criticality=0.85, persistence=0.00)"
risk,2025-01-01 00:00:44,COM,0.0,0,0.0,"LOW: COM anomaly in Commissioning phase (criticality=0.75, persistence=0.00)"
risk,2025-01-01 00:00:44,Thermal,0.0,0,0.0,"LOW: Thermal anomaly in Commissioning phase (criticality=0.75, persistence=0.00)"
risk,2025-01-01 00:00:45,EPS,0.0,0,0.0,"LOW: EPS anomaly in Commissioning phase (criticality=0.80, persistence=0.00)"
risk,2025-01-01 00:00:45,ADCS,0.0,0,0.0,"LOW: ADCS anomaly in Commissioning phase (criticality=0.85, persistence=0.00)"
risk,2025-01-01 00:00:45,COM,0.0,0,0.0,"LOW: COM anomaly in Commissioning phase (criticality=0.75, persistence=0.00)"
risk,2025-01-01 00:00:45,Thermal,0.0,0,0.0,"LOW: Thermal anomaly in Commissioning phase (criticality=0.75, persistence=0.00)"
risk,2025-01-01 00:00:46,EPS,0.0,0,0.0,"LOW: EPS anomaly in Commissioning phase (criticality=0.80, persistence=0.00)"
risk,2025-01-01 00:00:46,ADCS,0.0,0,0.0,"LOW: ADCS anomaly in Commissioning phase (criticality=0.85, persistence=0.00)"
risk,2025-01-01 00:00:46,COM,0.0,0,0.0,"LOW: COM anomaly in Commissioning phase (criticality=0.75, persistence=0.00)"
risk,2025-01-01 00:00:46,Thermal,0.0,0,0.0,"LOW: Thermal anomaly in Commissioning phase (criticality=0.75, persistence=0.00)"
risk,2025-01-01 00:00:47,EPS,0.0,0,0.0,"LOW: EPS anomaly in Commissioning phase (criticality=0.80, persistence=0.00)"
risk,2025-01-01 00:00:47,ADCS,0.0,0,0.0,"LOW: ADCS anomaly in Commissioning phase (criticality=0.85, persistence=0.00)"
risk,2025-01-01 00:00:47,COM,0.0,0,0.0,"LOW: COM anomaly in Commissioning phase (criticality=0.75, persistence=0.00)"
risk,2025-01-01 00:00:47,Thermal,0.0,0,0.0,"LOW: Thermal anomaly in Commissioning phase (criticality=0.75, persistence=0.00)"
risk,2025-01-01 00:00:48,EPS,0.0,0,0.0,"LOW: EPS anomaly in Commissioning phase (criticality=0.80, persistence=0.00)"
risk,2025-01-01 00:00:48,ADCS,0.0,0,0.0,"LOW: ADCS anomaly in Commissioning phase (criticality=0.85, persistence=0.00)"
risk,2025-01-01 00:00:48,COM,0.0,0,0.0,"LOW: COM anomaly in Commissioning phase (criticality=0.75, persistence=0.00)"
risk,2025-01-01 00:00:48,Thermal,0.0,0,0.0,"LOW: Thermal anomaly in Commissioning phase (criticality=0.75, persistence=0.00)"
risk,2025-01-01 00:00:49,EPS,0.0,0,0.0,"LOW: EPS anomaly in Commissioning phase (criticality=0.80, persistence=0.00)"
risk,2025-01-01 00:00:49,ADCS,0.0,0,0.0,"LOW: ADCS anomaly in Commissioning phase (criticality=0.85, persistence=0.00)"
risk,2025-01-01 00:00:49,COM,0.0,0,0.0,"LOW: COM anomaly in Commissioning phase (criticality=0.75, persistence=0.00)"
risk,2025-01-01 00:00:49,Thermal,0.0,0,0.0,"LOW: Thermal anomaly in Commissioning phase (criticality=0.75, persistence=0.00)"
risk,2025-01-01 00:00:50,EPS,0.0,0,0.0,"LOW: EPS anomaly in Commissioning phase (criticality=0.80, persistence=0.00)"
risk,2025-01-01 00:00:50,ADCS,0.0,0,0.0,"LOW: ADCS anomaly in Commissioning phase (criticality=0.85, persistence=0.00)"
risk,2025-01-01 00:00:50,COM,0.0,0,0.0,"LOW: COM anomaly in Commissioning phase (criticality=0.75, persistence=0.00)"
risk,2025-01-01 00:00:50,Thermal,0.0,0,0.0,"LOW: Thermal anomaly in Commissioning phase (criticality=0.75, persistence=0.00)"
risk,2025-01-01 00:00:51,EPS,0.0,0,0.0,"LOW: EPS anomaly in Commissioning phase (criticality=0.80, persistence=0.00)"
risk,2025-01-01 00:00:51,ADCS,0.0,0,0.0,"LOW: ADCS anomaly in Commissioning phase (criticality=0.85, persistence=0.00)"
risk,2025-01-01 00:00:51,COM,0.0,0,0.0,"LOW: COM anomaly in Commissioning phase (criticality=0.75, persistence=0.00)"
risk,2025-01-01 00:00:51,Thermal,0.0,0,0.0,"LOW: Thermal anomaly in Commissioning phase (criticality=0.75, persistence=0.00)"
risk,2025-01-01 00:00:52,EPS,0.0,0,0.0,"LOW: EPS anomaly in Commissioning phase (criticality=0.80, persistence=0.00)"
risk,2025-01-01 00:00:52,ADCS,0.0,0,0.0,"LOW: ADCS anomaly in Commissioning phase (criticality=0.85, persistence=0.00)"
risk,2025-01-01 00:00:52,COM,0.0,0,0.0,"LOW: COM anomaly in Commissioning phase (criticality=0.75, persistence=0.00)"
risk,2025-01-01 00:00:52,Thermal,0.0,0,0.0,"LOW: Thermal anomaly in Commissioning phase (criticality=0.75, persistence=0.00)"
risk,2025-01-01 00:00:53,EPS,0.0,0,0.0,"LOW: EPS anomaly in Commissioning phase (criticality=0.80, persistence=0.00)"
risk,2025-01-01 00:00:53,ADCS,0.0,0,0.0,"LOW: ADCS anomaly in Commissioning phase (criticality=0.85, persistence=0.00)"
risk,2025-01-01 00:00:53,COM,0.0,0,0.0,"LOW: COM anomaly in Commissioning phase (criticality=0.75, persistence=0.00)"
risk,2025-01-01 00:00:53,Thermal,0.0,0,0.0,"LOW: Thermal anomaly in Commissioning phase (criticality=0.75, persistence=0.00)"
risk,2025-01-01 00:00:54,EPS,0.0,0,0.0,"LOW: EPS anomaly in Commissioning phase (criticality=0.80, persistence=0.00)"
risk,2025-01-01 00:00:54,ADCS,0.0,0,0.0,"LOW: ADCS anomaly in Commissioning phase (criticality=0.85, persistence=0.00)"
risk,2025-01-01 00:00:54,COM,0.0,0,0.0,"LOW: COM anomaly in Commissioning phase (criticality=0.75, persistence=0.00)"
risk,2025-01-01 00:00:54,Thermal,0.0,0,0.0,"LOW: Thermal anomaly in Commissioning phase (criticality=0.75, persistence=0.00)"
risk,2025-01-01 00:00:55,EPS,0.0,0,0.0,"LOW: EPS anomaly in Commissioning phase (criticality=0.80, persistence=0.00)"
risk,2025-01-01 00:00:55,ADCS,0.0,0,0.0,"LOW: ADCS anomaly in Commissioning phase (criticality=0.85, persistence=0.00)"
risk,2025-01-01 00:00:55,COM,0.0,0,0.0,"LOW: COM anomaly in Commissioning phase (criticality=0.75, persistence=0.00)"
risk,2025-01-01 00:00:55,Thermal,0.0,0,0.0,"LOW: Thermal anomaly in Commissioning phase (criticality=0.75, persistence=0.00)"
risk,2025-01-01 00:00:56,EPS,0.0,0,0.0,"LOW: EPS anomaly in Commissioning phase (criticality=0.80, persistence=0.00)"
risk,2025-01-01 00:00:56,ADCS,0.0,0,0.0,"LOW: ADCS anomaly in Commissioning phase (criticality=0.85, persistence=0.00)"
risk,2025-01-01 00:00:56,COM,0.0,0,0.0,"LOW: COM anomaly in Commissioning phase (criticality=0.75, persistence=0.00)"
risk,2025-01-01 00:00:56,Thermal,0.0,0,0.0,"LOW: Thermal anomaly in Commissioning phase (criticality=0.75, persistence=0.00)"
risk,2025-01-01 00:00:57,EPS,0.0,0,0.0,"LOW: EPS anomaly in Commissioning phase (criticality=0.80, persistence=0.00)"
risk,2025-01-01 00:00:57,ADCS,0.0,0,0.0,"LOW: ADCS anomaly in Commissioning phase (criticality=0.85, persistence=0.00)"
risk,2025-01-01 00:00:57,COM,0.0,0,0.0,"LOW: COM anomaly in Commissioning phase (criticality=0.75, persistence=0.00)"
risk,2025-01-01 00:00:57,Thermal,0.0,0,0.0,"LOW: Thermal anomaly in Commissioning phase (criticality=0.75, persistence=0.00)"
risk,2025-01-01 00:00:58,EPS,0.0,0,0.0,"LOW: EPS anomaly in Commissioning phase (criticality=0.80, persistence=0.00)"
risk,2025-01-01 00:00:58,ADCS,0.0,0,0.0,"LOW: ADCS anomaly in Commissioning phase (criticality=0.85, persistence=0.00)"
risk,2025-01-01 00:00:58,COM,0.0,0,0.0,"LOW: COM anomaly in Commissioning phase (criticality=0.75, persistence=0.00)"
risk,2025-01-01 00:00:58,Thermal,0.0,0,0.0,"LOW: Thermal anomaly in Commissioning phase (criticality=0.75, persistence=0.00)"
risk,2025-01-01 00:00:59,EPS,0.0,0,0.0,"LOW: EPS anomaly in Commissioning phase (criticality=0.80, persistence=0.00)"
risk,2025-01-01 00:00:59,ADCS,0.0,0,0.0,"LOW: ADCS anomaly in Commissioning phase (criticality=0.85, persistence=0.00)"
risk,2025-01-01 00:00:59,COM,0.0,0,0.0,"LOW: COM anomaly in Commissioning phase (criticality=0.75, persistence=0.00)"
risk,2025-01-01 00:00:59,Thermal,0.0,0,0.0,"LOW: Thermal anomaly in Commissioning phase (criticality=0.75, persistence=0.00)"
risk,2025-01-01 00:01:00,EPS,0.0,0,0.0,"LOW: EPS anomaly in Operations phase (criticality=0.80, persistence=0.00)"
risk,2025-01-01 00:01:00,ADCS,0.0,0,0.0,"LOW: ADCS anomaly in Operations phase (criticality=0.75, persistence=0.00)"
risk,2025-01-01 00:01:00,COM,0.0,0,0.0,"LOW: COM anomaly in Operations phase (criticality=0.80, persistence=0.00)"
risk,2025-01-01 00:01:00,Thermal,0.0,0,0.0,"LOW: Thermal anomaly in Operations phase (criticality=0.70, persistence=0.00)"
risk,2025-01-01 00:01:01,EPS,0.0,0,0.0,"LOW: EPS anomaly in Operations phase (criticality=0.80, persistence=0.00)"
risk,2025-01-01 00:01:01,ADCS,0.0,0,0.0,"LOW: ADCS anomaly in Operations phase (criticality=0.75, persistence=0.00)"
risk,2025-01-01 00:01:01,COM,0.0,0,0.0,"LOW: COM anomaly in Operations phase (criticality=0.80, persistence=0.00)"
risk,2025-01-01 00:01:01,Thermal,0.0,0,0.0,"LOW: Thermal anomaly in Operations phase (criticality=0.70, persistence=0.00)"
risk,2025-01-01 00:01:02,EPS,0.0,0,0.0,"LOW: EPS anomaly in Operations phase (criticality=0.80, persistence=0.00)"
risk,2025-01-01 00:01:02,ADCS,0.0,0,0.0,"LOW: ADCS anomaly in Operations phase (criticality=0.75, persistence=0.00)"
risk,2025-01-01 00:01:02,COM,0.0,0,0.0,"LOW: COM anomaly in Operations phase (criticality=0.80, persistence=0.00)"
risk,2025-01-01 00:01:02,Thermal,0.0,0,0.0,"LOW: Thermal anomaly in Operations phase (criticality=0.70, persistence=0.00)"
risk,2025-01-01 00:01:03,EPS,0.0,0,0.0,"LOW: EPS anomaly in Operations phase (criticality=0.80, persistence=0.00)"
risk,2025-01-01 00:01:03,ADCS,0.0,0,0.0,"LOW: ADCS anomaly in Operations phase (criticality=0.75, persistence=0.00)"
risk,2025-01-01 00:01:03,COM,0.0,0,0.0,"LOW: COM anomaly in Operations phase (criticality=0.80, persistence=0.00)"
risk,2025-01-01 00:01:03,Thermal,0.0,0,0.0,"LOW: Thermal anomaly in Operations phase (criticality=0.70, persistence=0.00)"
risk,2025-01-01 00:01:04,EPS,0.0,0,0.0,"LOW: EPS anomaly in Operations phase (criticality=0.80, persistence=0.00)"
risk,2025-01-01 00:01:04,ADCS,0.0,0,0.0,"LOW: ADCS anomaly in Operations phase (criticality=0.75, persistence=0.00)"
risk,2025-01-01 00:01:04,COM,0.0,0,0.0,"LOW: COM anomaly in Operations phase (criticality=0.80, persistence=0.00)"
risk,2025-01-01 00:01:04,Thermal,0.0,0,0.0,"LOW: Thermal anomaly in Operations phase (criticality=0.70, persistence=0.00)"
risk,2025-01-01 00:01:05,EPS,0.0,0,0.0,"LOW: EPS anomaly in Operations phase (criticality=0.80, persistence=0.00)"
risk,2025-01-01 00:01:05,ADCS,0.0,0,0.0,"LOW: ADCS anomaly in Operations phase (criticality=0.75, persistence=0.00)"
risk,2025-01-01 00:01:05,COM,0.0,0,0.0,"LOW: COM anomaly in Operations phase (criticality=0.80, persistence=0.00)"
risk,2025-01-01 00:01:05,Thermal,0.0,0,0.0,"LOW: Thermal anomaly in Operations phase (criticality=0.70, persistence=0.00)"
risk,2025-01-01 00:01:06,EPS,0.0,0,0.0,"LOW: EPS anomaly in Operations phase (criticality=0.80, persistence=0.00)"
risk,2025-01-01 00:01:06,ADCS,0.0,0,0.0,"LOW: ADCS anomaly in Operations phase (criticality=0.75, persistence=0.00)"
risk,2025-01-01 00:01:06,COM,0.0,0,0.0,"LOW: COM anomaly in Operations phase (criticality=0.80, persistence=0.00)"
risk,2025-01-01 00:01:06,Thermal,0.0,0,0.0,"LOW: Thermal anomaly in Operations phase (criticality=0.70, persistence=0.00)"
risk,2025-01-01 00:01:07,EPS,0.0,0,0.0,"LOW: EPS anomaly in Operations phase (criticality=0.80, persistence=0.00)"
risk,2025-01-01 00:01:07,ADCS,0.0,0,0.0,"LOW: ADCS anomaly in Operations phase (criticality=0.75, persistence=0.00)"
risk,2025-01-01 00:01:07,COM,0.0,0,0.0,"LOW: COM anomaly in Operations phase (criticality=0.80, persistence=0.00)"
risk,2025-01-01 00:01:07,Thermal,0.0,0,0.0,"LOW: Thermal anomaly in Operations phase (criticality=0.70, persistence=0.00)"
risk,2025-01-01 00:01:08,EPS,0.0,0,0.0,"LOW: EPS anomaly in Operations phase (criticality=0.80, persistence=0.00)"
risk,2025-01-01 00:01:08,ADCS,0.0,0,0.0,"LOW: ADCS anomaly in Operations phase (criticality=0.75, persistence=0.00)"
risk,2025-01-01 00:01:08,COM,0.0,0,0.0,"LOW: COM anomaly in Operations phase (criticality=0.80, persistence=0.00)"
risk,2025-01-01 00:01:08,Thermal,0.0,0,0.0,"LOW: Thermal anomaly in Operations phase (criticality=0.70, persistence=0.00)"
risk,2025-01-01 00:01:09,EPS,0.0,0,0.0,"LOW: EPS anomaly in Operations phase (criticality=0.80, persistence=0.00)"
risk,2025-01-01 00:01:09,ADCS,0.0,0,0.0,"LOW: ADCS anomaly in Operations phase (criticality=0.75, persistence=0.00)"
risk,2025-01-01 00:01:09,COM,0.0,0,0.0,"LOW: COM anomaly in Operations phase (criticality=0.80, persistence=0.00)"
risk,2025-01-01 00:01:09,Thermal,0.0,0,0.0,"LOW: Thermal anomaly in Operations phase (criticality=0.70, persistence=0.00)"
risk,2025-01-01 00:01:10,EPS,0.0,0,0.0,"LOW: EPS anomaly in Operations phase (criticality=0.80, persistence=0.00)"
risk,2025-01-01 00:01:10,ADCS,0.0,0,0.0,"LOW: ADCS anomaly in Operations phase (criticality=0.75, persistence=0.00)"
risk,2025-01-01 00:01:10,COM,0.0,0,0.0,"LOW: COM anomaly in Operations phase (criticality=0.80, persistence=0.00)"
risk,2025-01-01 00:01:10,Thermal,0.0,0,0.0,"LOW: Thermal anomaly in Operations phase (criticality=0.70, persistence=0.00)"
risk,2025-01-01 00:01:11,EPS,0.0,0,0.0,"LOW: EPS anomaly in Operations phase (criticality=0.80, persistence=0.00)"
risk,2025-01-01 00:01:11,ADCS,0.0,0,0.0,"LOW: ADCS anomaly in Operations phase (criticality=0.75, persistence=0.00)"
risk,2025-01-01 00:01:11,COM,0.0,0,0.0,"LOW: COM anomaly in Operations phase (criticality=0.80, persistence=0.00)"
risk,2025-01-01 00:01:11,Thermal,0.0,0,0.0,"LOW: Thermal anomaly in Operations phase (criticality=0.70, persistence=0.00)"
risk,2025-01-01 00:01:12,EPS,0.0,0,0.0,"LOW: EPS anomaly in Operations phase (criticality=0.80, persistence=0.00)"
risk,2025-01-01 00:01:12,ADCS,0.0,0,0.0,"LOW: ADCS anomaly in Operations phase (criticality=0.75, persistence=0.00)"
risk,2025-01-01 00:01:12,COM,0.0,0,0.0,"LOW: COM anomaly in Operations phase (criticality=0.80, persistence=0.00)"
risk,2025-01-01 00:01:12,Thermal,0.0,0,0.0,"LOW: Thermal anomaly in Operations phase (criticality=0.70, persistence=0.00)"
risk,2025-01-01 00:01:13,EPS,0.0,0,0.0,"LOW: EPS anomaly in Operations phase (criticality=0.80, persistence=0.00)"
risk,2025-01-01 00:01:13,ADCS,0.0,0,0.0,"LOW: ADCS anomaly in Operations phase (criticality=0.75, persistence=0.00)"
risk,2025-01-01 00:01:13,COM,0.0,0,0.0,"LOW: COM anomaly in Operations phase (criticality=0.80, persistence=0.00)"
risk,2025-01-01 00:01:13,Thermal,0.0,0,0.0,"LOW: Thermal anomaly in Operations phase (criticality=0.70, persistence=0.00)"
risk,2025-01-01 00:01:14,EPS,0.0,0,0.0,"LOW: EPS anomaly in Operations phase (criticality=0.80, persistence=0.00)"
risk,2025-01-01 00:01:14,ADCS,0.0,0,0.0,"LOW: ADCS anomaly in Operations phase (criticality=0.75, persistence=0.00)"
risk,2025-01-01 00:01:14,COM,0.0,0,0.0,"LOW: COM anomaly in Operations phase (criticality=0.80, persistence=0.00)"
risk,2025-01-01 00:01:14,Thermal,0.0,0,0.0,"LOW: Thermal anomaly in Operations phase (criticality=0.70, persistence=0.00)"
risk,2025-01-01 00:01:15,EPS,0.0,0,0.0,"LOW: EPS anomaly in Operations phase (criticality=0.80, persistence=0.00)"
risk,2025-01-01 00:01:15,ADCS,0.0,0,0.0,"LOW: ADCS anomaly in Operations phase (criticality=0.75, persistence=0.00)"
risk,2025-01-01 00:01:15,COM,0.0,0,0.0,"LOW: COM anomaly in Operations phase (criticality=0.80, persistence=0.00)"
risk,2025-01-01 00:01:15,Thermal,0.0,0,0.0,"LOW: Thermal anomaly in Operations phase (criticality=0.70, persistence=0.00)"
risk,2025-01-01 00:01:16,EPS,0.0,0,0.0,"LOW: EPS anomaly in Operations phase (criticality=0.80, persistence=0.00)"
risk,2025-01-01 00:01:16,ADCS,0.0,0,0.0,"LOW: ADCS anomaly in Operations phase (criticality=0.75, persistence=0.00)"
risk,2025-01-01 00:01:16,COM,0.0,0,0.0,"LOW: COM anomaly in Operations phase (criticality=0.80, persistence=0.00)"
risk,2025-01-01 00:01:16,Thermal,0.0,0,0.0,"LOW: Thermal anomaly in Operations phase (criticality=0.70, persistence=0.00)"
risk,2025-01-01 00:01:17,EPS,0.0,0,0.0,"LOW: EPS anomaly in Operations phase (criticality=0.80, persistence=0.00)"
risk,2025-01-01 00:01:17,ADCS,0.0,0,0.0,"LOW: ADCS anomaly in Operations phase (criticality=0.75, persistence=0.00)"
risk,2025-01-01 00:01:17,COM,0.0,0,0.0,"LOW: COM anomaly in Operations phase (criticality=0.80, persistence=0.00)"
risk,2025-01-01 00:01:17,Thermal,0.0,0,0.0,"LOW: Thermal anomaly in Operations phase (criticality=0.70, persistence=0.00)"
risk,2025-01-01 00:01:18,EPS,0.0,0,0.0,"LOW: EPS anomaly in Operations phase (criticality=0.80, persistence=0.00)"
risk,2025-01-01 00:01:18,ADCS,0.0,0,0.0,"LOW: ADCS anomaly in Operations phase (criticality=0.75, persistence=0.00)"
risk,2025-01-01 00:01:18,COM,0.0,0,0.0,"LOW: COM anomaly in Operations phase (criticality=0.80, persistence=0.00)"
risk,2025-01-01 00:01:18,Thermal,0.0,0,0.0,"LOW: Thermal anomaly in Operations phase (criticality=0.70, persistence=0.00)"
risk,2025-01-01 00:01:19,EPS,0.0,0,0.0,"LOW: EPS anomaly in Operations phase (criticality=0.80, persistence=0.00)"
risk,2025-01-01 00:01:19,ADCS,0.0,0,0.0,"LOW: ADCS anomaly in Operations phase (criticality=0.75, persistence=0.00)"
risk,2025-01-01 00:01:19,COM,0.0,0,0.0,"LOW: COM anomaly in Operations phase (criticality=0.80, persistence=0.00)"
risk,2025-01-01 00:01:19,Thermal,0.0,0,0.0,"LOW: Thermal anomaly in Operations phase (criticality=0.70, persistence=0.00)"
risk,2025-01-01 00:01:20,EPS,0.0,0,0.0,"LOW: EPS anomaly in Operations phase (criticality=0.80, persistence=0.00)"
risk,2025-01-01 00:01:20,ADCS,0.0,0,0.0,"LOW: ADCS anomaly in Operations phase (criticality=0.75, persistence=0.00)"
risk,2025-01-01 00:01:20,COM,0.0,0,0.0,"LOW: COM anomaly in Operations phase (criticality=0.80, persistence=0.00)"
risk,2025-01-01 00:01:20,Thermal,0.0,0,0.0,"LOW: Thermal anomaly in Operations phase (criticality=0.70, persistence=0.00)"
risk,2025-01-01 00:01:21,EPS,0.0,0,0.0,"LOW: EPS anomaly in Operations phase (criticality=0.80, persistence=0.00)"
risk,2025-01-01 00:01:21,ADCS,0.0,0,0.0,"LOW: ADCS anomaly in Operations phase (criticality=0.75, persistence=0.00)"
risk,2025-01-01 00:01:21,COM,0.0,0,0.0,"LOW: COM anomaly in Operations phase (criticality=0.80, persistence=0.00)"
risk,2025-01-01 00:01:21,Thermal,0.0,0,0.0,"LOW: Thermal anomaly in Operations phase (criticality=0.70, persistence=0.00)"
risk,2025-01-01 00:01:22,EPS,0.0,0,0.0,"LOW: EPS anomaly in Operations phase (criticality=0.80, persistence=0.00)"
risk,2025-01-01 00:01:22,ADCS,0.0,0,0.0,"LOW: ADCS anomaly in Operations phase (criticality=0.75, persistence=0.00)"
risk,2025-01-01 00:01:22,COM,0.0,0,0.0,"LOW: COM anomaly in Operations phase (criticality=0.80, persistence=0.00)"
risk,2025-01-01 00:01:22,Thermal,0.0,0,0.0,"LOW: Thermal anomaly in Operations phase (criticality=0.70, persistence=0.00)"
risk,2025-01-01 00:01:23,EPS,0.0,0,0.0,"LOW: EPS anomaly in Operations phase (criticality=0.80, persistence=0.00)"
risk,2025-01-01 00:01:23,ADCS,0.0,0,0.0,"LOW: ADCS anomaly in Operations phase (criticality=0.75, persistence=0.00)"
risk,2025-01-01 00:01:23,COM,0.0,0,0.0,"LOW: COM anomaly in Operations phase (criticality=0.80, persistence=0.00)"
risk,2025-01-01 00:01:23,Thermal,0.0,0,0.0,"LOW: Thermal anomaly in Operations phase (criticality=0.70, persistence=0.00)"
risk,2025-01-01 00:01:24,EPS,0.0,0,0.0,"LOW: EPS anomaly in Operations phase (criticality=0.80, persistence=0.00)"
risk,2025-01-01 00:01:24,ADCS,0.0,0,0.0,"LOW: ADCS anomaly in Operations phase (criticality=0.75, persistence=0.00)"
risk,2025-01-01 00:01:24,COM,0.0,0,0.0,"LOW: COM anomaly in Operations phase (criticality=0.80, persistence=0.00)"
risk,2025-01-01 00:01:24,Thermal,0.0,0,0.0,"LOW: Thermal anomaly in Operations phase (criticality=0.70, persistence=0.00)"
risk,2025-01-01 00:01:25,EPS,0.0,0,0.0,"LOW: EPS anomaly in Operations phase (criticality=0.80, persistence=0.00)"
risk,2025-01-01 00:01:25,ADCS,0.0,0,0.0,"LOW: ADCS anomaly in Operations phase (criticality=0.75, persistence=0.00)"
risk,2025-01-01 00:01:25,COM,0.0,0,0.0,"LOW: COM anomaly in Operations phase (criticality=0.80, persistence=0.00)"
risk,2025-01-01 00:01:25,Thermal,0.0,0,0.0,"LOW: Thermal anomaly in Operations phase (criticality=0.70, persistence=0.00)"
risk,2025-01-01 00:01:26,EPS,0.0,0,0.0,"LOW: EPS anomaly in Operations phase (criticality=0.80, persistence=0.00)"
risk,2025-01-01 00:01:26,ADCS,0.0,0,0.0,"LOW: ADCS anomaly in Operations phase (criticality=0.75, persistence=0.00)"
risk,2025-01-01 00:01:26,COM,0.0,0,0.0,"LOW: COM anomaly in Operations phase (criticality=0.80, persistence=0.00)"
risk,2025-01-01 00:01:26,Thermal,0.0,0,0.0,"LOW: Thermal anomaly in Operations phase (criticality=0.70, persistence=0.00)"
risk,2025-01-01 00:01:27,EPS,0.0,0,0.0,"LOW: EPS anomaly in Operations phase (criticality=0.80, persistence=0.00)"
risk,2025-01-01 00:01:27,ADCS,0.0,0,0.0,"LOW: ADCS anomaly in Operations phase (criticality=0.75, persistence=0.00)"
risk,2025-01-01 00:01:27,COM,0.0,0,0.0,"LOW: COM anomaly in Operations phase (criticality=0.80, persistence=0.00)"
risk,2025-01-01 00:01:27,Thermal,0.0,0,0.0,"LOW: Thermal anomaly in Operations phase (criticality=0.70, persistence=0.00)"
risk,2025-01-01 00:01:28,EPS,0.0,0,0.0,"LOW: EPS anomaly in Operations phase (criticality=0.80, persistence=0.00)"
risk,2025-01-01 00:01:28,ADCS,0.0,0,0.0,"LOW: ADCS anomaly in Operations phase (criticality=0.75, persistence=0.00)"
risk,2025-01-01 00:01:28,COM,0.0,0,0.0,"LOW: COM anomaly in Operations phase (criticality=0.80, persistence=0.00)"
risk,2025-01-01 00:01:28,Thermal,0.0,0,0.0,"LOW: Thermal anomaly in Operations phase (criticality=0.70, persistence=0.00)"
risk,2025-01-01 00:01:29,EPS,0.0,0,0.0,"LOW: EPS anomaly in Operations phase (criticality=0.80, persistence=0.00)"
risk,2025-01-01 00:01:29,ADCS,0.0,0,0.0,"LOW: ADCS anomaly in Operations phase (criticality=0.75, persistence=0.00)"
risk,2025-01-01 00:01:29,COM,0.0,0,0.0,"LOW: COM anomaly in Operations phase (criticality=0.80, persistence=0.00)"
risk,2025-01-01 00:01:29,Thermal,0.0,0,0.0,"LOW: Thermal anomaly in Operations phase (criticality=0.70, persistence=0.00)"
risk,2025-01-01 00:01:30,EPS,0.0,0,0.0,"LOW: EPS anomaly in Operations phase (criticality=0.80, persistence=0.00)"
risk,2025-01-01 00:01:30,ADCS,0.0,0,0.0,"LOW: ADCS anomaly in Operations phase (criticality=0.75, persistence=0.00)"
risk,2025-01-01 00:01:30,COM,0.0,0,0.0,"LOW: COM anomaly in Operations phase (criticality=0.80, persistence=0.00)"
risk,2025-01-01 00:01:30,Thermal,0.0,0,0.0,"LOW: Thermal anomaly in Operations phase (criticality=0.70, persistence=0.00)"
risk,2025-01-01 00:01:31,EPS,0.0,0,0.0,"LOW: EPS anomaly in Operations phase (criticality=0.80, persistence=0.00)"
risk,2025-01-01 00:01:31,ADCS,0.0,0,0.0,"LOW: ADCS anomaly in Operations phase (criticality=0.75, persistence=0.00)"
risk,2025-01-01 00:01:31,COM,0.0,0,0.0,"LOW: COM anomaly in Operations phase (criticality=0.80, persistence=0.00)"
risk,2025-01-01 00:01:31,Thermal,0.0,0,0.0,"LOW: Thermal anomaly in Operations phase (criticality=0.70, persistence=0.00)"
risk,2025-01-01 00:01:32,EPS,0.0,0,0.0,"LOW: EPS anomaly in Operations phase (criticality=0.80, persistence=0.00)"
risk,2025-01-01 00:01:32,ADCS,0.0,0,0.0,"LOW: ADCS anomaly in Operations phase (criticality=0.75, persistence=0.00)"
risk,2025-01-01 00:01:32,COM,0.0,0,0.0,"LOW: COM anomaly in Operations phase (criticality=0.80, persistence=0.00)"
risk,2025-01-01 00:01:32,Thermal,0.0,0,0.0,"LOW: Thermal anomaly in Operations phase (criticality=0.70, persistence=0.00)"
risk,2025-01-01 00:01:33,EPS,0.0,0,0.0,"LOW: EPS anomaly in Operations phase (criticality=0.80, persistence=0.00)"
risk,2025-01-01 00:01:33,ADCS,0.0,0,0.0,"LOW: ADCS anomaly in Operations phase (criticality=0.75, persistence=0.00)"
risk,2025-01-01 00:01:33,COM,0.0,0,0.0,"LOW: COM anomaly in Operations phase (criticality=0.80, persistence=0.00)"
risk,2025-01-01 00:01:33,Thermal,0.0,0,0.0,"LOW: Thermal anomaly in Operations phase (criticality=0.70, persistence=0.00)"
risk,2025-01-01 00:01:34,EPS,0.0,0,0.0,"LOW: EPS anomaly in Operations phase (criticality=0.80, persistence=0.00)"
risk,2025-01-01 00:01:34,ADCS,0.0,0,0.0,"LOW: ADCS anomaly in Operations phase (criticality=0.75, persistence=0.00)"
risk,2025-01-01 00:01:34,COM,0.0,0,0.0,"LOW: COM anomaly in Operations phase (criticality=0.80, persistence=0.00)"
risk,2025-01-01 00:01:34,Thermal,0.0,0,0.0,"LOW: Thermal anomaly in Operations phase (criticality=0.70, persistence=0.00)"
risk,2025-01-01 00:01:35,EPS,0.0,0,0.0,"LOW: EPS anomaly in Operations phase (criticality=0.80, persistence=0.00)"
risk,2025-01-01 00:01:35,ADCS,0.0,0,0.0,"LOW: ADCS anomaly in Operations phase (criticality=0.75, persistence=0.00)"
risk,2025-01-01 00:01:35,COM,0.0,0,0.0,"LOW: COM anomaly in Operations phase (criticality=0.80, persistence=0.00)"
risk,2025-01-01 00:01:35,Thermal,0.0,0,0.0,"LOW: Thermal anomaly in Operations phase (criticality=0.70, persistence=0.00)"
risk,2025-01-01 00:01:36,EPS,0.0,0,0.0,"LOW: EPS anomaly in Operations phase (criticality=0.80, persistence=0.00)"
risk,2025-01-01 00:01:36,ADCS,0.0,0,0.0,"LOW: ADCS anomaly in Operations phase (criticality=0.75, persistence=0.00)"
risk,2025-01-01 00:01:36,COM,0.0,0,0.0,"LOW: COM anomaly in Operations phase (criticality=0.80, persistence=0.00)"
risk,2025-01-01 00:01:36,Thermal,0.0,0,0.0,"LOW: Thermal anomaly in Operations phase (criticality=0.70, persistence=0.00)"
risk,2025-01-01 00:01:37,EPS,0.0,0,0.0,"LOW: EPS anomaly in Operations phase (criticality=0.80, persistence=0.00)"
risk,2025-01-01 00:01:37,ADCS,0.0,0,0.0,"LOW: ADCS anomaly in Operations phase (criticality=0.75, persistence=0.00)"
risk,2025-01-01 00:01:37,COM,0.0,0,0.0,"LOW: COM anomaly in Operations phase (criticality=0.80, persistence=0.00)"
risk,2025-01-01 00:01:37,Thermal,0.0,0,0.0,"LOW: Thermal anomaly in Operations phase (criticality=0.70, persistence=0.00)"
risk,2025-01-01 00:01:38,EPS,0.0,0,0.0,"LOW: EPS anomaly in Operations phase (criticality=0.80, persistence=0.00)"
risk,2025-01-01 00:01:38,ADCS,0.0,0,0.0,"LOW: ADCS anomaly in Operations phase (criticality=0.75, persistence=0.00)"
risk,2025-01-01 00:01:38,COM,0.0,0,0.0,"LOW: COM anomaly in Operations phase (criticality=0.80, persistence=0.00)"
risk,2025-01-01 00:01:38,Thermal,0.0,0,0.0,"LOW: Thermal anomaly in Operations phase (criticality=0.70, persistence=0.00)"
risk,2025-01-01 00:01:39,EPS,0.0,0,0.0,"LOW: EPS anomaly in Operations phase (criticality=0.80, persistence=0.00)"
risk,2025-01-01 00:01:39,ADCS,0.0,0,0.0,"LOW: ADCS anomaly in Operations phase (criticality=0.75, persistence=0.00)"
risk,2025-01-01 00:01:39,COM,0.0,0,0.0,"LOW: COM anomaly in Operations phase (criticality=0.80, persistence=0.00)"
risk,2025-01-01 00:01:39,Thermal,0.0,0,0.0,"LOW: Thermal anomaly in Operations phase (criticality=0.70, persistence=0.00)"
risk,2025-01-01 00:01:40,EPS,0.0,0,0.0,"LOW: EPS anomaly in Operations phase (criticality=0.80, persistence=0.00)"
risk,2025-01-01 00:01:40,ADCS,0.0,0,0.0,"LOW: ADCS anomaly in Operations phase (criticality=0.75, persistence=0.00)"
risk,2025-01-01 00:01:40,COM,0.0,0,0.0,"LOW: COM anomaly in Operations phase (criticality=0.80, persistence=0.00)"
risk,2025-01-01 00:01:40,Thermal,0.0,0,0.0,"LOW: Thermal anomaly in Operations phase (criticality=0.70, persistence=0.00)"
risk,2025-01-01 00:01:41,EPS,0.0,0,0.0,"LOW: EPS anomaly in Operations phase (criticality=0.80, persistence=0.00)"
risk,2025-01-01 00:01:41,ADCS,0.0,0,0.0,"LOW: ADCS anomaly in Operations phase (criticality=0.75, persistence=0.00)"
risk,2025-01-01 00:01:41,COM,0.0,0,0.0,"LOW: COM anomaly in Operations phase (criticality=0.80, persistence=0.00)"
risk,2025-01-01 00:01:41,Thermal,0.0,0,0.0,"LOW: Thermal anomaly in Operations phase (criticality=0.70, persistence=0.00)"
risk,2025-01-01 00:01:42,EPS,0.0,0,0.0,"LOW: EPS anomaly in Operations phase (criticality=0.80, persistence=0.00)"
risk,2025-01-01 00:01:42,ADCS,0.0,0,0.0,"LOW: ADCS anomaly in Operations phase (criticality=0.75, persistence=0.00)"
risk,2025-01-01 00:01:42,COM,0.0,0,0.0,"LOW: COM anomaly in Operations phase (criticality=0.80, persistence=0.00)"
risk,2025-01-01 00:01:42,Thermal,0.0,0,0.0,"LOW: Thermal anomaly in Operations phase (criticality=0.70, persistence=0.00)"
risk,2025-01-01 00:01:43,EPS,0.0,0,0.0,"LOW: EPS anomaly in Operations phase (criticality=0.80, persistence=0.00)"
risk,2025-01-01 00:01:43,ADCS,0.0,0,0.0,"LOW: ADCS anomaly in Operations phase (criticality=0.75, persistence=0.00)"
risk,2025-01-01 00:01:43,COM,0.0,0,0.0,"LOW: COM anomaly in Operations phase (criticality=0.80, persistence=0.00)"
risk,2025-01-01 00:01:43,Thermal,0.0,0,0.0,"LOW: Thermal anomaly in Operations phase (criticality=0.70, persistence=0.00)"
risk,2025-01-01 00:01:44,EPS,0.0,0,0.0,"LOW: EPS anomaly in Operations phase (criticality=0.80, persistence=0.00)"
risk,2025-01-01 00:01:44,ADCS,0.0,0,0.0,"LOW: ADCS anomaly in Operations phase (criticality=0.75, persistence=0.00)"
risk,2025-01-01 00:01:44,COM,0.0,0,0.0,"LOW: COM anomaly in Operations phase (criticality=0.80, persistence=0.00)"
risk,2025-01-01 00:01:44,Thermal,0.0,0,0.0,"LOW: Thermal anomaly in Operations phase (criticality=0.70, persistence=0.00)"
risk,2025-01-01 00:01:45,EPS,0.0,0,0.0,"LOW: EPS anomaly in Operations phase (criticality=0.80, persistence=0.00)"
risk,2025-01-01 00:01:45,ADCS,0.0,0,0.0,"LOW: ADCS anomaly in Operations phase (criticality=0.75, persistence=0.00)"
risk,2025-01-01 00:01:45,COM,0.0,0,0.0,"LOW: COM anomaly in Operations phase (criticality=0.80, persistence=0.00)"
risk,2025-01-01 00:01:45,Thermal,0.0,0,0.0,"LOW: Thermal anomaly in Operations phase (criticality=0.70, persistence=0.00)"
risk,2025-01-01 00:01:46,EPS,0.0,0,0.0,"LOW: EPS anomaly in Operations phase (criticality=0.80, persistence=0.00)"
risk,2025-01-01 00:01:46,ADCS,0.0,0,0.0,"LOW: ADCS anomaly in Operations phase (criticality=0.75, persistence=0.00)"
risk,2025-01-01 00:01:46,COM,0.0,0,0.0,"LOW: COM anomaly in Operations phase (criticality=0.80, persistence=0.00)"
risk,2025-01-01 00:01:46,Thermal,0.0,0,0.0,"LOW: Thermal anomaly in Operations phase (criticality=0.70, persistence=0.00)"
risk,2025-01-01 00:01:47,EPS,0.0,0,0.0,"LOW: EPS anomaly in Operations phase (criticality=0.80, persistence=0.00)"
risk,2025-01-01 00:01:47,ADCS,0.0,0,0.0,"LOW: ADCS anomaly in Operations phase (criticality=0.75, persistence=0.00)"
risk,2025-01-01 00:01:47,COM,0.0,0,0.0,"LOW: COM anomaly in Operations phase (criticality=0.80, persistence=0.00)"
risk,2025-01-01 00:01:47,Thermal,0.0,0,0.0,"LOW: Thermal anomaly in Operations phase (criticality=0.70, persistence=0.00)"
risk,2025-01-01 00:01:48,EPS,0.0,0,0.0,"LOW: EPS anomaly in Operations phase (criticality=0.80, persistence=0.00)"
risk,2025-01-01 00:01:48,ADCS,0.0,0,0.0,"LOW: ADCS anomaly in Operations phase (criticality=0.75, persistence=0.00)"
risk,2025-01-01 00:01:48,COM,0.0,0,0.0,"LOW: COM anomaly in Operations phase (criticality=0.80, persistence=0.00)"
risk,2025-01-01 00:01:48,Thermal,0.0,0,0.0,"LOW: Thermal anomaly in Operations phase (criticality=0.70, persistence=0.00)"
risk,2025-01-01 00:01:49,EPS,0.0,0,0.0,"LOW: EPS anomaly in Operations phase (criticality=0.80, persistence=0.00)"
risk,2025-01-01 00:01:49,ADCS,0.0,0,0.0,"LOW: ADCS anomaly in Operations phase (criticality=0.75, persistence=0.00)"
risk,2025-01-01 00:01:49,COM,0.0,0,0.0,"LOW: COM anomaly in Operations phase (criticality=0.80, persistence=0.00)"
risk,2025-01-01 00:01:49,Thermal,0.0,0,0.0,"LOW: Thermal anomaly in Operations phase (criticality=0.70, persistence=0.00)"
risk,2025-01-01 00:01:50,EPS,0.0,0,0.0,"LOW: EPS anomaly in Operations phase (criticality=0.80, persistence=0.00)"
risk,2025-01-01 00:01:50,ADCS,0.0,0,0.0,"LOW: ADCS anomaly in Operations phase (criticality=0.75, persistence=0.00)"
risk,2025-01-01 00:01:50,COM,0.0,0,0.0,"LOW: COM anomaly in Operations phase (criticality=0.80, persistence=0.00)"
risk,2025-01-01 00:01:50,Thermal,0.0,0,0.0,"LOW: Thermal anomaly in Operations phase (criticality=0.70, persistence=0.00)"
risk,2025-01-01 00:01:51,EPS,0.0,0,0.0,"LOW: EPS anomaly in Operations phase (criticality=0.80, persistence=0.00)"
risk,2025-01-01 00:01:51,ADCS,0.0,0,0.0,"LOW: ADCS anomaly in Operations phase (criticality=0.75, persistence=0.00)"
risk,2025-01-01 00:01:51,COM,0.0,0,0.0,"LOW: COM anomaly in Operations phase (criticality=0.80, persistence=0.00)"
risk,2025-01-01 00:01:51,Thermal,0.0,0,0.0,"LOW: Thermal anomaly in Operations phase (criticality=0.70, persistence=0.00)"
risk,2025-01-01 00:01:52,EPS,0.0,0,0.0,"LOW: EPS anomaly in Operations phase (criticality=0.80, persistence=0.00)"
risk,2025-01-01 00:01:52,ADCS,0.0,0,0.0,"LOW: ADCS anomaly in Operations phase (criticality=0.75, persistence=0.00)"
risk,2025-01-01 00:01:52,COM,0.0,0,0.0,"LOW: COM anomaly in Operations phase (criticality=0.80, persistence=0.00)"
risk,2025-01-01 00:01:52,Thermal,0.0,0,0.0,"LOW: Thermal anomaly in Operations phase (criticality=0.70, persistence=0.00)"
risk,2025-01-01 00:01:53,EPS,0.0,0,0.0,"LOW: EPS anomaly in Operations phase (criticality=0.80, persistence=0.00)"
risk,2025-01-01 00:01:53,ADCS,0.0,0,0.0,"LOW: ADCS anomaly in Operations phase (criticality=0.75, persistence=0.00)"
risk,2025-01-01 00:01:53,COM,0.0,0,0.0,"LOW: COM anomaly in Operations phase (criticality=0.80, persistence=0.00)"
risk,2025-01-01 00:01:53,Thermal,0.0,0,0.0,"LOW: Thermal anomaly in Operations phase (criticality=0.70, persistence=0.00)"
risk,2025-01-01 00:01:54,EPS,0.0,0,0.0,"LOW: EPS anomaly in Operations phase (criticality=0.80, persistence=0.00)"
risk,2025-01-01 00:01:54,ADCS,0.0,0,0.0,"LOW: ADCS anomaly in Operations phase (criticality=0.75, persistence=0.00)"
risk,2025-01-01 00:01:54,COM,0.0,0,0.0,"LOW: COM anomaly in Operations phase (criticality=0.80, persistence=0.00)"
risk,2025-01-01 00:01:54,Thermal,0.0,0,0.0,"LOW: Thermal anomaly in Operations phase (criticality=0.70, persistence=0.00)"
risk,2025-01-01 00:01:55,EPS,0.0,0,0.0,"LOW: EPS anomaly in Operations phase (criticality=0.80, persistence=0.00)"
risk,2025-01-01 00:01:55,ADCS,0.0,0,0.0,"LOW: ADCS anomaly in Operations phase (criticality=0.75, persistence=0.00)"
risk,2025-01-01 00:01:55,COM,0.0,0,0.0,"LOW: COM anomaly in Operations phase (criticality=0.80, persistence=0.00)"
risk,2025-01-01 00:01:55,Thermal,0.0,0,0.0,"LOW: Thermal anomaly in Operations phase (criticality=0.70, persistence=0.00)"
risk,2025-01-01 00:01:56,EPS,0.0,0,0.0,"LOW: EPS anomaly in Operations phase (criticality=0.80, persistence=0.00)"
risk,2025-01-01 00:01:56,ADCS,0.0,0,0.0,"LOW: ADCS anomaly in Operations phase (criticality=0.75, persistence=0.00)"
risk,2025-01-01 00:01:56,COM,0.0,0,0.0,"LOW: COM anomaly in Operations phase (criticality=0.80, persistence=0.00)"
risk,2025-01-01 00:01:56,Thermal,0.0,0,0.0,"LOW: Thermal anomaly in Operations phase (criticality=0.70, persistence=0.00)"
risk,2025-01-01 00:01:57,EPS,0.0,0,0.0,"LOW: EPS anomaly in Operations phase (criticality=0.80, persistence=0.00)"
risk,2025-01-01 00:01:57,ADCS,0.0,0,0.0,"LOW: ADCS anomaly in Operations phase (criticality=0.75, persistence=0.00)"
risk,2025-01-01 00:01:57,COM,0.0,0,0.0,"LOW: COM anomaly in Operations phase (criticality=0.80, persistence=0.00)"
risk,2025-01-01 00:01:57,Thermal,0.0,0,0.0,"LOW: Thermal anomaly in Operations phase (criticality=0.70, persistence=0.00)"
risk,2025-01-01 00:01:58,EPS,0.0,0,0.0,"LOW: EPS anomaly in Operations phase (criticality=0.80, persistence=0.00)"
risk,2025-01-01 00:01:58,ADCS,0.0,0,0.0,"LOW: ADCS anomaly in Operations phase (criticality=0.75, persistence=0.00)"
risk,2025-01-01 00:01:58,COM,0.0,0,0.0,"LOW: COM anomaly in Operations phase (criticality=0.80, persistence=0.00)"
risk,2025-01-01 00:01:58,Thermal,0.0,0,0.0,"LOW: Thermal anomaly in Operations phase (criticality=0.70, persistence=0.00)"
risk,2025-01-01 00:01:59,EPS,0.0,0,0.0,"LOW: EPS anomaly in Operations phase (criticality=0.80, persistence=0.00)"
risk,2025-01-01 00:01:59,ADCS,0.0,0,0.0,"LOW: ADCS anomaly in Operations phase (criticality=0.75, persistence=0.00)"
risk,2025-01-01 00:01:59,COM,0.0,0,0.0,"LOW: COM anomaly in Operations phase (criticality=0.80, persistence=0.00)"
risk,2025-01-01 00:01:59,Thermal,0.0,0,0.0,"LOW: Thermal anomaly in Operations phase (criticality=0.70, persistence=0.00)"
risk,2025-01-01 00:02:00,EPS,0.0,0,0.0,"LOW: EPS anomaly in Operations phase (criticality=0.80, persistence=0.00)"
risk,2025-01-01 00:02:00,ADCS,0.0,0,0.0,"LOW: ADCS anomaly in Operations phase (criticality=0.75, persistence=0.00)"
risk,2025-01-01 00:02:00,COM,0.0,0,0.0,"LOW: COM anomaly in Operations phase (criticality=0.80, persistence=0.00)"
risk,2025-01-01 00:02:00,Thermal,0.0,0,0.0,"LOW: Thermal anomaly in Operations phase (criticality=0.70, persistence=0.00)"
risk,2025-01-01 00:02:01,EPS,0.0,0,0.0,"LOW: EPS anomaly in Operations phase (criticality=0.80, persistence=0.00)"
risk,2025-01-01 00:02:01,ADCS,0.0,0,0.0,"LOW: ADCS anomaly in Operations phase (criticality=0.75, persistence=0.00)"
risk,2025-01-01 00:02:01,COM,0.0,0,0.0,"LOW: COM anomaly in Operations phase (criticality=0.80, persistence=0.00)"
risk,2025-01-01 00:02:01,Thermal,0.0,0,0.0,"LOW: Thermal anomaly in Operations phase (criticality=0.70, persistence=0.00)"
risk,2025-01-01 00:02:02,EPS,0.0,0,0.0,"LOW: EPS anomaly in Operations phase (criticality=0.80, persistence=0.00)"
risk,2025-01-01 00:02:02,ADCS,0.0,0,0.0,"LOW: ADCS anomaly in Operations phase (criticality=0.75, persistence=0.00)"
risk,2025-01-01 00:02:02,COM,0.0,0,0.0,"LOW: COM anomaly in Operations phase (criticality=0.80, persistence=0.00)"
risk,2025-01-01 00:02:02,Thermal,0.0,0,0.0,"LOW: Thermal anomaly in Operations phase (criticality=0.70, persistence=0.00)"
risk,2025-01-01 00:02:03,EPS,0.0,0,0.0,"LOW: EPS anomaly in Operations phase (criticality=0.80, persistence=0.00)"
risk,2025-01-01 00:02:03,ADCS,0.0,0,0.0,"LOW: ADCS anomaly in Operations phase (criticality=0.75, persistence=0.00)"
risk,2025-01-01 00:02:03,COM,0.0,0,0.0,"LOW: COM anomaly in Operations phase (criticality=0.80, persistence=0.00)"
risk,2025-01-01 00:02:03,Thermal,0.0,0,0.0,"LOW: Thermal anomaly in Operations phase (criticality=0.70, persistence=0.00)"
risk,2025-01-01 00:02:04,EPS,0.0,0,0.0,"LOW: EPS anomaly in Operations phase (criticality=0.80, persistence=0.00)"
risk,2025-01-01 00:02:04,ADCS,0.0,0,0.0,"LOW: ADCS anomaly in Operations phase (criticality=0.75, persistence=0.00)"
risk,2025-01-01 00:02:04,COM,0.0,0,0.0,"LOW: COM anomaly in Operations phase (criticality=0.80, persistence=0.00)"
risk,2025-01-01 00:02:04,Thermal,0.0,0,0.0,"LOW: Thermal anomaly in Operations phase (criticality=0.70, persistence=0.00)"
risk,2025-01-01 00:02:05,EPS,0.0,0,0.0,"LOW: EPS anomaly in Operations phase (criticality=0.80, persistence=0.00)"
risk,2025-01-01 00:02:05,ADCS,0.0,0,0.0,"LOW: ADCS anomaly in Operations phase (criticality=0.75, persistence=0.00)"
risk,2025-01-01 00:02:05,COM,0.0,0,0.0,"LOW: COM anomaly in Operations phase (criticality=0.80, persistence=0.00)"
risk,2025-01-01 00:02:05,Thermal,0.0,0,0.0,"LOW: Thermal anomaly in Operations phase (criticality=0.70, persistence=0.00)"
risk,2025-01-01 00:02:06,EPS,0.0,0,0.0,"LOW: EPS anomaly in Operations phase (criticality=0.80, persistence=0.00)"
risk,2025-01-01 00:02:06,ADCS,0.0,0,0.0,"LOW: ADCS anomaly in Operations phase (criticality=0.75, persistence=0.00)"
risk,2025-01-01 00:02:06,COM,0.0,0,0.0,"LOW: COM anomaly in Operations phase (criticality=0.80, persistence=0.00)"
risk,2025-01-01 00:02:06,Thermal,0.0,0,0.0,"LOW: Thermal anomaly in Operations phase (criticality=0.70, persistence=0.00)"
risk,2025-01-01 00:02:07,EPS,0.0,0,0.0,"LOW: EPS anomaly in Operations phase (criticality=0.80, persistence=0.00)"
risk,2025-01-01 00:02:07,ADCS,0.0,0,0.0,"LOW: ADCS anomaly in Operations phase (criticality=0.75, persistence=0.00)"
risk,2025-01-01 00:02:07,COM,0.0,0,0.0,"LOW: COM anomaly in Operations phase (criticality=0.80, persistence=0.00)"
risk,2025-01-01 00:02:07,Thermal,0.0,0,0.0,"LOW: Thermal anomaly in Operations phase (criticality=0.70, persistence=0.00)"
risk,2025-01-01 00:02:08,EPS,0.0,0,0.0,"LOW: EPS anomaly in Operations phase (criticality=0.80, persistence=0.00)"
risk,2025-01-01 00:02:08,ADCS,0.0,0,0.0,"LOW: ADCS anomaly in Operations phase (criticality=0.75, persistence=0.00)"
risk,2025-01-01 00:02:08,COM,0.0,0,0.0,"LOW: COM anomaly in Operations phase (criticality=0.80, persistence=0.00)"
risk,2025-01-01 00:02:08,Thermal,0.0,0,0.0,"LOW: Thermal anomaly in Operations phase (criticality=0.70, persistence=0.00)"
risk,2025-01-01 00:02:09,EPS,0.0,0,0.0,"LOW: EPS anomaly in Operations phase (criticality=0.80, persistence=0.00)"
risk,2025-01-01 00:02:09,ADCS,0.0,0,0.0,"LOW: ADCS anomaly in Operations phase (criticality=0.75, persistence=0.00)"
risk,2025-01-01 00:02:09,COM,0.0,0,0.0,"LOW: COM anomaly in Operations phase (criticality=0.80, persistence=0.00)"
risk,2025-01-01 00:02:09,Thermal,0.0,0,0.0,"LOW: Thermal anomaly in Operations phase (criticality=0.70, persistence=0.00)"
risk,2025-01-01 00:02:10,EPS,0.0,0,0.0,"LOW: EPS anomaly in Operations phase (criticality=0.80, persistence=0.00)"
risk,2025-01-01 00:02:10,ADCS,0.0,0,0.0,"LOW: ADCS anomaly in Operations phase (criticality=0.75, persistence=0.00)"
risk,2025-01-01 00:02:10,COM,0.0,0,0.0,"LOW: COM anomaly in Operations phase (criticality=0.80, persistence=0.00)"
risk,2025-01-01 00:02:10,Thermal,0.0,0,0.0,"LOW: Thermal anomaly in Operations phase (criticality=0.70, persistence=0.00)"
risk,2025-01-01 00:02:11,EPS,0.0,0,0.0,"LOW: EPS anomaly in Operations phase (criticality=0.80, persistence=0.00)"
risk,2025-01-01 00:02:11,ADCS,0.0,0,0.0,"LOW: ADCS anomaly in Operations phase (criticality=0.75, persistence=0.00)"
risk,2025-01-01 00:02:11,COM,0.0,0,0.0,"LOW: COM anomaly in Operations phase (criticality=0.80, persistence=0.00)"
risk,2025-01-01 00:02:11,Thermal,0.0,0,0.0,"LOW: Thermal anomaly in Operations phase (criticality=0.70, persistence=0.00)"
risk,2025-01-01 00:02:12,EPS,0.0,0,0.0,"LOW: EPS anomaly in Operations phase (criticality=0.80, persistence=0.00)"
risk,2025-01-01 00:02:12,ADCS,0.0,0,0.0,"LOW: ADCS anomaly in Operations phase (criticality=0.75, persistence=0.00)"
risk,2025-01-01 00:02:12,COM,0.0,0,0.0,"LOW: COM anomaly in Operations phase (criticality=0.80, persistence=0.00)"
risk,2025-01-01 00:02:12,Thermal,0.0,0,0.0,"LOW: Thermal anomaly in Operations phase (criticality=0.70, persistence=0.00)"
risk,2025-01-01 00:02:13,EPS,0.0,0,0.0,"LOW: EPS anomaly in Operations phase (criticality=0.80, persistence=0.00)"
risk,2025-01-01 00:02:13,ADCS,0.0,0,0.0,"LOW: ADCS anomaly in Operations phase (criticality=0.75, persistence=0.00)"
risk,2025-01-01 00:02:13,COM,0.0,0,0.0,"LOW: COM anomaly in Operations phase (criticality=0.80, persistence=0.00)"
risk,2025-01-01 00:02:13,Thermal,0.0,0,0.0,"LOW: Thermal anomaly in Operations phase (criticality=0.70, persistence=0.00)"
risk,2025-01-01 00:02:14,EPS,0.0,0,0.0,"LOW: EPS anomaly in Operations phase (criticality=0.80, persistence=0.00)"
risk,2025-01-01 00:02:14,ADCS,0.0,0,0.0,"LOW: ADCS anomaly in Operations phase (criticality=0.75, persistence=0.00)"
risk,2025-01-01 00:02:14,COM,0.0,0,0.0,"LOW: COM anomaly in Operations phase (criticality=0.80, persistence=0.00)"
risk,2025-01-01 00:02:14,Thermal,0.0,0,0.0,"LOW: Thermal anomaly in Operations phase (criticality=0.70, persistence=0.00)"
risk,2025-01-01 00:02:15,EPS,0.0,0,0.0,"LOW: EPS anomaly in Operations phase (criticality=0.80, persistence=0.00)"
risk,2025-01-01 00:02:15,ADCS,0.0,0,0.0,"LOW: ADCS anomaly in Operations phase (criticality=0.75, persistence=0.00)"
risk,2025-01-01 00:02:15,COM,0.0,0,0.0,"LOW: COM anomaly in Operations phase (criticality=0.80, persistence=0.00)"
risk,2025-01-01 00:02:15,Thermal,0.0,0,0.0,"LOW: Thermal anomaly in Operations phase (criticality=0.70, persistence=0.00)"
risk,2025-01-01 00:02:16,EPS,0.0,0,0.0,"LOW: EPS anomaly in Operations phase (criticality=0.80, persistence=0.00)"
risk,2025-01-01 00:02:16,ADCS,0.0,0,0.0,"LOW: ADCS anomaly in Operations phase (criticality=0.75, persistence=0.00)"
risk,2025-01-01 00:02:16,COM,0.0,0,0.0,"LOW: COM anomaly in Operations phase (criticality=0.80, persistence=0.00)"
risk,2025-01-01 00:02:16,Thermal,0.0,0,0.0,"LOW: Thermal anomaly in Operations phase (criticality=0.70, persistence=0.00)"
risk,2025-01-01 00:02:17,EPS,0.0,0,0.0,"LOW: EPS anomaly in Operations phase (criticality=0.80, persistence=0.00)"
risk,2025-01-01 00:02:17,ADCS,0.0,0,0.0,"LOW: ADCS anomaly in Operations phase (criticality=0.75, persistence=0.00)"
risk,2025-01-01 00:02:17,COM,0.0,0,0.0,"LOW: COM anomaly in Operations phase (criticality=0.80, persistence=0.00)"
risk,2025-01-01 00:02:17,Thermal,0.0,0,0.0,"LOW: Thermal anomaly in Operations phase (criticality=0.70, persistence=0.00)"
risk,2025-01-01 00:02:18,EPS,0.0,0,0.0,"LOW: EPS anomaly in Operations phase (criticality=0.80, persistence=0.00)"
risk,2025-01-01 00:02:18,ADCS,0.0,0,0.0,"LOW: ADCS anomaly in Operations phase (criticality=0.75, persistence=0.00)"
risk,2025-01-01 00:02:18,COM,0.0,0,0.0,"LOW: COM anomaly in Operations phase (criticality=0.80, persistence=0.00)"
risk,2025-01-01 00:02:18,Thermal,0.0,0,0.0,"LOW: Thermal anomaly in Operations phase (criticality=0.70, persistence=0.00)"
risk,2025-01-01 00:02:19,EPS,0.0,0,0.0,"LOW: EPS anomaly in Operations phase (criticality=0.80, persistence=0.00)"
risk,2025-01-01 00:02:19,ADCS,0.0,0,0.0,"LOW: ADCS anomaly in Operations phase (criticality=0.75, persistence=0.00)"
risk,2025-01-01 00:02:19,COM,0.0,0,0.0,"LOW: COM anomaly in Operations phase (criticality=0.80, persistence=0.00)"
risk,2025-01-01 00:02:19,Thermal,0.0,0,0.0,"LOW: Thermal anomaly in Operations phase (criticality=0.70, persistence=0.00)"
risk,2025-01-01 00:02:20,EPS,0.0,0,0.0,"LOW: EPS anomaly in Operations phase (criticality=0.80, persistence=0.00)"
risk,2025-01-01 00:02:20,ADCS,0.0,0,0.0,"LOW: ADCS anomaly in Operations phase (criticality=0.75, persistence=0.00)"
risk,2025-01-01 00:02:20,COM,0.0,0,0.0,"LOW: COM anomaly in Operations phase (criticality=0.80, persistence=0.00)"
risk,2025-01-01 00:02:20,Thermal,0.0,0,0.0,"LOW: Thermal anomaly in Operations phase (criticality=0.70, persistence=0.00)"
risk,2025-01-01 00:02:21,EPS,0.0,0,0.0,"LOW: EPS anomaly in Operations phase (criticality=0.80, persistence=0.00)"
risk,2025-01-01 00:02:21,ADCS,0.0,0,0.0,"LOW: ADCS anomaly in Operations phase (criticality=0.75, persistence=0.00)"
risk,2025-01-01 00:02:21,COM,0.0,0,0.0,"LOW: COM anomaly in Operations phase (criticality=0.80, persistence=0.00)"
risk,2025-01-01 00:02:21,Thermal,0.0,0,0.0,"LOW: Thermal anomaly in Operations phase (criticality=0.70, persistence=0.00)"
risk,2025-01-01 00:02:22,EPS,0.0,0,0.0,"LOW: EPS anomaly in Operations phase (criticality=0.80, persistence=0.00)"
risk,2025-01-01 00:02:22,ADCS,0.0,0,0.0,"LOW: ADCS anomaly in Operations phase (criticality=0.75, persistence=0.00)"
risk,2025-01-01 00:02:22,COM,0.0,0,0.0,"LOW: COM anomaly in Operations phase (criticality=0.80, persistence=0.00)"
risk,2025-01-01 00:02:22,Thermal,0.0,0,0.0,"LOW: Thermal anomaly in Operations phase (criticality=0.70, persistence=0.00)"
risk,2025-01-01 00:02:23,EPS,0.0,0,0.0,"LOW: EPS anomaly in Operations phase (criticality=0.80, persistence=0.00)"
risk,2025-01-01 00:02:23,ADCS,0.0,0,0.0,"LOW: ADCS anomaly in Operations phase (criticality=0.75, persistence=0.00)"
risk,2025-01-01 00:02:23,COM,0.0,0,0.0,"LOW: COM anomaly in Operations phase (criticality=0.80, persistence=0.00)"
risk,2025-01-01 00:02:23,Thermal,0.0,0,0.0,"LOW: Thermal anomaly in Operations phase (criticality=0.70, persistence=0.00)"
risk,2025-01-01 00:02:24,EPS,0.0,0,0.0,"LOW: EPS anomaly in Operations phase (criticality=0.80, persistence=0.00)"
risk,2025-01-01 00:02:24,ADCS,0.0,0,0.0,"LOW: ADCS anomaly in Operations phase (criticality=0.75, persistence=0.00)"
risk,2025-01-01 00:02:24,COM,0.0,0,0.0,"LOW: COM anomaly in Operations phase (criticality=0.80, persistence=0.00)"
risk,2025-01-01 00:02:24,Thermal,0.0,0,0.0,"LOW: Thermal anomaly in Operations phase (criticality=0.70, persistence=0.00)"
risk,2025-01-01 00:02:25,EPS,0.0,0,0.0,"LOW: EPS anomaly in Operations phase (criticality=0.80, persistence=0.00)"
risk,2025-01-01 00:02:25,ADCS,0.0,0,0.0,"LOW: ADCS anomaly in Operations phase (criticality=0.75, persistence=0.00)"
risk,2025-01-01 00:02:25,COM,0.0,0,0.0,"LOW: COM anomaly in Operations phase (criticality=0.80, persistence=0.00)"
risk,2025-01-01 00:02:25,Thermal,0.0,0,0.0,"LOW: Thermal anomaly in Operations phase (criticality=0.70, persistence=0.00)"
risk,2025-01-01 00:02:26,EPS,0.0,0,0.0,"LOW: EPS anomaly in Operations phase (criticality=0.80, persistence=0.00)"
risk,2025-01-01 00:02:26,ADCS,0.0,0,0.0,"LOW: ADCS anomaly in Operations phase (criticality=0.75, persistence=0.00)"
risk,2025-01-01 00:02:26,COM,0.0,0,0.0,"LOW: COM anomaly in Operations phase (criticality=0.80, persistence=0.00)"
risk,2025-01-01 00:02:26,Thermal,0.0,0,0.0,"LOW: Thermal anomaly in Operations phase (criticality=0.70, persistence=0.00)"
risk,2025-01-01 00:02:27,EPS,0.0,0,0.0,"LOW: EPS anomaly in Operations phase (criticality=0.80, persistence=0.00)"
risk,2025-01-01 00:02:27,ADCS,0.0,0,0.0,"LOW: ADCS anomaly in Operations phase (criticality=0.75, persistence=0.00)"
risk,2025-01-01 00:02:27,COM,0.0,0,0.0,"LOW: COM anomaly in Operations phase (criticality=0.80, persistence=0.00)"
risk,2025-01-01 00:02:27,Thermal,0.0,0,0.0,"LOW: Thermal anomaly in Operations phase (criticality=0.70, persistence=0.00)"
risk,2025-01-01 00:02:28,EPS,0.0,0,0.0,"LOW: EPS anomaly in Operations phase (criticality=0.80, persistence=0.00)"
risk,2025-01-01 00:02:28,ADCS,0.0,0,0.0,"LOW: ADCS anomaly in Operations phase (criticality=0.75, persistence=0.00)"
risk,2025-01-01 00:02:28,COM,0.0,0,0.0,"LOW: COM anomaly in Operations phase (criticality=0.80, persistence=0.00)"
risk,2025-01-01 00:02:28,Thermal,0.0,0,0.0,"LOW: Thermal anomaly in Operations phase (criticality=0.70, persistence=0.00)"
risk,2025-01-01 00:02:29,EPS,0.0,0,0.0,"LOW: EPS anomaly in Operations phase (criticality=0.80, persistence=0.00)"
risk,2025-01-01 00:02:29,ADCS,0.0,0,0.0,"LOW: ADCS anomaly in Operations phase (criticality=0.75, persistence=0.00)"
risk,2025-01-01 00:02:29,COM,0.0,0,0.0,"LOW: COM anomaly in Operations phase (criticality=0.80, persistence=0.00)"
risk,2025-01-01 00:02:29,Thermal,0.0,0,0.0,"LOW: Thermal anomaly in Operations phase (criticality=0.70, persistence=0.00)"
risk,2025-01-01 00:02:30,EPS,0.0,0,0.0,"LOW: EPS anomaly in Operations phase (criticality=0.80, persistence=0.00)"
risk,2025-01-01 00:02:30,ADCS,0.0,0,0.0,"LOW: ADCS anomaly in Operations phase (criticality=0.75, persistence=0.00)"
risk,2025-01-01 00:02:30,COM,0.0,0,0.0,"LOW: COM anomaly in Operations phase (criticality=0.80, persistence=0.00)"
risk,2025-01-01 00:02:30,Thermal,0.14,0,0.14,"LOW: Thermal anomaly in Operations phase (criticality=0.70, persistence=0.20)"
risk,2025-01-01 00:02:31,EPS,0.0,0,0.0,"LOW: EPS anomaly in Operations phase (criticality=0.80, persistence=0.00)"
risk,2025-01-01 00:02:31,ADCS,0.0,0,0.0,"LOW: ADCS anomaly in Operations phase (criticality=0.75, persistence=0.00)"
risk,2025-01-01 00:02:31,COM,0.0,0,0.0,"LOW: COM anomaly in Operations phase (criticality=0.80, persistence=0.00)"
risk,2025-01-01 00:02:31,Thermal,0.14,0,0.14,"LOW: Thermal anomaly in Operations phase (criticality=0.70, persistence=0.20)"
risk,2025-01-01 00:02:32,EPS,0.0,0,0.0,"LOW: EPS anomaly in Operations phase (criticality=0.80, persistence=0.00)"
risk,2025-01-01 00:02:32,ADCS,0.0,0,0.0,"LOW: ADCS anomaly in Operations phase (criticality=0.75, persistence=0.00)"
risk,2025-01-01 00:02:32,COM,0.0,0,0.0,"LOW: COM anomaly in Operations phase (criticality=0.80, persistence=0.00)"
risk,2025-01-01 00:02:32,Thermal,0.14,0,0.14,"LOW: Thermal anomaly in Operations phase (criticality=0.70, persistence=0.20)"
risk,2025-01-01 00:02:33,EPS,0.0,0,0.0,"LOW: EPS anomaly in Operations phase (criticality=0.80, persistence=0.00)"
risk,2025-01-01 00:02:33,ADCS,0.0,0,0.0,"LOW: ADCS anomaly in Operations phase (criticality=0.75, persistence=0.00)"
risk,2025-01-01 00:02:33,COM,0.0,0,0.0,"LOW: COM anomaly in Operations phase (criticality=0.80, persistence=0.00)"
risk,2025-01-01 00:02:33,Thermal,0.14,0,0.14,"LOW: Thermal anomaly in Operations phase (criticality=0.70, persistence=0.20)"
risk,2025-01-01 00:02:34,EPS,0.0,0,0.0,"LOW: EPS anomaly in Operations phase (criticality=0.80, persistence=0.00)"
risk,2025-01-01 00:02:34,ADCS,0.0,0,0.0,"LOW: ADCS anomaly in Operations phase (criticality=0.75, persistence=0.00)"
risk,2025-01-01 00:02:34,COM,0.0,0,0.0,"LOW: COM anomaly in Operations phase (criticality=0.80, persistence=0.00)"
risk,2025-01-01 00:02:34,Thermal,0.14,0,0.14,"LOW: Thermal anomaly in Operations phase (criticality=0.70, persistence=0.20)"
risk,2025-01-01 00:02:35,EPS,0.0,0,0.0,"LOW: EPS anomaly in Operations phase (criticality=0.80, persistence=0.00)"
risk,2025-01-01 00:02:35,ADCS,0.0,0,0.0,"LOW: ADCS anomaly in Operations phase (criticality=0.75, persistence=0.00)"
risk,2025-01-01 00:02:35,COM,0.0,0,0.0,"LOW: COM anomaly in Operations phase (criticality=0.80, persistence=0.00)"
risk,2025-01-01 00:02:35,Thermal,0.0,0,0.0,"LOW: Thermal anomaly in Operations phase (criticality=0.70, persistence=0.00)"
risk,2025-01-01 00:02:36,EPS,0.0,0,0.0,"LOW: EPS anomaly in Operations phase (criticality=0.80, persistence=0.00)"
risk,2025-01-01 00:02:36,ADCS,0.0,0,0.0,"LOW: ADCS anomaly in Operations phase (criticality=0.75, persistence=0.00)"
risk,2025-01-01 00:02:36,COM,0.0,0,0.0,"LOW: COM anomaly in Operations phase (criticality=0.80, persistence=0.00)"
risk,2025-01-01 00:02:36,Thermal,0.0,0,0.0,"LOW: Thermal anomaly in Operations phase (criticality=0.70, persistence=0.00)"
risk,2025-01-01 00:02:37,EPS,0.0,0,0.0,"LOW: EPS anomaly in Operations phase (criticality=0.80, persistence=0.00)"
risk,2025-01-01 00:02:37,ADCS,0.0,0,0.0,"LOW: ADCS anomaly in Operations phase (criticality=0.75, persistence=0.00)"
risk,2025-01-01 00:02:37,COM,0.0,0,0.0,"LOW: COM anomaly in Operations phase (criticality=0.80, persistence=0.00)"
risk,2025-01-01 00:02:37,Thermal,0.0,0,0.0,"LOW: Thermal anomaly in Operations phase (criticality=0.70, persistence=0.00)"
risk,2025-01-01 00:02:38,EPS,0.0,0,0.0,"LOW: EPS anomaly in Operations phase (criticality=0.80, persistence=0.00)"
risk,2025-01-01 00:02:38,ADCS,0.0,0,0.0,"LOW: ADCS anomaly in Operations phase (criticality=0.75, persistence=0.00)"
risk,2025-01-01 00:02:38,COM,0.0,0,0.0,"LOW: COM anomaly in Operations phase (criticality=0.80, persistence=0.00)"
risk,2025-01-01 00:02:38,Thermal,0.0,0,0.0,"LOW: Thermal anomaly in Operations phase (criticality=0.70, persistence=0.00)"
risk,2025-01-01 00:02:39,EPS,0.0,0,0.0,"LOW: EPS anomaly in Operations phase (criticality=0.80, persistence=0.00)"
risk,2025-01-01 00:02:39,ADCS,0.0,0,0.0,"LOW: ADCS anomaly in Operations phase (criticality=0.75, persistence=0.00)"
risk,2025-01-01 00:02:39,COM,0.0,0,0.0,"LOW: COM anomaly in Operations phase (criticality=0.80, persistence=0.00)"
risk,2025-01-01 00:02:39,Thermal,0.0,0,0.0,"LOW: Thermal anomaly in Operations phase (criticality=0.70, persistence=0.00)"
risk,2025-01-01 00:02:40,EPS,0.0,0,0.0,"LOW: EPS anomaly in Operations phase (criticality=0.80, persistence=0.00)"
risk,2025-01-01 00:02:40,ADCS,0.0,0,0.0,"LOW: ADCS anomaly in Operations phase (criticality=0.75, persistence=0.00)"
risk,2025-01-01 00:02:40,COM,0.0,0,0.0,"LOW: COM anomaly in Operations phase (criticality=0.80, persistence=0.00)"
risk,2025-01-01 00:02:40,Thermal,0.0,0,0.0,"LOW: Thermal anomaly in Operations phase (criticality=0.70, persistence=0.00)"
risk,2025-01-01 00:02:41,EPS,0.0,0,0.0,"LOW: EPS anomaly in Operations phase (criticality=0.80, persistence=0.00)"
risk,2025-01-01 00:02:41,ADCS,0.0,0,0.0,"LOW: ADCS anomaly in Operations phase (criticality=0.75, persistence=0.00)"
risk,2025-01-01 00:02:41,COM,0.0,0,0.0,"LOW: COM anomaly in Operations phase (criticality=0.80, persistence=0.00)"
risk,2025-01-01 00:02:41,Thermal,0.0,0,0.0,"LOW: Thermal anomaly in Operations phase (criticality=0.70, persistence=0.00)"
risk,2025-01-01 00:02:42,EPS,0.0,0,0.0,"LOW: EPS anomaly in Operations phase (criticality=0.80, persistence=0.00)"
risk,2025-01-01 00:02:42,ADCS,0.0,0,0.0,"LOW: ADCS anomaly in Operations phase (criticality=0.75, persistence=0.00)"
risk,2025-01-01 00:02:42,COM,0.0,0,0.0,"LOW: COM anomaly in Operations phase (criticality=0.80, persistence=0.00)"
risk,2025-01-01 00:02:42,Thermal,0.0,0,0.0,"LOW: Thermal anomaly in Operations phase (criticality=0.70, persistence=0.00)"
risk,2025-01-01 00:02:43,EPS,0.0,0,0.0,"LOW: EPS anomaly in Operations phase (criticality=0.80, persistence=0.00)"
risk,2025-01-01 00:02:43,ADCS,0.0,0,0.0,"LOW: ADCS anomaly in Operations phase (criticality=0.75, persistence=0.00)"
risk,2025-01-01 00:02:43,COM,0.0,0,0.0,"LOW: COM anomaly in Operations phase (criticality=0.80, persistence=0.00)"
risk,2025-01-01 00:02:43,Thermal,0.0,0,0.0,"LOW: Thermal anomaly in Operations phase (criticality=0.70, persistence=0.00)"
risk,2025-01-01 00:02:44,EPS,0.0,0,0.0,"LOW: EPS anomaly in Operations phase (criticality=0.80, persistence=0.00)"
risk,2025-01-01 00:02:44,ADCS,0.0,0,0.0,"LOW: ADCS anomaly in Operations phase (criticality=0.75, persistence=0.00)"
risk,2025-01-01 00:02:44,COM,0.0,0,0.0,"LOW: COM anomaly in Operations phase (criticality=0.80, persistence=0.00)"
risk,2025-01-01 00:02:44,Thermal,0.0,0,0.0,"LOW: Thermal anomaly in Operations phase (criticality=0.70, persistence=0.00)"
risk,2025-01-01 00:02:45,EPS,0.0,0,0.0,"LOW: EPS anomaly in Operations phase (criticality=0.80, persistence=0.00)"
risk,2025-01-01 00:02:45,ADCS,0.0,0,0.0,"LOW: ADCS anomaly in Operations phase (criticality=0.75, persistence=0.00)"
risk,2025-01-01 00:02:45,COM,0.0,0,0.0,"LOW: COM anomaly in Operations phase (criticality=0.80, persistence=0.00)"
risk,2025-01-01 00:02:45,Thermal,0.0,0,0.0,"LOW: Thermal anomaly in Operations phase (criticality=0.70, persistence=0.00)"
risk,2025-01-01 00:02:46,EPS,0.0,0,0.0,"LOW: EPS anomaly in Operations phase (criticality=0.80, persistence=0.00)"
risk,2025-01-01 00:02:46,ADCS,0.0,0,0.0,"LOW: ADCS anomaly in Operations phase (criticality=0.75, persistence=0.00)"
risk,2025-01-01 00:02:46,COM,0.0,0,0.0,"LOW: COM anomaly in Operations phase (criticality=0.80, persistence=0.00)"
risk,2025-01-01 00:02:46,Thermal,0.0,0,0.0,"LOW: Thermal anomaly in Operations phase (criticality=0.70, persistence=0.00)"
risk,2025-01-01 00:02:47,EPS,0.0,0,0.0,"LOW: EPS anomaly in Operations phase (criticality=0.80, persistence=0.00)"
risk,2025-01-01 00:02:47,ADCS,0.0,0,0.0,"LOW: ADCS anomaly in Operations phase (criticality=0.75, persistence=0.00)"
risk,2025-01-01 00:02:47,COM,0.0,0,0.0,"LOW: COM anomaly in Operations phase (criticality=0.80, persistence=0.00)"
risk,2025-01-01 00:02:47,Thermal,0.0,0,0.0,"LOW: Thermal anomaly in Operations phase (criticality=0.70, persistence=0.00)"
risk,2025-01-01 00:02:48,EPS,0.0,0,0.0,"LOW: EPS anomaly in Operations phase (criticality=0.80, persistence=0.00)"
risk,2025-01-01 00:02:48,ADCS,0.0,0,0.0,"LOW: ADCS anomaly in Operations phase (criticality=0.75, persistence=0.00)"
risk,2025-01-01 00:02:48,COM,0.0,0,0.0,"LOW: COM anomaly in Operations phase (criticality=0.80, persistence=0.00)"
risk,2025-01-01 00:02:48,Thermal,0.0,0,0.0,"LOW: Thermal anomaly in Operations phase (criticality=0.70, persistence=0.00)"
risk,2025-01-01 00:02:49,EPS,0.0,0,0.0,"LOW: EPS anomaly in Operations phase (criticality=0.80, persistence=0.00)"
risk,2025-01-01 00:02:49,ADCS,0.0,0,0.0,"LOW: ADCS anomaly in Operations phase (criticality=0.75, persistence=0.00)"
risk,2025-01-01 00:02:49,COM,0.0,0,0.0,"LOW: COM anomaly in Operations phase (criticality=0.80, persistence=0.00)"
risk,2025-01-01 00:02:49,Thermal,0.0,0,0.0,"LOW: Thermal anomaly in Operations phase (criticality=0.70, persistence=0.00)"
risk,2025-01-01 00:02:50,EPS,0.0,0,0.0,"LOW: EPS anomaly in Operations phase (criticality=0.80, persistence=0.00)"
risk,2025-01-01 00:02:50,ADCS,0.0,0,0.0,"LOW: ADCS anomaly in Operations phase (criticality=0.75, persistence=0.00)"
risk,2025-01-01 00:02:50,COM,0.0,0,0.0,"LOW: COM anomaly in Operations phase (criticality=0.80, persistence=0.00)"
risk,2025-01-01 00:02:50,Thermal,0.0,0,0.0,"LOW: Thermal anomaly in Operations phase (criticality=0.70, persistence=0.00)"
risk,2025-01-01 00:02:51,EPS,0.0,0,0.0,"LOW: EPS anomaly in Operations phase (criticality=0.80, persistence=0.00)"
risk,2025-01-01 00:02:51,ADCS,0.0,0,0.0,"LOW: ADCS anomaly in Operations phase (criticality=0.75, persistence=0.00)"
risk,2025-01-01 00:02:51,COM,0.0,0,0.0,"LOW: COM anomaly in Operations phase (criticality=0.80, persistence=0.00)"
risk,2025-01-01 00:02:51,Thermal,0.0,0,0.0,"LOW: Thermal anomaly in Operations phase (criticality=0.70, persistence=0.00)"
risk,2025-01-01 00:02:52,EPS,0.0,0,0.0,"LOW: EPS anomaly in Operations phase (criticality=0.80, persistence=0.00)"
risk,2025-01-01 00:02:52,ADCS,0.0,0,0.0,"LOW: ADCS anomaly in Operations phase (criticality=0.75, persistence=0.00)"
risk,2025-01-01 00:02:52,COM,0.0,0,0.0,"LOW: COM anomaly in Operations phase (criticality=0.80, persistence=0.00)"
risk,2025-01-01 00:02:52,Thermal,0.0,0,0.0,"LOW: Thermal anomaly in Operations phase (criticality=0.70, persistence=0.00)"
risk,2025-01-01 00:02:53,EPS,0.0,0,0.0,"LOW: EPS anomaly in Operations phase (criticality=0.80, persistence=0.00)"
risk,2025-01-01 00:02:53,ADCS,0.0,0,0.0,"LOW: ADCS anomaly in Operations phase (criticality=0.75, persistence=0.00)"
risk,2025-01-01 00:02:53,COM,0.0,0,0.0,"LOW: COM anomaly in Operations phase (criticality=0.80, persistence=0.00)"
risk,2025-01-01 00:02:53,Thermal,0.0,0,0.0,"LOW: Thermal anomaly in Operations phase (criticality=0.70, persistence=0.00)"
risk,2025-01-01 00:02:54,EPS,0.0,0,0.0,"LOW: EPS anomaly in Operations phase (criticality=0.80, persistence=0.00)"
risk,2025-01-01 00:02:54,ADCS,0.0,0,0.0,"LOW: ADCS anomaly in Operations phase (criticality=0.75, persistence=0.00)"
risk,2025-01-01 00:02:54,COM,0.0,0,0.0,"LOW: COM anomaly in Operations phase (criticality=0.80, persistence=0.00)"
risk,2025-01-01 00:02:54,Thermal,0.0,0,0.0,"LOW: Thermal anomaly in Operations phase (criticality=0.70, persistence=0.00)"
risk,2025-01-01 00:02:55,EPS,0.0,0,0.0,"LOW: EPS anomaly in Operations phase (criticality=0.80, persistence=0.00)"
risk,2025-01-01 00:02:55,ADCS,0.0,0,0.0,"LOW: ADCS anomaly in Operations phase (criticality=0.75, persistence=0.00)"
risk,2025-01-01 00:02:55,COM,0.0,0,0.0,"LOW: COM anomaly in Operations phase (criticality=0.80, persistence=0.00)"
risk,2025-01-01 00:02:55,Thermal,0.0,0,0.0,"LOW: Thermal anomaly in Operations phase (criticality=0.70, persistence=0.00)"
risk,2025-01-01 00:02:56,EPS,0.0,0,0.0,"LOW: EPS anomaly in Operations phase (criticality=0.80, persistence=0.00)"
risk,2025-01-01 00:02:56,ADCS,0.0,0,0.0,"LOW: ADCS anomaly in Operations phase (criticality=0.75, persistence=0.00)"
risk,2025-01-01 00:02:56,COM,0.0,0,0.0,"LOW: COM anomaly in Operations phase (criticality=0.80, persistence=0.00)"
risk,2025-01-01 00:02:56,Thermal,0.0,0,0.0,"LOW: Thermal anomaly in Operations phase (criticality=0.70, persistence=0.00)"
risk,2025-01-01 00:02:57,EPS,0.0,0,0.0,"LOW: EPS anomaly in Operations phase (criticality=0.80, persistence=0.00)"
risk,2025-01-01 00:02:57,ADCS,0.0,0,0.0,"LOW: ADCS anomaly in Operations phase (criticality=0.75, persistence=0.00)"
risk,2025-01-01 00:02:57,COM,0.0,0,0.0,"LOW: COM anomaly in Operations phase (criticality=0.80, persistence=0.00)"
risk,2025-01-01 00:02:57,Thermal,0.0,0,0.0,"LOW: Thermal anomaly in Operations phase (criticality=0.70, persistence=0.00)"
risk,2025-01-01 00:02:58,EPS,0.0,0,0.0,"LOW: EPS anomaly in Operations phase (criticality=0.80, persistence=0.00)"
risk,2025-01-01 00:02:58,ADCS,0.0,0,0.0,"LOW: ADCS anomaly in Operations phase (criticality=0.75, persistence=0.00)"
risk,2025-01-01 00:02:58,COM,0.0,0,0.0,"LOW: COM anomaly in Operations phase (criticality=0.80, persistence=0.00)"
risk,2025-01-01 00:02:58,Thermal,0.0,0,0.0,"LOW: Thermal anomaly in Operations phase (criticality=0.70, persistence=0.00)"
risk,2025-01-01 00:02:59,EPS,0.0,0,0.0,"LOW: EPS anomaly in Operations phase (criticality=0.80, persistence=0.00)"
risk,2025-01-01 00:02:59,ADCS,0.0,0,0.0,"LOW: ADCS anomaly in Operations phase (criticality=0.75, persistence=0.00)"
risk,2025-01-01 00:02:59,COM,0.0,0,0.0,"LOW: COM anomaly in Operations phase (criticality=0.80, persistence=0.00)"
risk,2025-01-01 00:02:59,Thermal,0.0,0,0.0,"LOW: Thermal anomaly in Operations phase (criticality=0.70, persistence=0.00)"
risk,2025-01-01 00:03:00,EPS,0.0,0,0.0,"LOW: EPS anomaly in Decommissioning phase (criticality=0.60, persistence=0.00)"
risk,2025-01-01 00:03:00,ADCS,0.0,0,0.0,"LOW: ADCS anomaly in Decommissioning phase (criticality=0.50, persistence=0.00)"
risk,2025-01-01 00:03:00,COM,0.0,0,0.0,"LOW: COM anomaly in Decommissioning phase (criticality=0.50, persistence=0.00)"
risk,2025-01-01 00:03:00,Thermal,0.0,0,0.0,"LOW: Thermal anomaly in Decommissioning phase (criticality=0.60, persistence=0.00)"
risk,2025-01-01 00:03:01,EPS,0.0,0,0.0,"LOW: EPS anomaly in Decommissioning phase (criticality=0.60, persistence=0.00)"
risk,2025-01-01 00:03:01,ADCS,0.0,0,0.0,"LOW: ADCS anomaly in Decommissioning phase (criticality=0.50, persistence=0.00)"
risk,2025-01-01 00:03:01,COM,0.0,0,0.0,"LOW: COM anomaly in Decommissioning phase (criticality=0.50, persistence=0.00)"
risk,2025-01-01 00:03:01,Thermal,0.0,0,0.0,"LOW: Thermal anomaly in Decommissioning phase (criticality=0.60, persistence=0.00)"
risk,2025-01-01 00:03:02,EPS,0.0,0,0.0,"LOW: EPS anomaly in Decommissioning phase (criticality=0.60, persistence=0.00)"
risk,2025-01-01 00:03:02,ADCS,0.0,0,0.0,"LOW: ADCS anomaly in Decommissioning phase (criticality=0.50, persistence=0.00)"
risk,2025-01-01 00:03:02,COM,0.0,0,0.0,"LOW: COM anomaly in Decommissioning phase (criticality=0.50, persistence=0.00)"
risk,2025-01-01 00:03:02,Thermal,0.0,0,0.0,"LOW: Thermal anomaly in Decommissioning phase (criticality=0.60, persistence=0.00)"
risk,2025-01-01 00:03:03,EPS,0.0,0,0.0,"LOW: EPS anomaly in Decommissioning phase (criticality=0.60, persistence=0.00)"
risk,2025-01-01 00:03:03,ADCS,0.0,0,0.0,"LOW: ADCS anomaly in Decommissioning phase (criticality=0.50, persistence=0.00)"
risk,2025-01-01 00:03:03,COM,0.0,0,0.0,"LOW: COM anomaly in Decommissioning phase (criticality=0.50, persistence=0.00)"
risk,2025-01-01 00:03:03,Thermal,0.0,0,0.0,"LOW: Thermal anomaly in Decommissioning phase (criticality=0.60, persistence=0.00)"
risk,2025-01-01 00:03:04,EPS,0.0,0,0.0,"LOW: EPS anomaly in Decommissioning phase (criticality=0.60, persistence=0.00)"
risk,2025-01-01 00:03:04,ADCS,0.0,0,0.0,"LOW: ADCS anomaly in Decommissioning phase (criticality=0.50, persistence=0.00)"
risk,2025-01-01 00:03:04,COM,0.0,0,0.0,"LOW: COM anomaly in Decommissioning phase (criticality=0.50, persistence=0.00)"
risk,2025-01-01 00:03:04,Thermal,0.0,0,0.0,"LOW: Thermal anomaly in Decommissioning phase (criticality=0.60, persistence=0.00)"
risk,2025-01-01 00:03:05,EPS,0.0,0,0.0,"LOW: EPS anomaly in Decommissioning phase (criticality=0.60, persistence=0.00)"
risk,2025-01-01 00:03:05,ADCS,0.0,0,0.0,"LOW: ADCS anomaly in Decommissioning phase (criticality=0.50, persistence=0.00)"
risk,2025-01-01 00:03:05,COM,0.0,0,0.0,"LOW: COM anomaly in Decommissioning phase (criticality=0.50, persistence=0.00)"
risk,2025-01-01 00:03:05,Thermal,0.0,0,0.0,"LOW: Thermal anomaly in Decommissioning phase (criticality=0.60, persistence=0.00)"
risk,2025-01-01 00:03:06,EPS,0.0,0,0.0,"LOW: EPS anomaly in Decommissioning phase (criticality=0.60, persistence=0.00)"
risk,2025-01-01 00:03:06,ADCS,0.0,0,0.0,"LOW: ADCS anomaly in Decommissioning phase (criticality=0.50, persistence=0.00)"
risk,2025-01-01 00:03:06,COM,0.0,0,0.0,"LOW: COM anomaly in Decommissioning phase (criticality=0.50, persistence=0.00)"
risk,2025-01-01 00:03:06,Thermal,0.0,0,0.0,"LOW: Thermal anomaly in Decommissioning phase (criticality=0.60, persistence=0.00)"
risk,2025-01-01 00:03:07,EPS,0.0,0,0.0,"LOW: EPS anomaly in Decommissioning phase (criticality=0.60, persistence=0.00)"
risk,2025-01-01 00:03:07,ADCS,0.0,0,0.0,"LOW: ADCS anomaly in Decommissioning phase (criticality=0.50, persistence=0.00)"
risk,2025-01-01 00:03:07,COM,0.0,0,0.0,"LOW: COM anomaly in Decommissioning phase (criticality=0.50, persistence=0.00)"
risk,2025-01-01 00:03:07,Thermal,0.0,0,0.0,"LOW: Thermal anomaly in Decommissioning phase (criticality=0.60, persistence=0.00)"
risk,2025-01-01 00:03:08,EPS,0.0,0,0.0,"LOW: EPS anomaly in Decommissioning phase (criticality=0.60, persistence=0.00)"
risk,2025-01-01 00:03:08,ADCS,0.0,0,0.0,"LOW: ADCS anomaly in Decommissioning phase (criticality=0.50, persistence=0.00)"
risk,2025-01-01 00:03:08,COM,0.0,0,0.0,"LOW: COM anomaly in Decommissioning phase (criticality=0.50, persistence=0.00)"
risk,2025-01-01 00:03:08,Thermal,0.0,0,0.0,"LOW: Thermal anomaly in Decommissioning phase (criticality=0.60, persistence=0.00)"
risk,2025-01-01 00:03:09,EPS,0.0,0,0.0,"LOW: EPS anomaly in Decommissioning phase (criticality=0.60, persistence=0.00)"
risk,2025-01-01 00:03:09,ADCS,0.0,0,0.0,"LOW: ADCS anomaly in Decommissioning phase (criticality=0.50, persistence=0.00)"
risk,2025-01-01 00:03:09,COM,0.0,0,0.0,"LOW: COM anomaly in Decommissioning phase (criticality=0.50, persistence=0.00)"
risk,2025-01-01 00:03:09,Thermal,0.0,0,0.0,"LOW: Thermal anomaly in Decommissioning phase (criticality=0.60, persistence=0.00)"
risk,2025-01-01 00:03:10,EPS,0.0,0,0.0,"LOW: EPS anomaly in Decommissioning phase (criticality=0.60, persistence=0.00)"
risk,2025-01-01 00:03:10,ADCS,0.0,0,0.0,"LOW: ADCS anomaly in Decommissioning phase (criticality=0.50, persistence=0.00)"
risk,2025-01-01 00:03:10,COM,0.0,0,0.0,"LOW: COM anomaly in Decommissioning phase (criticality=0.50, persistence=0.00)"
risk,2025-01-01 00:03:10,Thermal,0.0,0,0.0,"LOW: Thermal anomaly in Decommissioning phase (criticality=0.60, persistence=0.00)"
risk,2025-01-01 00:03:11,EPS,0.0,0,0.0,"LOW: EPS anomaly in Decommissioning phase (criticality=0.60, persistence=0.00)"
risk,2025-01-01 00:03:11,ADCS,0.0,0,0.0,"LOW: ADCS anomaly in Decommissioning phase (criticality=0.50, persistence=0.00)"
risk,2025-01-01 00:03:11,COM,0.0,0,0.0,"LOW: COM anomaly in Decommissioning phase (criticality=0.50, persistence=0.00)"
risk,2025-01-01 00:03:11,Thermal,0.0,0,0.0,"LOW: Thermal anomaly in Decommissioning phase (criticality=0.60, persistence=0.00)"
risk,2025-01-01 00:03:12,EPS,0.0,0,0.0,"LOW: EPS anomaly in Decommissioning phase (criticality=0.60, persistence=0.00)"
risk,2025-01-01 00:03:12,ADCS,0.0,0,0.0,"LOW: ADCS anomaly in Decommissioning phase (criticality=0.50, persistence=0.00)"
risk,2025-01-01 00:03:12,COM,0.0,0,0.0,"LOW: COM anomaly in Decommissioning phase (criticality=0.50, persistence=0.00)"
risk,2025-01-01 00:03:12,Thermal,0.0,0,0.0,"LOW: Thermal anomaly in Decommissioning phase (criticality=0.60, persistence=0.00)"
risk,2025-01-01 00:03:13,EPS,0.0,0,0.0,"LOW: EPS anomaly in Decommissioning phase (criticality=0.60, persistence=0.00)"
risk,2025-01-01 00:03:13,ADCS,0.0,0,0.0,"LOW: ADCS anomaly in Decommissioning phase (criticality=0.50, persistence=0.00)"
risk,2025-01-01 00:03:13,COM,0.0,0,0.0,"LOW: COM anomaly in Decommissioning phase (criticality=0.50, persistence=0.00)"
risk,2025-01-01 00:03:13,Thermal,0.0,0,0.0,"LOW: Thermal anomaly in Decommissioning phase (criticality=0.60, persistence=0.00)"
risk,2025-01-01 00:03:14,EPS,0.0,0,0.0,"LOW: EPS anomaly in Decommissioning phase (criticality=0.60, persistence=0.00)"
risk,2025-01-01 00:03:14,ADCS,0.0,0,0.0,"LOW: ADCS anomaly in Decommissioning phase (criticality=0.50, persistence=0.00)"
risk,2025-01-01 00:03:14,COM,0.0,0,0.0,"LOW: COM anomaly in Decommissioning phase (criticality=0.50, persistence=0.00)"
risk,2025-01-01 00:03:14,Thermal,0.0,0,0.0,"LOW: Thermal anomaly in Decommissioning phase (criticality=0.60, persistence=0.00)"
risk,2025-01-01 00:03:15,EPS,0.0,0,0.0,"LOW: EPS anomaly in Decommissioning phase (criticality=0.60, persistence=0.00)"
risk,2025-01-01 00:03:15,ADCS,0.0,0,0.0,"LOW: ADCS anomaly in Decommissioning phase (criticality=0.50, persistence=0.00)"
risk,2025-01-01 00:03:15,COM,0.0,0,0.0,"LOW: COM anomaly in Decommissioning phase (criticality=0.50, persistence=0.00)"
risk,2025-01-01 00:03:15,Thermal,0.0,0,0.0,"LOW: Thermal anomaly in Decommissioning phase (criticality=0.60, persistence=0.00)"
risk,2025-01-01 00:03:16,EPS,0.0,0,0.0,"LOW: EPS anomaly in Decommissioning phase (criticality=0.60, persistence=0.00)"
risk,2025-01-01 00:03:16,ADCS,0.0,0,0.0,"LOW: ADCS anomaly in Decommissioning phase (criticality=0.50, persistence=0.00)"
risk,2025-01-01 00:03:16,COM,0.0,0,0.0,"LOW: COM anomaly in Decommissioning phase (criticality=0.50, persistence=0.00)"
risk,2025-01-01 00:03:16,Thermal,0.0,0,0.0,"LOW: Thermal anomaly in Decommissioning phase (criticality=0.60, persistence=0.00)"
risk,2025-01-01 00:03:17,EPS,0.0,0,0.0,"LOW: EPS anomaly in Decommissioning phase (criticality=0.60, persistence=0.00)"
risk,2025-01-01 00:03:17,ADCS,0.0,0,0.0,"LOW: ADCS anomaly in Decommissioning phase (criticality=0.50, persistence=0.00)"
risk,2025-01-01 00:03:17,COM,0.0,0,0.0,"LOW: COM anomaly in Decommissioning phase (criticality=0.50, persistence=0.00)"
risk,2025-01-01 00:03:17,Thermal,0.0,0,0.0,"LOW: Thermal anomaly in Decommissioning phase (criticality=0.60, persistence=0.00)"
risk,2025-01-01 00:03:18,EPS,0.0,0,0.0,"LOW: EPS anomaly in Decommissioning phase (criticality=0.60, persistence=0.00)"
risk,2025-01-01 00:03:18,ADCS,0.0,0,0.0,"LOW: ADCS anomaly in Decommissioning phase (criticality=0.50, persistence=0.00)"
risk,2025-01-01 00:03:18,COM,0.0,0,0.0,"LOW: COM anomaly in Decommissioning phase (criticality=0.50, persistence=0.00)"
risk,2025-01-01 00:03:18,Thermal,0.0,0,0.0,"LOW: Thermal anomaly in Decommissioning phase (criticality=0.60, persistence=0.00)"
risk,2025-01-01 00:03:19,EPS,0.0,0,0.0,"LOW: EPS anomaly in Decommissioning phase (criticality=0.60, persistence=0.00)"
risk,2025-01-01 00:03:19,ADCS,0.0,0,0.0,"LOW: ADCS anomaly in Decommissioning phase (criticality=0.50, persistence=0.00)"
risk,2025-01-01 00:03:19,COM,0.0,0,0.0,"LOW: COM anomaly in Decommissioning phase (criticality=0.50, persistence=0.00)"
risk,2025-01-01 00:03:19,Thermal,0.0,0,0.0,"LOW: Thermal anomaly in Decommissioning phase (criticality=0.60, persistence=0.00)"
decision,2025-01-01 00:00:00,,0.0,1,0.0,LOG: LOW risk in EPS during Launch: logging for review
decision,2025-01-01 00:00:01,,0.0,1,0.0,LOG: LOW risk in EPS during Launch: logging for review
decision,2025-01-01 00:00:02,,0.0,1,0.0,LOG: LOW risk in EPS during Launch: logging for review
decision,2025-01-01 00:00:03,,0.0,1,0.0,LOG: LOW risk in EPS during Launch: logging for review
decision,2025-01-01 00:00:04,,0.0,1,0.0,LOG: LOW risk in EPS during Launch: logging for review
decision,2025-01-01 00:00:05,,0.0,1,0.0,LOG: LOW risk in EPS during Launch: logging for review
decision,2025-01-01 00:00:06,,0.0,1,0.0,LOG: LOW risk in EPS during Launch: logging for review
decision,2025-01-01 00:00:07,,0.0,1,0.0,LOG: LOW risk in EPS during Launch: logging for review
decision,2025-01-01 00:00:08,,0.0,1,0.0,LOG: LOW risk in EPS during Launch: logging for review
decision,2025-01-01 00:00:09,,0.0,1,0.0,LOG: LOW risk in EPS during Launch: logging for review
decision,2025-01-01 00:00:10,,0.0,1,0.0,LOG: LOW risk in EPS during Deployment: logging for review
decision,2025-01-01 00:00:11,,0.0,1,0.0,LOG: LOW risk in EPS during Deployment: logging for review
decision,2025-01-01 00:00:12,,0.0,1,0.0,LOG: LOW risk in EPS during Deployment: logging for review
decision,2025-01-01 00:00:13,,0.0,1,0.0,LOG: LOW risk in EPS during Deployment: logging for review
decision,2025-01-01 00:00:14,,0.0,1,0.0,LOG: LOW risk in EPS during Deployment: logging for review
decision,2025-01-01 00:00:15,,0.0,1,0.0,LOG: LOW risk in EPS during Deployment: logging for review
decision,2025-01-01 00:00:16,,0.0,1,0.0,LOG: LOW risk in EPS during Deployment: logging for review
decision,2025-01-01 00:00:17,,0.0,1,0.0,LOG: LOW risk in EPS during Deployment: logging for review
decision,2025-01-01 00:00:18,,0.0,1,0.0,LOG: LOW risk in EPS during Deployment: logging for review
decision,2025-01-01 00:00:19,,0.0,1,0.0,LOG: LOW risk in EPS during Deployment: logging for review
decision,2025-01-01 00:00:20,,0.0,1,0.0,LOG: LOW risk in EPS during Deployment: logging for review
decision,2025-01-01 00:00:21,,0.0,1,0.0,LOG: LOW risk in EPS during Deployment: logging for review
decision,2025-01-01 00:00:22,,0.0,1,0.0,LOG: LOW risk in EPS during Deployment: logging for review
decision,2025-01-01 00:00:23,,0.0,1,0.0,LOG: LOW risk in EPS during Deployment: logging for review
decision,2025-01-01 00:00:24,,0.0,1,0.0,LOG: LOW risk in EPS during Deployment: logging for review
decision,2025-01-01 00:00:25,,0.0,1,0.0,LOG: LOW risk in EPS during Deployment: logging for review
decision,2025-01-01 00:00:26,,0.0,1,0.0,LOG: LOW risk in EPS during Deployment: logging for review
decision,2025-01-01 00:00:27,,0.0,1,0.0,LOG: LOW risk in EPS during Deployment: logging for review
decision,2025-01-01 00:00:28,,0.0,1,0.0,LOG: LOW risk in EPS during Deployment: logging for review
decision,2025-01-01 00:00:29,,0.0,1,0.0,LOG: LOW risk in EPS during Deployment: logging for review
decision,2025-01-01 00:00:30,,0.0,1,0.0,LOG: LOW risk in EPS during Commissioning: logging for review
decision,2025-01-01 00:00:31,,0.0,1,0.0,LOG: LOW risk in EPS during Commissioning: logging for review
decision,2025-01-01 00:00:32,,0.0,1,0.0,LOG: LOW risk in EPS during Commissioning: logging for review
decision,2025-01-01 00:00:33,,0.0,1,0.0,LOG: LOW risk in EPS during Commissioning: logging for review
decision,2025-01-01 00:00:34,,0.0,1,0.0,LOG: LOW risk in EPS during Commissioning: logging for review
decision,2025-01-01 00:00:35,,0.0,1,0.0,LOG: LOW risk in EPS during Commissioning: logging for review
decision,2025-01-01 00:00:36,,0.0,1,0.0,LOG: LOW risk in EPS during Commissioning: logging for review
decision,2025-01-01 00:00:37,,0.0,1,0.0,LOG: LOW risk in EPS during Commissioning: logging for review
decision,2025-01-01 00:00:38,,0.0,1,0.0,LOG: LOW risk in EPS during Commissioning: logging for review
decision,2025-01-01 00:00:39,,0.0,1,0.0,LOG: LOW risk in EPS during Commissioning: logging for review
decision,2025-01-01 00:00:40,,0.0,1,0.0,LOG: LOW risk in EPS during Commissioning: logging for review
decision,2025-01-01 00:00:41,,0.0,1,0.0,LOG: LOW risk in EPS during Commissioning: logging for review
decision,2025-01-01 00:00:42,,0.0,1,0.0,LOG: LOW risk in EPS during Commissioning: logging for review
decision,2025-01-01 00:00:43,,0.0,1,0.0,LOG: LOW risk in EPS during Commissioning: logging for review
decision,2025-01-01 00:00:44,,0.0,1,0.0,LOG: LOW risk in EPS during Commissioning: logging for review
decision,2025-01-01 00:00:45,,0.0,1,0.0,LOG: LOW risk in EPS during Commissioning: logging for review
decision,2025-01-01 00:00:46,,0.0,1,0.0,LOG: LOW risk in EPS during Commissioning: logging for review
decision,2025-01-01 00:00:47,,0.0,1,0.0,LOG: LOW risk in EPS during Commissioning: logging for review
decision,2025-01-01 00:00:48,,0.0,1,0.0,LOG: LOW risk in EPS during Commissioning: logging for review
decision,2025-01-01 00:00:49,,0.0,1,0.0,LOG: LOW risk in EPS during Commissioning: logging for review
decision,2025-01-01 00:00:50,,0.0,1,0.0,LOG: LOW risk in EPS during Commissioning: logging for review
decision,2025-01-01 00:00:51,,0.0,1,0.0,LOG: LOW risk in EPS during Commissioning: logging for review
decision,2025-01-01 00:00:52,,0.0,1,0.0,LOG: LOW risk in EPS during Commissioning: logging for review
decision,2025-01-01 00:00:53,,0.0,1,0.0,LOG: LOW risk in EPS during Commissioning: logging for review
decision,2025-01-01 00:00:54,,0.0,1,0.0,LOG: LOW risk in EPS during Commissioning: logging for review
decision,2025-01-01 00:00:55,,0.0,1,0.0,LOG: LOW risk in EPS during Commissioning: logging for review
decision,2025-01-01 00:00:56,,0.0,1,0.0,LOG: LOW risk in EPS during Commissioning: logging for review
decision,2025-01-01 00:00:57,,0.0,1,0.0,LOG: LOW risk in EPS during Commissioning: logging for review
decision,2025-01-01 00:00:58,,0.0,1,0.0,LOG: LOW risk in EPS during Commissioning: logging for review
decision,2025-01-01 00:00:59,,0.0,1,0.0,LOG: LOW risk in EPS during Commissioning: logging for review
decision,2025-01-01 00:01:00,,0.0,1,0.0,LOG: LOW risk in EPS during Operations: logging for review
decision,2025-01-01 00:01:01,,0.0,1,0.0,LOG: LOW risk in EPS during Operations: logging for review
decision,2025-01-01 00:01:02,,0.0,1,0.0,LOG: LOW risk in EPS during Operations: logging for review
decision,2025-01-01 00:01:03,,0.0,1,0.0,LOG: LOW risk in EPS during Operations: logging for review
decision,2025-01-01 00:01:04,,0.0,1,0.0,LOG: LOW risk in EPS during Operations: logging for review
decision,2025-01-01 00:01:05,,0.0,1,0.0,LOG: LOW risk in EPS during Operations: logging for review
decision,2025-01-01 00:01:06,,0.0,1,0.0,LOG: LOW risk in EPS during Operations: logging for review
decision,2025-01-01 00:01:07,,0.0,1,0.0,LOG: LOW risk in EPS during Operations: logging for review
decision,2025-01-01 00:01:08,,0.0,1,0.0,LOG: LOW risk in EPS during Operations: logging for review
decision,2025-01-01 00:01:09,,0.0,1,0.0,LOG: LOW risk in EPS during Operations: logging for review
decision,2025-01-01 00:01:10,,0.0,1,0.0,LOG: LOW risk in EPS during Operations: logging for review
decision,2025-01-01 00:01:11,,0.0,1,0.0,LOG: LOW risk in EPS during Operations: logging for review
decision,2025-01-01 00:01:12,,0.0,1,0.0,LOG: LOW risk in EPS during Operations: logging for review
decision,2025-01-01 00:01:13,,0.0,1,0.0,LOG: LOW risk in EPS during Operations: logging for review
decision,2025-01-01 00:01:14,,0.0,1,0.0,LOG: LOW risk in EPS during Operations: logging for review
decision,2025-01-01 00:01:15,,0.0,1,0.0,LOG: LOW risk in EPS during Operations: logging for review
decision,2025-01-01 00:01:16,,0.0,1,0.0,LOG: LOW risk in EPS during Operations: logging for review
decision,2025-01-01 00:01:17,,0.0,1,0.0,LOG: LOW risk in EPS during Operations: logging for review
decision,2025-01-01 00:01:18,,0.0,1,0.0,LOG: LOW risk in EPS during Operations: logging for review
decision,2025-01-01 00:01:19,,0.0,1,0.0,LOG: LOW risk in EPS during Operations: logging for review
decision,2025-01-01 00:01:20,,0.0,1,0.0,LOG: LOW risk in EPS during Operations: logging for review
decision,2025-01-01 00:01:21,,0.0,1,0.0,LOG: LOW risk in EPS during Operations: logging for review
decision,2025-01-01 00:01:22,,0.0,1,0.0,LOG: LOW risk in EPS during Operations: logging for review
decision,2025-01-01 00:01:23,,0.0,1,0.0,LOG: LOW risk in EPS during Operations: logging for review
decision,2025-01-01 00:01:24,,0.0,1,0.0,LOG: LOW risk in EPS during Operations: logging for review
decision,2025-01-01 00:01:25,,0.0,1,0.0,LOG: LOW risk in EPS during Operations: logging for review
decision,2025-01-01 00:01:26,,0.0,1,0.0,LOG: LOW risk in EPS during Operations: logging for review
decision,2025-01-01 00:01:27,,0.0,1,0.0,LOG: LOW risk in EPS during Operations: logging for review
decision,2025-01-01 00:01:28,,0.0,1,0.0,LOG: LOW risk in EPS during Operations: logging for review
decision,2025-01-01 00:01:29,,0.0,1,0.0,LOG: LOW risk in EPS during Operations: logging for review
decision,2025-01-01 00:01:30,,0.0,1,0.0,LOG: LOW risk in EPS during Operations: logging for review
decision,2025-01-01 00:01:31,,0.0,1,0.0,LOG: LOW risk in EPS during Operations: logging for review
decision,2025-01-01 00:01:32,,0.0,1,0.0,LOG: LOW risk in EPS during Operations: logging for review
decision,2025-01-01 00:01:33,,0.0,1,0.0,LOG: LOW risk in EPS during Operations: logging for review
decision,2025-01-01 00:01:34,,0.0,1,0.0,LOG: LOW risk in EPS during Operations: logging for review
decision,2025-01-01 00:01:35,,0.0,1,0.0,LOG: LOW risk in EPS during Operations: logging for review
decision,2025-01-01 00:01:36,,0.0,1,0.0,LOG: LOW risk in EPS during Operations: logging for review
decision,2025-01-01 00:01:37,,0.0,1,0.0,LOG: LOW risk in EPS during Operations: logging for review
decision,2025-01-01 00:01:38,,0.0,1,0.0,LOG: LOW risk in EPS during Operations: logging for review
decision,2025-01-01 00:01:39,,0.0,1,0.0,LOG: LOW risk in EPS during Operations: logging for review
decision,2025-01-01 00:01:40,,0.0,1,0.0,LOG: LOW risk in EPS during Operations: logging for review
decision,2025-01-01 00:01:41,,0.0,1,0.0,LOG: LOW risk in EPS during Operations: logging for review
decision,2025-01-01 00:01:42,,0.0,1,0.0,LOG: LOW risk in EPS during Operations: logging for review
decision,2025-01-01 00:01:43,,0.0,1,0.0,LOG: LOW risk in EPS during Operations: logging for review
decision,2025-01-01 00:01:44,,0.0,1,0.0,LOG: LOW risk in EPS during Operations: logging for review
decision,2025-01-01 00:01:45,,0.0,1,0.0,LOG: LOW risk in EPS during Operations: logging for review
decision,2025-01-01 00:01:46,,0.0,1,0.0,LOG: LOW risk in EPS during Operations: logging for review
decision,2025-01-01 00:01:47,,0.0,1,0.0,LOG: LOW risk in EPS during Operations: logging for review
decision,2025-01-01 00:01:48,,0.0,1,0.0,LOG: LOW risk in EPS during Operations: logging for review
decision,2025-01-01 00:01:49,,0.0,1,0.0,LOG: LOW risk in EPS during Operations: logging for review
decision,2025-01-01 00:01:50,,0.0,1,0.0,LOG: LOW risk in EPS during Operations: logging for review
decision,2025-01-01 00:01:51,,0.0,1,0.0,LOG: LOW risk in EPS during Operations: logging for review
decision,2025-01-01 00:01:52,,0.0,1,0.0,LOG: LOW risk in EPS during Operations: logging for review
decision,2025-01-01 00:01:53,,0.0,1,0.0,LOG: LOW risk in EPS during Operations: logging for review
decision,2025-01-01 00:01:54,,0.0,1,0.0,LOG: LOW risk in EPS during Operations: logging for review
decision,2025-01-01 00:01:55,,0.0,1,0.0,LOG: LOW risk in EPS during Operations: logging for review
decision,2025-01-01 00:01:56,,0.0,1,0.0,LOG: LOW risk in EPS during Operations: logging for review
decision,2025-01-01 00:01:57,,0.0,1,0.0,LOG: LOW risk in EPS during Operations: logging for review
decision,2025-01-01 00:01:58,,0.0,1,0.0,LOG: LOW risk in EPS during Operations: logging for review
decision,2025-01-01 00:01:59,,0.0,1,0.0,LOG: LOW risk in EPS during Operations: logging for review
decision,2025-01-01 00:02:00,,0.0,1,0.0,LOG: LOW risk in EPS during Operations: logging for review
decision,2025-01-01 00:02:01,,0.0,1,0.0,LOG: LOW risk in EPS during Operations: logging for review
decision,2025-01-01 00:02:02,,0.0,1,0.0,LOG: LOW risk in EPS during Operations: logging for review
decision,2025-01-01 00:02:03,,0.0,1,0.0,LOG: LOW risk in EPS during Operations: logging for review
decision,2025-01-01 00:02:04,,0.0,1,0.0,LOG: LOW risk in EPS during Operations: logging for review
decision,2025-01-01 00:02:05,,0.0,1,0.0,LOG: LOW risk in EPS during Operations: logging for review
decision,2025-01-01 00:02:06,,0.0,1,0.0,LOG: LOW risk in EPS during Operations: logging for review
decision,2025-01-01 00:02:07,,0.0,1,0.0,LOG: LOW risk in EPS during Operations: logging for review
decision,2025-01-01 00:02:08,,0.0,1,0.0,LOG: LOW risk in EPS during Operations: logging for review
decision,2025-01-01 00:02:09,,0.0,1,0.0,LOG: LOW risk in EPS during Operations: logging for review
decision,2025-01-01 00:02:10,,0.0,1,0.0,LOG: LOW risk in EPS during Operations: logging for review
decision,2025-01-01 00:02:11,,0.0,1,0.0,LOG: LOW risk in EPS during Operations: logging for review
decision,2025-01-01 00:02:12,,0.0,1,0.0,LOG: LOW risk in EPS during Operations: logging for review
decision,2025-01-01 00:02:13,,0.0,1,0.0,LOG: LOW risk in EPS during Operations: logging for review
decision,2025-01-01 00:02:14,,0.0,1,0.0,LOG: LOW risk in EPS during Operations: logging for review
decision,2025-01-01 00:02:15,,0.0,1,0.0,LOG: LOW risk in EPS during Operations: logging for review
decision,2025-01-01 00:02:16,,0.0,1,0.0,LOG: LOW risk in EPS during Operations: logging for review
decision,2025-01-01 00:02:17,,0.0,1,0.0,LOG: LOW risk in EPS during Operations: logging for review
decision,2025-01-01 00:02:18,,0.0,1,0.0,LOG: LOW risk in EPS during Operations: logging for review
decision,2025-01-01 00:02:19,,0.0,1,0.0,LOG: LOW risk in EPS during Operations: logging for review
decision,2025-01-01 00:02:20,,0.0,1,0.0,LOG: LOW risk in EPS during Operations: logging for review
decision,2025-01-01 00:02:21,,0.0,1,0.0,LOG: LOW risk in EPS during Operations: logging for review
decision,2025-01-01 00:02:22,,0.0,1,0.0,LOG: LOW risk in EPS during Operations: logging for review
decision,2025-01-01 00:02:23,,0.0,1,0.0,LOG: LOW risk in EPS during Operations: logging for review
decision,2025-01-01 00:02:24,,0.0,1,0.0,LOG: LOW risk in EPS during Operations: logging for review
decision,2025-01-01 00:02:25,,0.0,1,0.0,LOG: LOW risk in EPS during Operations: logging for review
decision,2025-01-01 00:02:26,,0.0,1,0.0,LOG: LOW risk in EPS during Operations: logging for review
decision,2025-01-01 00:02:27,,0.0,1,0.0,LOG: LOW risk in EPS during Operations: logging for review
decision,2025-01-01 00:02:28,,0.0,1,0.0,LOG: LOW risk in EPS during Operations: logging for review
decision,2025-01-01 00:02:29,,0.0,1,0.0,LOG: LOW risk in EPS during Operations: logging for review
decision,2025-01-01 00:02:30,,0.0,1,0.0,LOG: LOW risk in EPS during Operations: logging for review
decision,2025-01-01 00:02:31,,0.0,1,0.0,LOG: LOW risk in EPS during Operations: logging for review
decision,2025-01-01 00:02:32,,0.0,1,0.0,LOG: LOW risk in EPS during Operations: logging for review
decision,2025-01-01 00:02:33,,0.0,1,0.0,LOG: LOW risk in EPS during Operations: logging for review
decision,2025-01-01 00:02:34,,0.0,1,0.0,LOG: LOW risk in EPS during Operations: logging for review
decision,2025-01-01 00:02:35,,0.0,1,0.0,LOG: LOW risk in EPS during Operations: logging for review
decision,2025-01-01 00:02:36,,0.0,1,0.0,LOG: LOW risk in EPS during Operations: logging for review
decision,2025-01-01 00:02:37,,0.0,1,0.0,LOG: LOW risk in EPS during Operations: logging for review
decision,2025-01-01 00:02:38,,0.0,1,0.0,LOG: LOW risk in EPS during Operations: logging for review
decision,2025-01-01 00:02:39,,0.0,1,0.0,LOG: LOW risk in EPS during Operations: logging for review
decision,2025-01-01 00:02:40,,0.0,1,0.0,LOG: LOW risk in EPS during Operations: logging for review
decision,2025-01-01 00:02:41,,0.0,1,0.0,LOG: LOW risk in EPS during Operations: logging for review
decision,2025-01-01 00:02:42,,0.0,1,0.0,LOG: LOW risk in EPS during Operations: logging for review
decision,2025-01-01 00:02:43,,0.0,1,0.0,LOG: LOW risk in EPS during Operations: logging for review
decision,2025-01-01 00:02:44,,0.0,1,0.0,LOG: LOW risk in EPS during Operations: logging for review
decision,2025-01-01 00:02:45,,0.0,1,0.0,LOG: LOW risk in EPS during Operations: logging for review
decision,2025-01-01 00:02:46,,0.0,1,0.0,LOG: LOW risk in EPS during Operations: logging for review
decision,2025-01-01 00:02:47,,0.0,1,0.0,LOG: LOW risk in EPS during Operations: logging for review
decision,2025-01-01 00:02:48,,0.0,1,0.0,LOG: LOW risk in EPS during Operations: logging for review
decision,2025-01-01 00:02:49,,0.0,1,0.0,LOG: LOW risk in EPS during Operations: logging for review
decision,2025-01-01 00:02:50,,0.0,1,0.0,LOG: LOW risk in EPS during Operations: logging for review
decision,2025-01-01 00:02:51,,0.0,1,0.0,LOG: LOW risk in EPS during Operations: logging for review
decision,2025-01-01 00:02:52,,0.0,1,0.0,LOG: LOW risk in EPS during Operations: logging for review
decision,2025-01-01 00:02:53,,0.0,1,0.0,LOG: LOW risk in EPS during Operations: logging for review
decision,2025-01-01 00:02:54,,0.0,1,0.0,LOG: LOW risk in EPS during Operations: logging for review
decision,2025-01-01 00:02:55,,0.0,1,0.0,LOG: LOW risk in EPS during Operations: logging for review
decision,2025-01-01 00:02:56,,0.0,1,0.0,LOG: LOW risk in EPS during Operations: logging for review
decision,2025-01-01 00:02:57,,0.0,1,0.0,LOG: LOW risk in EPS during Operations: logging for review
decision,2025-01-01 00:02:58,,0.0,1,0.0,LOG: LOW risk in EPS during Operations: logging for review
decision,2025-01-01 00:02:59,,0.0,1,0.0,LOG: LOW risk in EPS during Operations: logging for review
decision,2025-01-01 00:03:00,,0.0,1,0.0,LOG: LOW risk in EPS during Decommissioning: logging for review
decision,2025-01-01 00:03:01,,0.0,1,0.0,LOG: LOW risk in EPS during Decommissioning: logging for review
decision,2025-01-01 00:03:02,,0.0,1,0.0,LOG: LOW risk in EPS during Decommissioning: logging for review
decision,2025-01-01 00:03:03,,0.0,1,0.0,LOG: LOW risk in EPS during Decommissioning: logging for review
decision,2025-01-01 00:03:04,,0.0,1,0.0,LOG: LOW risk in EPS during Decommissioning: logging for review
decision,2025-01-01 00:03:05,,0.0,1,0.0,LOG: LOW risk in EPS during Decommissioning: logging for review
decision,2025-01-01 00:03:06,,0.0,1,0.0,LOG: LOW risk in EPS during Decommissioning: logging for review
decision,2025-01-01 00:03:07,,0.0,1,0.0,LOG: LOW risk in EPS during Decommissioning: logging for review
decision,2025-01-01 00:03:08,,0.0,1,0.0,LOG: LOW risk in EPS during Decommissioning: logging for review
decision,2025-01-01 00:03:09,,0.0,1,0.0,LOG: LOW risk in EPS during Decommissioning: logging for review
decision,2025-01-01 00:03:10,,0.0,1,0.0,LOG: LOW risk in EPS during Decommissioning: logging for review
decision,2025-01-01 00:03:11,,0.0,1,0.0,LOG: LOW risk in EPS during Decommissioning: logging for review
decision,2025-01-01 00:03:12,,0.0,1,0.0,LOG: LOW risk in EPS during Decommissioning: logging for review
decision,2025-01-01 00:03:13,,0.0,1,0.0,LOG: LOW risk in EPS during Decommissioning: logging for review
decision,2025-01-01 00:03:14,,0.0,1,0.0,LOG: LOW risk in EPS during Decommissioning: logging for review
decision,2025-01-01 00:03:15,,0.0,1,0.0,LOG: LOW risk in EPS during Decommissioning: logging for review
decision,2025-01-01 00:03:16,,0.0,1,0.0,LOG: LOW risk in EPS during Decommissioning: logging for review
decision,2025-01-01 00:03:17,,0.0,1,0.0,LOG: LOW risk in EPS during Decommissioning: logging for review
decision,2025-01-01 00:03:18,,0.0,1,0.0,LOG: LOW risk in EPS during Decommissioning: logging for review
decision,2025-01-01 00:03:19,,0.0,1,0.0,LOG: LOW risk in EPS during Decommissioning: logging for review
