,T_component,T_ambient,bus_voltage,bus_current,label_anomaly,alert_rule,alert_z,alert_combined
2025-08-15 03:00:00,35.233598579758464,28.5703572057259,7.78352129026056,0.8643670428024742,0,0,0,0
2025-08-15 03:00:01,35.76095043732872,27.981801755855614,7.785617810971016,1.0880803024234593,0,0,0,0
2025-08-15 03:00:02,36.26239551675642,27.78747796992686,7.840996241915718,1.1160309469590917,0,0,0,0
2025-08-15 03:00:03,36.19824847320699,27.545885682216152,7.800013656379149,1.1027328081876775,0,0,0,0
2025-08-15 03:00:04,35.27042049951153,27.459058097123215,7.815642600030629,1.0744538006066204,0,0,0,0
2025-08-15 03:00:05,35.745550971244874,27.524759217098353,7.7841820123666485,1.1001881946855325,0,0,0,0
2025-08-15 03:00:06,36.5019927492576,28.080137995303446,7.784402941075567,1.0540539405426907,0,0,0,0
2025-08-15 03:00:07,36.47937374402307,28.15261750696898,7.821639696184999,1.134508021876949,0,0,0,0
2025-08-15 03:00:08,35.294619734044744,27.52564278939036,7.773008475768969,1.0938414794151126,0,0,0,0
2025-08-15 03:00:09,36.30569745911356,28.268511494222835,7.791695724641895,1.1335564983276598,0,0,0,0
2025-08-15 03:00:10,36.20648651388179,27.85508168449497,7.800680548221444,1.0842040493871188,0,0,0,0
2025-08-15 03:00:11,35.51926687669127,28.044037903595665,7.802227452036801,1.0842927203478026,0,0,0,0
2025-08-15 03:00:12,35.574049353753104,28.483666188476626,7.796418134299676,1.0770743964008647,0,0,0,0
2025-08-15 03:00:13,34.93294431054354,28.26905179475966,7.807916395621918,1.1262852179507923,0,0,0,0
2025-08-15 03:00:14,35.113534108837634,27.919440805628252,7.813857115116356,1.0787170652801459,0,0,0,0
2025-08-15 03:00:15,35.716031957055336,27.732642332375413,7.814692750909186,1.1193378629724553,0,0,0,0
2025-08-15 03:00:16,35.247018869406716,27.35445537960121,7.7802839238266435,1.0885264280699214,0,0,0,0
2025-08-15 03:00:17,36.31449856657494,27.784254004227275,7.794316898041424,1.0407211010032515,0,0,0,0
2025-08-15 03:00:18,35.158157291039494,27.936660928351692,7.823895257237538,1.0828905779664062,0,0,0,0
2025-08-15 03:00:19,34.80027723142268,27.703846141854644,7.8178929437514775,1.0646267535691147,0,0,0,0
2025-08-15 03:00:20,36.662937113640446,27.96062290987231,7.7725428109703785,1.1010170817104703,0,0,0,0
2025-08-15 03:00:21,35.14103422200383,28.02305556488763,7.807029598007044,1.0642877679297653,0,0,0,0
2025-08-15 03:00:22,35.775978839656986,27.932543205457577,7.760435495012503,1.1277792530214386,0,0,0,0
2025-08-15 03:00:23,36.00952100781663,27.80499922575296,7.800938698041207,1.0972677241894093,0,0,0,0
2025-08-15 03:00:24,35.57923602194994,28.050596401590017,7.837955340334919,1.094672120157238,0,0,0,0
2025-08-15 03:00:25,35.56417712320988,28.13258219487082,7.78104214565462,1.1196767641336276,0,0,0,0
2025-08-15 03:00:26,35.32525320308438,27.672880276767145,7.783313539090168,1.128917208022276,0,0,0,0
2025-08-15 03:00:27,35.937579010183384,28.423279713923883,7.815280595631457,1.0993970374469106,0,0,0,0
2025-08-15 03:00:28,35.599907009120756,27.97042356031472,7.769143969695807,1.0768639910135214,0,0,0,0
2025-08-15 03:00:29,35.8488882456226,28.005654886883455,7.787344899402299,1.0467809115166362,0,0,0,0
2025-08-15 03:00:30,35.29953956301631,28.212464326976967,7.811928822751635,1.0794185072889446,0,0,0,0
2025-08-15 03:00:31,36.96279828761277,28.06996483937905,7.787314283046212,1.0814836326005612,0,0,0,0
2025-08-15 03:00:32,35.855879681197976,28.285940990173973,7.79528060025578,1.103211723589769,0,0,0,0
2025-08-15 03:00:33,35.558614140018086,28.086137249560547,7.8148837142063,1.0896455935658593,0,0,0,0
2025-08-15 03:00:34,35.971980614902364,27.816268787607868,7.808430921670731,1.120637989161543,0,0,0,0
2025-08-15 03:00:35,35.633258074260475,28.10845105756183,7.805336367925908,1.0816105018618793,0,0,0,0
2025-08-15 03:00:36,35.81928233579863,27.6568821378038,7.793217554414599,1.0982887649944117,0,0,0,0
2025-08-15 03:00:37,35.08552007882147,28.032567911732958,7.807401222305379,1.1355196232959068,0,0,0,0
2025-08-15 03:00:38,35.035449061143844,27.990031002806663,7.797525346398005,1.1102547564186491,0,0,0,0
2025-08-15 03:00:39,35.62951158774711,27.937564942818238,7.809156112198515,1.098198873749343,0,0,0,0
2025-08-15 03:00:40,36.26743795861138,27.96143874656832,7.79006135949764,1.0819416667419448,0,0,0,0
2025-08-15 03:00:41,35.757645604924136,27.43544528635071,7.796348620512409,1.0810030580985508,0,0,0,0
2025-08-15 03:00:42,35.54028491516861,27.835382527677712,7.780200844148959,1.0744816024114416,0,0,0,0
2025-08-15 03:00:43,35.51876268625752,28.027853470342336,7.799299847799875,1.0837697940265132,0,0,0,0
2025-08-15 03:00:44,35.38332947178238,28.04795691759922,7.783779982727423,1.1226699751623295,0,0,0,0
2025-08-15 03:00:45,35.35480285134121,27.691697457722213,7.77771907099676,1.093343351861232,0,0,0,0
2025-08-15 03:00:46,35.58633075871554,28.37971235225941,7.805173222957108,1.0595068079185632,0,0,0,0
2025-08-15 03:00:47,36.226605828059334,27.74014754553565,7.804254795517153,1.1530450787917936,0,0,0,0
2025-08-15 03:00:48,35.45811009432481,28.29083716015802,7.8156574746989715,1.109598955734355,0,0,0,0
2025-08-15 03:00:49,34.727002336511525,28.128158308561506,7.791377488608497,1.057791697984605,0,0,0,0
2025-08-15 03:00:50,36.0137030600698,27.80613180704686,7.808161056936735,1.0867445321827753,0,0,0,0
2025-08-15 03:00:51,35.46170974754529,28.532593267782854,7.811015951445473,1.1033265914848527,0,0,0,0
2025-08-15 03:00:52,35.79341242769772,27.641908950473056,7.808895476156632,1.1511377627989214,0,0,0,0
2025-08-15 03:00:53,36.28637229159898,28.275746252083,7.783486926343957,1.066756626252234,0,0,0,0
2025-08-15 03:00:54,36.39219197558724,28.300174695412892,7.802987269645423,1.1292812215806785,0,0,0,0
2025-08-15 03:00:55,36.627454994474625,27.798813937277007,7.807282805921093,1.1419845928091703,0,0,0,0
2025-08-15 03:00:56,35.44354065877515,28.4177395900193,7.800143569338158,1.081140370847763,0,0,0,0
2025-08-15 03:00:57,35.83853553113548,27.924986045620315,7.7582704468325785,1.091674591434193,0,0,0,0
2025-08-15 03:00:58,35.78640512841241,28.086608088783958,7.803209792479469,1.068910722578787,0,0,0,0
2025-08-15 03:00:59,36.803310529066124,28.078096551631365,7.844250620787944,1.093896165767591,0,0,0,0
2025-08-15 03:01:00,36.10423871797089,27.959707377558836,7.792799214624861,1.098902300769712,0,0,0,0
2025-08-15 03:01:01,35.72870651796392,28.243242481947934,7.7854384580428935,1.1197894999424711,0,0,0,0
2025-08-15 03:01:02,35.454112567873885,28.238046616165665,7.807466971194228,1.1327055041306135,0,0,0,0
2025-08-15 03:01:03,35.661341750208926,27.475440408028547,7.806247564209332,1.0775571180613506,0,0,0,0
2025-08-15 03:01:04,36.08822545275415,28.391302072863446,7.823854703308328,1.0409802480732202,0,0,0,0
2025-08-15 03:01:05,36.1783399937284,27.501252403589298,7.774842636881822,1.0993626566217127,0,0,0,0
2025-08-15 03:01:06,35.98969338911959,28.309763861302496,7.814627605051499,1.1088061258990594,0,0,0,0
2025-08-15 03:01:07,36.22102297067772,28.338011541048274,7.811808441225029,1.1074825306305514,0,0,0,0
2025-08-15 03:01:08,35.990403022430364,27.67271007093544,7.797157069261189,1.0901998025747288,0,0,0,0
2025-08-15 03:01:09,35.33338426239096,27.876755713613626,7.8067737463584335,1.103742562989918,0,0,0,0
2025-08-15 03:01:10,35.515140205112516,27.66828859945422,7.820589149631967,1.1454633442505675,0,0,0,0
2025-08-15 03:01:11,36.47425022905616,27.935523690913378,7.8174463076005685,1.1114520250688753,0,0,0,0
2025-08-15 03:01:12,36.011910094729565,27.907589714744276,7.777139613758525,1.0887989472499076,0,0,0,0
2025-08-15 03:01:13,36.36940577505659,28.233898159680802,7.816403163735109,1.0849940654871202,0,0,0,0
2025-08-15 03:01:14,35.111209338253815,28.393092623835884,7.798706227899349,1.0949044292696681,0,0,0,0
2025-08-15 03:01:15,35.9527819203962,28.418705143236988,7.80145748196031,1.1491021988549193,0,0,0,0
2025-08-15 03:01:16,35.57114271355378,27.83134959202651,7.801463939820033,1.0945009787142141,0,0,0,0
2025-08-15 03:01:17,35.66358948301462,27.937233437876642,7.796995140224035,1.0994061696643789,0,0,0,0
2025-08-15 03:01:18,35.81605616677637,27.494968542333716,7.823834149942141,1.085530592871911,0,0,0,0
2025-08-15 03:01:19,35.19746461699344,27.758238980051143,7.798325640803015,1.132969500723259,0,0,0,0
2025-08-15 03:01:20,35.518390538849,28.28945548992924,7.777609077432336,1.1587951176423403,0,0,0,0
2025-08-15 03:01:21,36.28486858780842,28.48467484706447,7.792129402880605,1.1135183914829416,0,0,0,0
2025-08-15 03:01:22,36.88288685852367,27.629695338436022,7.80357389433621,1.102483187113563,0,0,0,0
2025-08-15 03:01:23,35.58290590594846,27.822260722254132,7.824584295685941,1.101103484995227,0,0,0,0
2025-08-15 03:01:24,35.7890301638888,27.992078272912323,7.812061893698976,1.0284707963364277,0,0,0,0
2025-08-15 03:01:25,35.33517291490987,28.084048347645883,7.782989294425059,1.1223545259285446,0,0,0,0
2025-08-15 03:01:26,36.434966232376304,27.757118944023507,7.849703798333578,1.1040249924798753,0,0,0,0
2025-08-15 03:01:27,36.193319546003735,28.127218313339228,7.80529550621956,1.112850261519822,0,0,0,0
2025-08-15 03:01:28,35.80395523854065,27.857848195878724,7.82550781475998,1.078656134177489,0,0,0,0
2025-08-15 03:01:29,36.001416201027766,27.995664318736516,7.796965711328455,1.0884662936306873,0,0,0,0
2025-08-15 03:01:30,35.1002687844287,28.16388527440111,7.8106671848941085,1.087669251904905,0,0,0,0
2025-08-15 03:01:31,36.02702621030012,28.00192668094328,7.816789370090368,1.1306486895221912,0,0,0,0
2025-08-15 03:01:32,35.36269975802791,27.86908423284203,7.824363894235085,1.0886372049019073,0,0,0,0
2025-08-15 03:01:33,35.42437140684577,27.96711705882225,7.821147366107565,1.162479809663294,0,0,0,0
2025-08-15 03:01:34,35.673717489883906,27.9734911122384,7.81744394000146,1.1129258725704512,0,0,0,0
2025-08-15 03:01:35,35.10985315936684,27.888996691035363,7.7936982653761175,1.0617295202001282,0,0,0,0
2025-08-15 03:01:36,35.71229510838457,27.922361181199868,7.788565079160879,1.0961436112024414,0,0,0,0
2025-08-15 03:01:37,35.63972207181,28.479594151151414,7.806652150206483,1.0804497463353075,0,0,0,0
2025-08-15 03:01:38,35.62316713628568,28.16827583438237,7.818662561446821,1.0341685259053994,0,0,0,0
2025-08-15 03:01:39,35.98653994961242,27.91135590459125,7.795545585984468,1.1479841282034138,0,0,0,0
2025-08-15 03:01:40,35.06859543952296,28.209086321353222,7.8213034393142875,1.1210942762666003,0,0,0,0
2025-08-15 03:01:41,35.50300719428554,27.899854153073196,7.829052334909724,1.1159962195369795,0,0,0,0
2025-08-15 03:01:42,35.54873978963348,28.351937391275992,7.781673581618532,1.1049621098089912,0,0,0,0
2025-08-15 03:01:43,35.5638374707637,28.110892657659427,7.783261585924074,1.058539472939227,0,0,0,0
2025-08-15 03:01:44,35.84954808746573,27.967809356798732,7.797192498821893,1.0854914858133369,0,0,0,0
2025-08-15 03:01:45,35.200456207915025,28.134315077743082,7.806152253363784,1.1252534232435205,0,0,0,0
2025-08-15 03:01:46,36.80988316394111,27.52873715437945,7.789508659724659,1.068463399106525,0,0,0,0
2025-08-15 03:01:47,36.22892313369367,27.661969759327057,7.8270440535773425,1.0240469205124756,0,0,0,0
2025-08-15 03:01:48,35.640473521948685,27.641822498080284,7.8084813372303685,1.0931868197665724,0,0,0,0
2025-08-15 03:01:49,35.52714707250982,28.042882928429112,7.800788940964814,1.095747273379174,0,0,0,0
2025-08-15 03:01:50,34.91992816693581,28.51975449984553,7.7712818095226295,1.1040669024924414,0,0,0,0
2025-08-15 03:01:51,35.600393444956154,28.66939004385779,7.773683683671449,1.1218555593054362,0,0,0,0
2025-08-15 03:01:52,35.88007380246306,28.19141533043223,7.805620185005636,1.1191281743669363,0,0,0,0
2025-08-15 03:01:53,36.298665523404395,28.15025334248334,7.757348087476903,1.1077630941573178,0,0,0,0
2025-08-15 03:01:54,35.44357371207836,27.459682679754177,7.820252748192881,1.1358659416426014,0,0,0,0
2025-08-15 03:01:55,36.30541823697717,27.837197860079794,7.796836923112553,1.0544309065756006,0,0,0,0
2025-08-15 03:01:56,35.554060300280895,27.76366487442753,7.864861859391895,1.1151374544343218,0,0,0,0
2025-08-15 03:01:57,35.64338585447791,27.813745720524665,7.846158325012322,1.1187961509001083,0,0,0,0
2025-08-15 03:01:58,36.34596367470354,27.949556854424564,7.79637101861505,1.0628131314175928,0,0,0,0
2025-08-15 03:01:59,35.648456284427645,27.85837282669086,7.797873259949373,1.0549138817395285,0,0,0,0
2025-08-15 03:02:00,36.275245077621264,27.406210056887264,7.81991163028004,1.077621736205732,0,0,0,0
2025-08-15 03:02:01,35.406828192533894,28.22437307683526,7.834063452198361,1.0801537567245414,0,0,0,0
2025-08-15 03:02:02,36.247250960312,27.67817709227806,7.76723941885128,1.122602583905073,0,0,0,0
2025-08-15 03:02:03,35.30049884817608,28.071774059233345,7.764272490692906,1.0815638364892672,0,0,0,0
2025-08-15 03:02:04,36.1534012089118,28.622224800924993,7.787559303888912,1.074309544451564,0,0,0,0
2025-08-15 03:02:05,36.85308020581765,27.724184622524074,7.811654751663477,1.0816509878991634,0,0,0,0
2025-08-15 03:02:06,35.69834868183472,27.2409137431761,7.8099374718101515,1.1335589700246265,0,0,0,0
2025-08-15 03:02:07,35.675514886353476,27.914198733435967,7.8213954290996766,1.1003913012313087,0,0,0,0
2025-08-15 03:02:08,35.49595202383846,28.330287890499573,7.776006049432693,1.0946224692392927,0,0,0,0
2025-08-15 03:02:09,35.480198373940716,28.587504236266177,7.753677122740623,1.0966998350389685,0,0,0,0
2025-08-15 03:02:10,35.9154967113907,27.631135121664276,7.817160283906043,1.1387618100297958,0,0,0,0
2025-08-15 03:02:11,36.00854795501784,28.149009766970956,7.783436074540695,1.0775248482019029,0,0,0,0
2025-08-15 03:02:12,35.96740033971243,27.860406862965984,7.759630242712227,1.1394652487282033,0,0,0,0
2025-08-15 03:02:13,36.338295492803866,27.968215493708758,7.802901274919187,1.1063148889676453,0,0,0,0
2025-08-15 03:02:14,35.49268082419542,28.79330300410511,7.8158635137643735,1.0951874185407398,0,0,0,0
2025-08-15 03:02:15,36.49532552945229,27.549108901481453,7.797558857357575,1.1750270149380286,0,0,0,0
2025-08-15 03:02:16,35.477553673096295,28.07612189844837,7.79084303227635,1.0683308153060422,0,0,0,0
2025-08-15 03:02:17,35.236724239556104,28.14030795152963,7.796812755357082,1.0893894272129898,0,0,0,0
2025-08-15 03:02:18,36.12991870006492,28.325735897481803,7.792588344751985,1.0630270628250802,0,0,0,0
2025-08-15 03:02:19,35.610322911561965,28.02939494604127,7.7730390577611965,1.1285738591160852,0,0,0,0
2025-08-15 03:02:20,35.741073975136345,28.092415161851232,7.785706386460191,1.1506756680095505,0,0,0,0
2025-08-15 03:02:21,36.42584535147842,27.882505429773463,7.810425598100276,1.1500976834421393,0,0,0,0
2025-08-15 03:02:22,35.36990446764881,28.080738082373532,7.806433570827529,1.1367184625943803,0,0,0,0
2025-08-15 03:02:23,35.646433433584804,27.897042317350778,7.8033611961193365,1.094071385966121,0,0,0,0
2025-08-15 03:02:24,35.79112740161345,28.186471566956815,7.780097030362932,1.0890427706753047,0,0,0,0
2025-08-15 03:02:25,35.85825127609163,27.88911689918691,7.796369936757286,1.0498649068251782,0,0,0,0
2025-08-15 03:02:26,35.09967831397641,28.113130118170655,7.756458699071143,1.1610762060554538,0,0,0,0
2025-08-15 03:02:27,34.94991603385302,27.991221155894507,7.803569533277708,1.114069342344454,0,0,0,0
2025-08-15 03:02:28,35.78366451090225,28.33781507523165,7.828577154156271,1.0852412928539157,0,0,0,0
2025-08-15 03:02:29,36.27365778949274,27.984581882923454,7.770517357359157,1.1398417066696092,0,0,0,0
2025-08-15 03:02:30,35.671327882865775,27.468090259537934,7.788281446533644,1.0708170644972002,0,0,0,0
2025-08-15 03:02:31,35.97019408856396,28.378576450214197,7.806582135574202,1.1121986610266803,0,0,0,0
2025-08-15 03:02:32,35.402272922950864,27.728280309741216,7.825056852688549,1.094821125971275,0,0,0,0
2025-08-15 03:02:33,36.18761796312363,27.803870098405355,7.791035507673997,1.119160314196409,0,0,0,0
2025-08-15 03:02:34,36.24501956347037,27.821301611786954,7.786154993414682,1.0980927938244165,0,0,0,0
2025-08-15 03:02:35,35.73027692832419,28.412331427951244,7.760621537151678,1.0564721632666634,0,0,0,0
2025-08-15 03:02:36,36.62284344273359,27.35929773580639,7.8020687625861616,1.1022672911801012,0,0,0,0
2025-08-15 03:02:37,35.931768284154494,28.941324560097996,7.840841520802875,1.131465924256261,0,0,0,0
2025-08-15 03:02:38,35.02550992507112,28.316817042719816,7.8055471692392935,1.0991235078243806,0,0,0,0
2025-08-15 03:02:39,36.54850366373408,28.066971674238747,7.799554420416325,1.1232534536476726,0,0,0,0
2025-08-15 03:02:40,35.220209077470926,27.983531799815115,7.806441646215339,1.0686341154297785,0,0,0,0
2025-08-15 03:02:41,36.280745428255194,28.0856662224573,7.799778159921027,1.0992121762019045,0,0,0,0
2025-08-15 03:02:42,36.52832962475881,28.1563367285138,7.783739712554797,1.0812646863473427,0,0,0,0
2025-08-15 03:02:43,35.33290694843298,28.193564675785016,7.816465598313554,1.1224094252031414,0,0,0,0
2025-08-15 03:02:44,36.444853583526715,28.166681339801034,7.8045152304622345,1.10094474686786,0,0,0,0
2025-08-15 03:02:45,36.156165671609315,28.026874204376576,7.800352265038673,1.1207022102900985,0,0,0,0
2025-08-15 03:02:46,36.56081502284323,27.9407984739078,7.780492679454435,1.132631312784736,0,0,0,0
2025-08-15 03:02:47,36.4413805764549,27.954618014903946,7.826070158638695,1.1207485572536418,0,0,0,0
2025-08-15 03:02:48,35.38037874927892,27.941527515894197,7.813294054906662,1.1081935530288094,0,0,0,0
2025-08-15 03:02:49,35.372133095395874,28.34013102906012,7.788941583252654,1.0700536322446579,0,0,0,0
2025-08-15 03:02:50,35.496407613783376,28.17806701668426,7.820036497073638,1.099916416679993,0,0,0,0
2025-08-15 03:02:51,35.488229067785085,27.117883409600715,7.790048583232296,1.084007287939525,0,0,0,0
2025-08-15 03:02:52,35.67079984216572,28.19677023295893,7.784359930149779,1.0896780812988733,0,0,0,0
2025-08-15 03:02:53,35.459161425182344,28.058420858415634,7.784805937650394,1.0887639754774925,0,0,0,0
2025-08-15 03:02:54,36.02829706876428,27.994387373066232,7.764578628938238,1.0706022327565328,0,0,0,0
2025-08-15 03:02:55,36.62395941938496,27.883444464073335,7.809430847608364,1.0412798423259804,0,0,0,0
2025-08-15 03:02:56,35.921263566281915,28.337233815995805,7.763377102433233,1.079955708550167,0,0,0,0
2025-08-15 03:02:57,36.533697510626304,28.284257938636856,7.775431123374685,1.105801383557725,0,0,0,0
2025-08-15 03:02:58,35.83724859324359,27.768136699652917,7.758488239818429,1.0595546886371754,0,0,0,0
2025-08-15 03:02:59,36.98732933410645,28.12211568613736,7.798278606144182,1.1004704670941488,0,0,0,0
2025-08-15 03:03:00,36.28318343082302,27.708502979637615,7.796993590794562,1.157008052729329,0,0,0,0
2025-08-15 03:03:01,35.555980397729904,27.58611455056332,7.793466075736273,1.1306916966575673,0,0,0,0
2025-08-15 03:03:02,35.29347370836223,27.81198483262301,7.779148446106588,1.149306245273616,0,0,0,0
2025-08-15 03:03:03,35.79399173859508,28.25871804171483,7.776555324931267,1.1117338363079818,0,0,0,0
2025-08-15 03:03:04,35.64837147204949,28.285937513612826,7.809287397270931,1.1350252946895936,0,0,0,0
2025-08-15 03:03:05,36.164132571749505,28.15392562602919,7.78898896136583,1.0782810580859665,0,0,0,0
2025-08-15 03:03:06,35.91027430954867,28.217528736054398,7.806327166430723,1.0806697919893407,0,0,0,0
2025-08-15 03:03:07,35.84945310572011,28.15485348613449,7.782295026277516,1.017825793815876,0,0,0,0
2025-08-15 03:03:08,35.57107004619774,27.807555521433116,7.803621254855422,1.135584364221269,0,0,0,0
2025-08-15 03:03:09,35.4023559679432,28.12957676340218,7.826065560746321,1.1462097193945966,0,0,0,0
2025-08-15 03:03:10,35.94209276138293,28.240122857568306,7.811723316007855,1.083404682639582,0,0,0,0
2025-08-15 03:03:11,36.1620613723491,28.226287398944073,7.79175172363567,1.092381448808083,0,0,0,0
2025-08-15 03:03:12,35.55869335636516,28.356674011442394,7.805143979407118,1.0773841365892713,0,0,0,0
2025-08-15 03:03:13,35.2154284643104,28.21249115416032,7.795186696509395,1.1114796065443249,0,0,0,0
2025-08-15 03:03:14,35.88028801219212,28.105434462262476,7.800157603693894,1.1337479763590974,0,0,0,0
2025-08-15 03:03:15,35.49518476284726,28.32104507149493,7.793487778957029,1.0477168407835689,0,0,0,0
2025-08-15 03:03:16,35.79362315554516,27.99204362222528,7.796713295882292,1.1122831559192676,0,0,0,0
2025-08-15 03:03:17,35.89708452050582,27.735437604631684,7.804241867061483,1.0916998468484258,0,0,0,0
2025-08-15 03:03:18,35.91862169602347,27.951079910816873,7.78013282600836,1.1034018317590009,0,0,0,0
2025-08-15 03:03:19,35.68419349649932,27.776529206558067,7.7796824234602004,1.1137698200502288,0,0,0,0
2025-08-15 03:03:20,35.78557923660372,27.797446517507687,7.772229148923375,1.0943539268368154,0,0,0,0
2025-08-15 03:03:21,36.167824293268296,27.956644398785343,7.767994577909926,1.0968923943978266,0,0,0,0
2025-08-15 03:03:22,36.205754466494625,27.762274023700012,7.77565434615559,1.093583744973361,0,0,0,0
2025-08-15 03:03:23,36.17549910405998,27.907611541108288,7.803189250136082,1.1291094860536486,0,0,0,0
2025-08-15 03:03:24,35.05588415586607,27.431915599913864,7.7821442496901625,1.112562798803825,0,0,0,0
2025-08-15 03:03:25,35.84127078745558,28.06398811221188,7.8102722892846215,1.1066175061321208,0,0,0,0
2025-08-15 03:03:26,35.91213909686457,28.000361642608667,7.800694274975051,1.0618714483672316,0,0,0,0
2025-08-15 03:03:27,36.180380442088804,27.754873410679544,7.760629915731239,1.0886426077036055,0,0,0,0
2025-08-15 03:03:28,35.53726722765443,28.197773700529723,7.813099511684434,1.1269600748101753,0,0,0,0
2025-08-15 03:03:29,37.63608972868433,28.28127104128797,7.816215972911834,1.1011308971937177,0,0,0,0
2025-08-15 03:03:30,36.29140899326653,27.517732040689307,7.780122746503303,1.1197859440876743,0,0,0,0
2025-08-15 03:03:31,36.278584783646565,27.771182566430134,7.8084038308579,1.152995354009829,0,0,0,0
2025-08-15 03:03:32,36.1248650888628,27.76925729506381,7.782870035251816,1.1311581820762646,0,0,0,0
2025-08-15 03:03:33,36.16055650192571,27.71802906966734,7.801953407534967,1.1027947501309923,0,0,0,0
2025-08-15 03:03:34,36.246089967363936,28.248842452579524,7.7747100318609,1.0846703248941283,0,0,0,0
2025-08-15 03:03:35,35.66277851347143,27.94185215836816,7.764137870949308,1.023393512118323,0,0,0,0
2025-08-15 03:03:36,35.6863767610785,27.920645547606817,7.79234365620774,1.0949484523258146,0,0,0,0
2025-08-15 03:03:37,35.47736823176552,27.398841290677975,7.7975254210745035,1.0902196251254945,0,0,0,0
2025-08-15 03:03:38,35.60087498179342,28.19062540906277,7.7920464061277075,1.1117109858318615,0,0,0,0
2025-08-15 03:03:39,35.77077962598486,27.628222481543958,7.776319388835549,1.0953828431907595,0,0,0,0
2025-08-15 03:03:40,36.618783862219956,28.0179797890799,7.792002018757377,1.0903884482168962,0,0,0,0
2025-08-15 03:03:41,35.050477640700116,28.08321308138746,7.805385895051614,1.0466180320847835,0,0,0,0
2025-08-15 03:03:42,35.79096128983035,28.408197578751594,7.799102139397549,1.071800965125498,0,0,0,0
2025-08-15 03:03:43,35.41220876055613,27.607353880264267,7.803650020611984,1.1142995312240167,0,0,0,0
2025-08-15 03:03:44,35.16269137588458,27.094146353253752,7.786597695990915,1.151477228933981,0,0,0,0
2025-08-15 03:03:45,36.37052136699403,28.055154863426107,7.823434358294323,1.0970742384876313,0,0,0,0
2025-08-15 03:03:46,35.74407804450454,28.540153354453256,7.776476533268904,1.1098343322072237,0,0,0,0
2025-08-15 03:03:47,35.076170865376405,28.37168390588183,7.809751205941734,1.1285743447085843,0,0,0,0
2025-08-15 03:03:48,35.56447435894568,28.06289782458239,7.823637821859199,1.0756731819139926,0,0,0,0
2025-08-15 03:03:49,35.682601327897245,27.852509144310385,7.809618161854978,1.1110044212985632,0,0,0,0
2025-08-15 03:03:50,35.51778180274305,28.242136778991192,7.7959495154587035,1.0777852968100354,0,0,0,0
2025-08-15 03:03:51,35.530864208879905,27.70793614008866,7.78943405906674,1.1259447331547303,0,0,0,0
2025-08-15 03:03:52,35.933546757040986,28.142907330806867,7.8207217530209245,1.104542091438552,0,0,0,0
2025-08-15 03:03:53,35.30827052755007,28.151641047749987,7.7715405014947665,1.1089535544194433,0,0,0,0
2025-08-15 03:03:54,36.5448291314728,28.318062972249663,7.780597514792407,1.0765220420774424,0,0,0,0
2025-08-15 03:03:55,36.127054955912996,28.827898011673323,7.792048844690165,1.1212109707883235,0,0,0,0
2025-08-15 03:03:56,34.796807437376394,28.11772479015363,7.82475307515024,1.1625413876369306,0,0,0,0
2025-08-15 03:03:57,35.860090725990695,27.84731091228775,7.807595352720818,1.069762649137154,0,0,0,0
2025-08-15 03:03:58,35.15682778878143,27.9923277063424,7.780639084829795,1.0898072297705743,0,0,0,0
2025-08-15 03:03:59,36.29869223481753,27.469277228533265,7.793793845892302,1.1069482242250428,0,0,0,0
2025-08-15 03:04:00,35.92422015601461,27.791586060673282,7.787713537118074,1.1235921863598746,0,0,0,0
2025-08-15 03:04:01,36.45215764039072,27.87721526856607,7.785804220155329,1.083213611441316,0,0,0,0
2025-08-15 03:04:02,36.024786948258786,27.842773480619623,7.8195777911711355,1.015009091295718,0,0,0,0
2025-08-15 03:04:03,36.34335311286734,28.045706461610116,7.7725651374147295,1.1407756848249209,0,0,0,0
2025-08-15 03:04:04,34.87472501895081,27.75327402028534,7.832175617114688,1.1228151835875244,0,0,0,0
2025-08-15 03:04:05,36.041883087240016,28.33630920019734,7.816564593803692,1.0477115740854002,0,0,0,0
2025-08-15 03:04:06,35.804079001716644,28.00006211947546,7.821817233412074,1.0817729362466133,0,0,0,0
2025-08-15 03:04:07,35.41768494573271,27.997209903658415,7.790741209759495,1.14704547288582,0,0,0,0
2025-08-15 03:04:08,36.815476896184684,27.901631585046125,7.797001185618417,1.1434338925537362,0,0,0,0
2025-08-15 03:04:09,35.89837366522304,28.046557205157693,7.771336963709506,1.1281592006803685,0,0,0,0
2025-08-15 03:04:10,35.18114012251234,28.247529479400292,7.789506751858664,1.0947166269812043,0,0,0,0
2025-08-15 03:04:11,36.28597851017878,27.73986093528673,7.809873096952863,1.1024896225643754,0,0,0,0
2025-08-15 03:04:12,36.38302385384747,27.802565053277423,7.825921261235628,1.0960722258462163,0,0,0,0
2025-08-15 03:04:13,36.46839229532044,27.908882191367,7.777856863663951,1.1338471934980652,0,0,0,0
2025-08-15 03:04:14,34.92825456063668,27.596238722958034,7.792689881260294,1.0737247278051467,0,0,0,0
2025-08-15 03:04:15,35.3437926733977,27.75422264208355,7.7969740155953495,1.075826010353474,0,0,0,0
2025-08-15 03:04:16,36.07934201257256,27.857133737936604,7.77208421595615,1.1303082376050806,0,0,0,0
2025-08-15 03:04:17,35.70680722313151,28.262316754213817,7.811826984835168,1.0986691563346533,0,0,0,0
2025-08-15 03:04:18,35.82333393087856,28.07876839870058,7.785520193365148,1.1413540206636144,0,0,0,0
2025-08-15 03:04:19,35.772854675279945,28.058076973410262,7.7960921929764595,1.0798546337905837,0,0,0,0
2025-08-15 03:04:20,35.27780781138481,28.25526938865039,7.7909610125617625,1.0983566491898353,0,0,0,0
2025-08-15 03:04:21,35.76817926490515,27.958788463480182,7.784213229885606,1.0723276104546815,0,0,0,0
2025-08-15 03:04:22,34.20824994305627,28.117139454978666,7.799859100290389,1.1002208804427072,0,0,0,0
2025-08-15 03:04:23,35.10232466620769,27.969033474120252,7.79568780842864,1.0556435918900362,0,0,0,0
2025-08-15 03:04:24,36.22679682296763,28.07960870481989,7.792562842354426,1.0853709973713512,0,0,0,0
2025-08-15 03:04:25,35.08574537626058,27.825172402716525,7.785430767566393,1.0569123840521566,0,0,0,0
2025-08-15 03:04:26,36.3722039293794,27.26835485251707,7.806390493415659,1.1208176969957377,0,0,0,0
2025-08-15 03:04:27,35.13613419861592,27.95971625134411,7.833072345369845,1.1214976801927896,0,0,0,0
2025-08-15 03:04:28,35.51864300337859,28.426824440829982,7.802797744656782,1.0480921180854696,0,0,0,0
2025-08-15 03:04:29,36.00763291590671,28.277864620672478,7.819922364298223,1.1400165723650173,0,0,0,0
2025-08-15 03:04:30,36.61354505324446,28.289619245377352,7.772195561496931,1.1749224537925957,0,0,0,0
2025-08-15 03:04:31,35.14916653164532,28.370839216541864,7.803155228785875,1.1013801916020902,0,0,0,0
2025-08-15 03:04:32,35.95614592921389,28.02659727728843,7.778052633620579,1.0807665721932607,0,0,0,0
2025-08-15 03:04:33,36.12270328137006,28.05919471222168,7.770461501449362,1.1847299177300914,0,0,0,0
2025-08-15 03:04:34,35.38356126678165,27.814704431369695,7.785212571850819,1.0604309450509248,0,0,0,0
2025-08-15 03:04:35,36.417421843419596,27.905178143191886,7.823837986688272,1.100603194006073,0,0,0,0
2025-08-15 03:04:36,35.3182274038381,28.184731344931343,7.819000316573392,1.1053886681789578,0,0,0,0
2025-08-15 03:04:37,35.60876405445731,28.361165331150644,7.8048600944410875,1.1403544286135725,0,0,0,0
2025-08-15 03:04:38,36.30757241746505,27.9581661172957,7.769345988802201,1.1107921692538036,0,0,0,0
2025-08-15 03:04:39,35.55755852739575,27.864943220544575,7.796074386972241,1.0850409831263466,0,0,0,0
2025-08-15 03:04:40,35.78903358226684,28.000158387656978,7.806034000178035,1.0714644688883614,0,0,0,0
2025-08-15 03:04:41,36.13873019270601,28.180362024678736,7.803510724591572,1.089745345392616,0,0,0,0
2025-08-15 03:04:42,36.294707771736896,27.566843555159938,7.763124128330385,1.0697921791716458,0,0,0,0
2025-08-15 03:04:43,35.22685581745608,27.311145714058828,7.782193643039602,1.1014347595935405,0,0,0,0
2025-08-15 03:04:44,36.568759576314655,27.834838945152526,7.798718444717026,1.0830741146041856,0,0,0,0
2025-08-15 03:04:45,34.862309696584404,27.633786272225752,7.810725818190344,1.0551788662013075,0,0,0,0
2025-08-15 03:04:46,36.046500099535905,27.84755794070581,7.756077443578001,1.1376543736512472,0,0,0,0
2025-08-15 03:04:47,36.150596390667936,27.95566590435476,7.796757520490402,1.0850698242971288,0,0,0,0
2025-08-15 03:04:48,35.975053805119835,27.864025477293097,7.802860975397579,1.0619558958507407,0,0,0,0
2025-08-15 03:04:49,35.75306294379428,28.435740260341223,7.816992239770324,1.094952225965374,0,0,0,0
2025-08-15 03:04:50,35.65066214155622,28.098023429380696,7.813857151684749,1.10205114697903,0,0,0,0
2025-08-15 03:04:51,35.40924867154824,28.090142307883248,7.811651426376176,1.0476059982326291,0,0,0,0
2025-08-15 03:04:52,35.41359802106867,28.18666214321302,7.784001189865961,1.1099494300137729,0,0,0,0
2025-08-15 03:04:53,36.140286599084554,27.65835006466577,7.761839957257534,1.0685852729392922,0,0,0,0
2025-08-15 03:04:54,35.67800326729279,28.31173353622608,7.792138944858772,1.1513308642757236,0,0,0,0
2025-08-15 03:04:55,35.39777090774906,27.977270714039363,7.8200326365041715,1.115718815362302,0,0,0,0
2025-08-15 03:04:56,36.03081078970544,28.201144185172364,7.827869090550489,1.0880030002967207,0,0,0,0
2025-08-15 03:04:57,36.454058865807895,27.678442830087953,7.814210982045956,1.0776449668904795,0,0,0,0
2025-08-15 03:04:58,35.4316911125521,27.53387237019518,7.808586816456034,1.0968509687730914,0,0,0,0
2025-08-15 03:04:59,36.00694660641803,28.245366897407507,7.80759279296772,1.1183837222474988,0,0,0,0
2025-08-15 03:05:00,35.899825443834864,28.112922857829254,7.788877625064784,1.0992351761424441,0,0,0,0
2025-08-15 03:05:01,35.60638869995432,27.72938453369275,7.797398794128927,1.0934852357858944,0,0,0,0
2025-08-15 03:05:02,36.28727181040457,27.73910107561759,7.833381390516527,1.1017511087245369,0,0,0,0
2025-08-15 03:05:03,36.06910468494832,28.33763043532443,7.781148839884162,1.0818842320628914,0,0,0,0
2025-08-15 03:05:04,35.62480601711022,27.6431764321398,7.8322955758141966,1.0897038221947088,0,0,0,0
2025-08-15 03:05:05,35.28645196969628,28.49280188597679,7.793559436910159,1.03742622683285,0,0,0,0
2025-08-15 03:05:06,36.362429880074444,27.72981377960564,7.826508642181901,1.1292117869255711,0,0,0,0
2025-08-15 03:05:07,35.36946979331507,28.191517577682514,7.771863699810049,1.108963933409653,0,0,0,0
2025-08-15 03:05:08,35.81875510092668,27.901414457275305,7.811718084023293,1.076796324678997,0,0,0,0
2025-08-15 03:05:09,35.594376125031665,28.180956229324703,7.7852645972810475,1.1569620494406572,0,0,0,0
2025-08-15 03:05:10,36.14914287036498,27.836765799365743,7.771694656161516,1.1026104944117716,0,0,0,0
2025-08-15 03:05:11,36.84072012635836,27.95116212817831,7.804370680848219,1.0689156928407442,0,0,0,0
2025-08-15 03:05:12,36.18446852397731,28.012275752618716,7.820189435771919,1.1257021226441137,0,0,0,0
2025-08-15 03:05:13,36.00921204842232,27.69934376326556,7.78310117122813,1.111941446495278,0,0,0,0
2025-08-15 03:05:14,36.02788491849893,28.222247303626038,7.770019680790832,1.1118373995645268,0,0,0,0
2025-08-15 03:05:15,35.925536577039615,27.846035930058523,7.798163104713301,1.0872273318604524,0,0,0,0
2025-08-15 03:05:16,36.51850758853427,27.931420025397994,7.798251293424456,1.1135148717133412,0,0,0,0
2025-08-15 03:05:17,35.61405820060632,27.701695187617446,7.81096639255109,1.0921472512933672,0,0,0,0
2025-08-15 03:05:18,35.33491753080707,27.231299902361407,7.81899189142729,1.1166782435493754,0,0,0,0
2025-08-15 03:05:19,35.9154551962068,27.94269167121995,7.79881169637455,1.042851666379681,0,0,0,0
2025-08-15 03:05:20,36.0851483138596,28.723784626483877,7.837110066295885,1.0869837961106243,0,0,0,0
2025-08-15 03:05:21,35.6416014000783,28.235381286369407,7.804484694890705,1.151664652934246,0,0,0,0
2025-08-15 03:05:22,35.516832772622344,27.994221886079682,7.7930714698798615,1.076987976337991,0,0,0,0
2025-08-15 03:05:23,36.74976141430821,27.92113275123752,7.767768652817943,1.0818848510752046,0,0,0,0
2025-08-15 03:05:24,35.37931622189788,28.006739767843612,7.7947468095936765,1.0865611598465008,0,0,0,0
2025-08-15 03:05:25,35.116631825113565,28.164135734552563,7.7932722610917775,1.0635558159233407,0,0,0,0
2025-08-15 03:05:26,36.517228655290914,27.645756155407348,7.8192060959256295,1.0337515767131524,0,0,0,0
2025-08-15 03:05:27,36.015820141093,28.334296508400662,7.809249672481337,1.0930824080442918,0,0,0,0
2025-08-15 03:05:28,35.67835138614588,28.214614394632374,7.776412617567347,1.1040757827224499,0,0,0,0
2025-08-15 03:05:29,35.53896958228829,28.21545571771238,7.80344508772822,1.0984248479438405,0,0,0,0
2025-08-15 03:05:30,36.11031367086106,28.13154272164292,7.813430623434581,1.0956536431415635,0,0,0,0
2025-08-15 03:05:31,35.595264245523445,28.005884997308197,7.830560627187756,1.1012912261255117,0,0,0,0
2025-08-15 03:05:32,35.85231521005978,28.201858370790045,7.817750079348281,1.130685244146523,0,0,0,0
2025-08-15 03:05:33,35.41906665618245,28.177544240122412,7.815216933086229,1.0942866144221235,0,0,0,0
2025-08-15 03:05:34,36.05779828981632,27.89378778671769,7.801201719892303,1.082777522687382,0,0,0,0
2025-08-15 03:05:35,35.472242885288736,27.82791946813093,7.807766240108469,1.0915662354533575,0,0,0,0
2025-08-15 03:05:36,35.36193721014302,28.030556888578595,7.824990098014123,1.1173804027927035,0,0,0,0
2025-08-15 03:05:37,35.141423859558756,28.464706045448555,7.773344452050407,1.1423608063562976,0,0,0,0
2025-08-15 03:05:38,35.78115666834312,27.62826787730383,7.793011213455661,1.0811556878249247,0,0,0,0
2025-08-15 03:05:39,35.49677579979063,27.55974242027427,7.784548625024875,1.1029680136108666,0,0,0,0
2025-08-15 03:05:40,35.623581853571025,28.049428252370955,7.807583062374523,1.110150723258079,0,0,0,0
2025-08-15 03:05:41,35.88749326875342,28.015266310556804,7.8246044435130155,1.0702226597981355,0,0,0,0
2025-08-15 03:05:42,36.096717406912376,28.052002499311122,7.788060514265578,1.1006125150163877,0,0,0,0
2025-08-15 03:05:43,35.9345065061299,28.07318595937255,7.752193912650611,1.0560297842797373,0,0,0,0
2025-08-15 03:05:44,35.87612720120869,27.93303932360956,7.79175558509951,1.046928490887818,0,0,0,0
2025-08-15 03:05:45,36.01044743678769,28.446959031580626,7.818269474640348,1.1110023922367678,0,0,0,0
2025-08-15 03:05:46,35.22373193319626,27.519728806457046,7.810752598058998,1.0884837577600766,0,0,0,0
2025-08-15 03:05:47,34.99181748814598,27.751450892565927,7.808563724956211,1.1060684122286366,0,0,0,0
2025-08-15 03:05:48,35.697608324343854,27.969023571955287,7.79440013396251,1.0994631506897496,0,0,0,0
2025-08-15 03:05:49,36.13455798487064,27.50704335665375,7.774419385275604,1.0707079985400862,0,0,0,0
2025-08-15 03:05:50,36.0098895361518,27.94724367867038,7.810305886432489,1.09864237094107,0,0,0,0
2025-08-15 03:05:51,36.86945727388635,28.498441049718405,7.783314363799307,1.0630069608495545,0,0,0,0
2025-08-15 03:05:52,35.76167092226554,28.00626594648879,7.843681934667609,1.141729170740042,0,0,0,0
2025-08-15 03:05:53,35.447483741819745,28.069210271715605,7.81141014416709,1.0593208896542012,0,0,0,0
2025-08-15 03:05:54,36.006193893775986,27.621950570448227,7.788387033948921,1.0941264418709427,0,0,0,0
2025-08-15 03:05:55,35.46506080668319,27.815091577588156,7.7877722950522275,1.0687318523585827,0,0,0,0
2025-08-15 03:05:56,36.12104028974599,27.887441085902818,7.798141115867728,1.117112635200824,0,0,0,0
2025-08-15 03:05:57,35.68066863425026,27.90468547097313,7.795209961559565,1.090057058861555,0,0,0,0
2025-08-15 03:05:58,35.71209356850315,28.38449313850113,7.8223366755105985,1.0844399984113637,0,0,0,0
2025-08-15 03:05:59,35.41570931202781,28.16730731821754,7.803728323394881,1.1255960463515466,0,0,0,0
2025-08-15 03:06:00,35.624567612965535,27.66656261291889,7.78536736522183,1.1008829177503268,0,0,0,0
2025-08-15 03:06:01,36.13094789692677,28.0739514335296,7.837808813703115,1.1154993333780792,0,0,0,0
2025-08-15 03:06:02,35.99960694009676,28.149466524549034,7.800986166630405,1.070560221904476,0,0,0,0
2025-08-15 03:06:03,36.17888154245697,28.34204471155638,7.815376793519378,1.057855491682175,0,0,0,0
2025-08-15 03:06:04,36.16680866788596,28.47416220597051,7.787835469851105,1.1032162388612041,0,0,0,0
2025-08-15 03:06:05,35.20924243100554,27.69547174245164,7.80726231255489,1.0904346093351582,0,0,0,0
2025-08-15 03:06:06,35.80003609884594,27.7567427466369,7.806222199822864,1.1187930401736184,0,0,0,0
2025-08-15 03:06:07,35.4987869881477,27.622726642325617,7.762207014158077,1.0976027464201237,0,0,0,0
2025-08-15 03:06:08,36.13320375286647,27.929794042267904,7.840305502209213,1.106152260177039,0,0,0,0
2025-08-15 03:06:09,35.344865553067166,28.1399075123339,7.825812889218451,1.0512985241017627,0,0,0,0
2025-08-15 03:06:10,35.538367142008184,28.29620035497673,7.79205609367708,1.1566531081884277,0,0,0,0
2025-08-15 03:06:11,36.00664835777853,27.977214692907243,7.7779546051908826,1.0950727404490392,0,0,0,0
2025-08-15 03:06:12,36.22041882890936,27.90404574302355,7.806951232276071,1.120927609110176,0,0,0,0
2025-08-15 03:06:13,36.55464430798501,28.045527397674622,7.801733953988288,1.0749172498934112,0,0,0,0
2025-08-15 03:06:14,36.47757025862107,27.749457129510994,7.807113378971264,1.1092402970665203,0,0,0,0
2025-08-15 03:06:15,35.143253910038624,28.62686161650843,7.803831547923882,1.0609146570942578,0,0,0,0
2025-08-15 03:06:16,35.61069987574889,27.517701691864584,7.810124819786118,1.1135620351477902,0,0,0,0
2025-08-15 03:06:17,35.86564017669199,28.055422173668717,7.828946113987836,1.089320777468425,0,0,0,0
2025-08-15 03:06:18,36.535438644822584,28.60708186576889,7.811362064102573,1.100875715118067,0,0,0,0
2025-08-15 03:06:19,35.11945453423,28.002039953367998,7.779006890021801,1.120939220903903,0,0,0,0
2025-08-15 03:06:20,35.761417878441634,27.942988289499553,7.8272512570542485,1.0630237906633917,0,0,0,0
2025-08-15 03:06:21,35.7270542286797,27.89276637315687,7.832812291269765,1.0794652480816163,0,0,0,0
2025-08-15 03:06:22,34.94338724054177,27.945882495471277,7.863041134690241,1.113719728432603,0,0,0,0
2025-08-15 03:06:23,35.9307795523704,28.41185454240296,7.777530119335208,1.1629466442364025,0,0,0,0
2025-08-15 03:06:24,35.661980943728175,27.336441426601148,7.804857640263005,1.0958575299601556,0,0,0,0
2025-08-15 03:06:25,35.654443539210874,28.460030110388896,7.75835802593622,1.117734083537718,0,0,0,0
2025-08-15 03:06:26,35.67689734931317,27.572812854264956,7.811062983127584,1.0967908559042456,0,0,0,0
2025-08-15 03:06:27,36.75496372179982,27.920004301229675,7.789035994036665,1.1582673678426891,0,0,0,0
2025-08-15 03:06:28,36.27926127439125,27.871226673910403,7.838468915896499,1.0475833499910425,0,0,0,0
2025-08-15 03:06:29,35.6116754797277,28.176565980931215,7.784507700599629,1.1028386313400809,0,0,0,0
2025-08-15 03:06:30,35.22900968074343,27.520562694434876,7.766216339240654,1.0512336789931382,0,0,0,0
2025-08-15 03:06:31,36.14875456035404,28.138651799824583,7.79057472518595,1.0248028528838986,0,0,0,0
2025-08-15 03:06:32,35.08303199640825,28.607292886986055,7.760490244575657,1.1089238615935346,0,0,0,0
2025-08-15 03:06:33,36.50708684269332,27.591047798622157,7.8150219890901464,1.1041849338844238,0,0,0,0
2025-08-15 03:06:34,36.63351208488526,28.056911850283118,7.758698339074874,1.091454891867734,0,0,0,0
2025-08-15 03:06:35,35.44712118020558,27.801405346661017,7.800569151623663,1.0968141772988076,0,0,0,0
2025-08-15 03:06:36,34.72149887409543,28.12776616185791,7.758443763602876,1.1929489830221378,0,0,0,0
2025-08-15 03:06:37,36.078412151698636,28.005744333224726,7.793594043909267,1.092254745859057,0,0,0,0
2025-08-15 03:06:38,36.00275876857085,27.80755392728671,7.832867563116091,1.1153037308375022,0,0,0,0
2025-08-15 03:06:39,36.358809309134436,28.146361685461322,7.807212957828716,1.0805190554115836,0,0,0,0
2025-08-15 03:06:40,35.130009591810065,28.541304432936023,7.7827301279007015,1.1088569772512182,0,0,0,0
2025-08-15 03:06:41,35.432976539490596,27.94272886248181,7.799375930221218,1.0928529897483317,0,0,0,0
2025-08-15 03:06:42,35.923437456775574,28.215927382644455,7.800360337440889,1.0876844455181083,0,0,0,0
2025-08-15 03:06:43,35.60651602475834,27.61201811263865,7.809452606916868,1.15456695596601,0,0,0,0
2025-08-15 03:06:44,35.69639020356895,27.713069086954597,7.772662832734383,1.1353155488955302,0,0,0,0
2025-08-15 03:06:45,35.86632633073576,28.141721883364113,7.8118513454769465,1.104102399421977,0,0,0,0
2025-08-15 03:06:46,35.148536981928196,28.44523480856079,7.745912167367944,1.030873641921681,0,0,0,0
2025-08-15 03:06:47,35.58367634728523,28.1066840046357,7.787402308952724,1.089169723302423,0,0,0,0
2025-08-15 03:06:48,35.754266391063766,27.906082590843052,7.790234523150969,1.1810908269321525,0,0,0,0
2025-08-15 03:06:49,35.99356807464007,27.999787421627005,7.812666536521425,1.093080150000809,0,0,0,0
2025-08-15 03:06:50,36.14350990001333,27.624877679809085,7.800452617053537,1.1330965271616098,0,0,0,0
2025-08-15 03:06:51,34.42805184040773,28.18135459790661,7.771888738922874,1.1432582720585782,0,0,0,0
2025-08-15 03:06:52,34.98444169226906,28.264699918697023,7.78030013748366,1.1065689174756794,0,0,0,0
2025-08-15 03:06:53,36.2131782344204,27.864372900150077,7.803973600190948,1.0747453510439555,0,0,0,0
2025-08-15 03:06:54,36.30919111444392,27.85898735567215,7.798418653162709,1.0269406300465134,0,0,0,0
2025-08-15 03:06:55,35.230604733281844,28.079763468895614,7.788417517807285,1.1205248962582688,0,0,0,0
2025-08-15 03:06:56,36.461159944733986,27.868984079187822,7.790383324209761,1.0755573199152937,0,0,0,0
2025-08-15 03:06:57,36.220027431151095,27.980160215612255,7.813923359943185,1.105284513556631,0,0,0,0
2025-08-15 03:06:58,35.94347674113871,28.629916536749956,7.789646148542616,1.0625053898123191,0,0,0,0
2025-08-15 03:06:59,35.925501199030144,27.9258922897762,7.798238175119418,1.092042873785894,0,0,0,0
2025-08-15 03:07:00,36.42373121146916,27.892497954393633,7.843398731761611,1.1010115716470317,0,0,0,0
2025-08-15 03:07:01,36.37597790140497,27.80573745830945,7.771526347262322,1.108057807431329,0,0,0,0
2025-08-15 03:07:02,35.49963663212004,28.223257591449983,7.762963145368507,1.0665553343794276,0,0,0,0
2025-08-15 03:07:03,36.00566405327776,27.94563274803457,7.815671793295972,1.1359073284628407,0,0,0,0
2025-08-15 03:07:04,36.73862841681068,27.805188088503574,7.786427138774118,1.082093156458041,0,0,0,0
2025-08-15 03:07:05,36.55856659103085,28.396391209681905,7.793635249445147,1.0497659161864028,0,0,0,0
2025-08-15 03:07:06,35.68946508121451,28.42588090135409,7.784376872437377,1.0967292974010963,0,0,0,0
2025-08-15 03:07:07,36.19741895570849,27.81987293027839,7.7948039971846494,1.1010312592707938,0,0,0,0
2025-08-15 03:07:08,35.82180559763934,27.440038014591813,7.831970762241927,1.1048176829951528,0,0,0,0
2025-08-15 03:07:09,35.19524369801158,28.302254106951075,7.816042569172362,1.1408639721105525,0,0,0,0
2025-08-15 03:07:10,35.594928998560526,27.794611052272,7.817244470237739,1.0929065348979243,0,0,0,0
2025-08-15 03:07:11,34.770957260386176,28.237187679748832,7.771675458884147,1.096411411268937,0,0,0,0
2025-08-15 03:07:12,35.93356893301245,27.40896885468645,7.776976925268943,1.0669044685630074,0,0,0,0
2025-08-15 03:07:13,36.263100954781905,28.26777920148979,7.743218426810292,1.124616605086637,0,0,0,0
2025-08-15 03:07:14,36.863952832041825,27.636648421215767,7.783812383578344,1.1055292719223433,0,0,0,0
2025-08-15 03:07:15,35.7251921590395,28.219229235719958,7.819134063727713,1.0873991681811752,0,0,0,0
2025-08-15 03:07:16,36.17704347265958,28.00428192035093,7.810338930314967,1.0428597591960362,0,0,0,0
2025-08-15 03:07:17,35.157552389370906,27.713818174181007,7.795569734740957,1.1433323658516528,0,0,0,0
2025-08-15 03:07:18,35.47753977254884,27.877889106121966,7.799553994325639,1.0631696010663183,0,0,0,0
2025-08-15 03:07:19,35.32067945023086,28.20589553708701,7.786222289148491,1.082261659718909,0,0,0,0
2025-08-15 03:07:20,35.43653225071796,28.03176833593457,7.804095177648035,1.1107503353322803,0,0,0,0
2025-08-15 03:07:21,35.809270920495265,28.175323894141744,7.815317565589612,1.0641032621414994,0,0,0,0
2025-08-15 03:07:22,34.862375836790505,28.592932175354644,7.76768226425179,1.055194706652406,0,0,0,0
2025-08-15 03:07:23,35.7662839574888,27.530727516486685,7.805992953756747,1.0362815725189802,0,0,0,0
2025-08-15 03:07:24,35.514540142607025,28.485163772490587,7.818648697419093,1.1216299085871693,0,0,0,0
2025-08-15 03:07:25,35.9297266830023,28.031306781256966,7.7916979942207325,1.0836444126582103,0,0,0,0
2025-08-15 03:07:26,35.478387840706084,27.730364785503063,7.814014012242412,1.1878181027742,0,0,0,0
2025-08-15 03:07:27,35.93516847476904,27.600905912278304,7.856293088889451,1.0701693480310739,0,0,0,0
2025-08-15 03:07:28,35.345146161205626,27.94326388276689,7.797913144140262,1.0723564692971324,0,0,0,0
2025-08-15 03:07:29,35.111555310741394,28.276495033577337,7.8078661410001065,1.083038210891438,0,0,0,0
2025-08-15 03:07:30,36.05085836452138,27.96173526388674,7.785238858326772,1.1072940396541548,0,0,0,0
2025-08-15 03:07:31,36.085934647940114,28.453346479074206,7.8036250232520405,1.0858938998364407,0,0,0,0
2025-08-15 03:07:32,35.389862118457074,27.56464729298453,7.809205432499646,1.1183699664200755,0,0,0,0
2025-08-15 03:07:33,36.12231613722222,27.996373315646185,7.803896846805403,1.0706423483003404,0,0,0,0
2025-08-15 03:07:34,35.85879272842852,27.624281966676065,7.779606093605823,1.0585522484460927,0,0,0,0
2025-08-15 03:07:35,35.39948569379962,28.10908956478749,7.804127235426509,1.0460535578177268,0,0,0,0
2025-08-15 03:07:36,36.13717585749675,28.26606621702919,7.8292439187743526,1.033292774961884,0,0,0,0
2025-08-15 03:07:37,34.85195310884855,27.873771461895686,7.808972715290291,1.0844579294157484,0,0,0,0
2025-08-15 03:07:38,35.768487087099395,27.21873584301186,7.819239743781437,1.0909705906282035,0,0,0,0
2025-08-15 03:07:39,35.11096695346004,28.059684444038947,7.795259760599747,1.0810568891755046,0,0,0,0
2025-08-15 03:07:40,36.92895788231855,28.131021565520054,7.814998004788474,1.1373021739156148,0,0,0,0
2025-08-15 03:07:41,35.84961654049632,28.12128842648851,7.805585356764331,1.136840906288244,0,0,0,0
2025-08-15 03:07:42,35.35188346380061,28.370734657546645,7.780981785406255,1.089955910376665,0,0,0,0
2025-08-15 03:07:43,36.051302237549095,27.678683896105284,7.806370420095977,1.0461823666042411,0,0,0,0
2025-08-15 03:07:44,35.97836586692548,28.204064831635137,7.780166066731193,1.0829988467583485,0,0,0,0
2025-08-15 03:07:45,35.87208569090137,28.357752253743392,7.787342394502304,1.0820053581824882,0,0,0,0
2025-08-15 03:07:46,35.7882426201091,27.466423724798045,7.803786566145847,1.0802859511316583,0,0,0,0
2025-08-15 03:07:47,35.9819988031134,28.095895547775694,7.805944885467603,1.0790684328830527,0,0,0,0
2025-08-15 03:07:48,35.586781331675425,27.8487460506977,7.7762153506984575,1.0803961131282558,0,0,0,0
2025-08-15 03:07:49,35.55935779057961,27.975543198069506,7.821079715423657,1.0884037515230673,0,0,0,0
2025-08-15 03:07:50,35.87741568999893,28.1043029450615,7.811440125566009,1.0809337670355335,0,0,0,0
2025-08-15 03:07:51,34.37550622597911,27.853831430765933,7.785905431287782,1.1062496752587678,0,0,0,0
2025-08-15 03:07:52,35.27750533875896,27.797287576251517,7.7692483040710165,1.1108110614771458,0,0,0,0
2025-08-15 03:07:53,36.27425436836865,28.010245725246406,7.797101908418371,1.0726806473845254,0,0,0,0
2025-08-15 03:07:54,36.24836193130452,27.67382621834116,7.791081125722776,1.138131959780211,0,0,0,0
2025-08-15 03:07:55,35.51476388973504,27.674252461334444,7.802262809141061,1.0705981309447816,0,0,0,0
2025-08-15 03:07:56,35.976988369092815,28.20381198488695,7.792737666776889,1.05146598158554,0,0,0,0
2025-08-15 03:07:57,35.02422878570253,27.655361789452403,7.7598508627850995,1.1114233421409516,0,0,0,0
2025-08-15 03:07:58,36.85622993068421,28.199893750272764,7.7922330612339765,1.07547775596757,0,0,0,0
2025-08-15 03:07:59,36.028876258412254,28.138777387856184,7.793887617778633,1.1096387441227218,0,0,0,0
2025-08-15 03:08:00,35.88202876573835,27.48225798136282,7.812673220495481,1.0278899419669842,0,0,0,0
2025-08-15 03:08:01,35.216402153132194,27.796730604299302,7.7860360065077785,1.141773678244492,0,0,0,0
2025-08-15 03:08:02,35.103643021854346,28.35823282091421,7.833573493467451,1.1201688022412122,0,0,0,0
2025-08-15 03:08:03,36.26695461126221,27.705650340658096,7.761767188986965,1.05498570352511,0,0,0,0
2025-08-15 03:08:04,35.74604758184013,27.860678721307185,7.826223349956052,1.0556366862846116,0,0,0,0
2025-08-15 03:08:05,35.45666636614679,28.13861826797557,7.795513620582438,1.1501679771229258,0,0,0,0
2025-08-15 03:08:06,35.41640273870028,28.235017152784778,7.817191697446871,1.0778786028950613,0,0,0,0
2025-08-15 03:08:07,35.50313886837665,27.92453833418665,7.801596029681175,1.0749744545380213,0,0,0,0
2025-08-15 03:08:08,36.416382203915624,27.820746941592507,7.822791110720509,1.0320184371755217,0,0,0,0
2025-08-15 03:08:09,36.103632600110544,28.426710958509553,7.792252760708943,1.0894766538319534,0,0,0,0
2025-08-15 03:08:10,35.89923227940999,28.521669899139273,7.778027591496444,1.0931684115549276,0,0,0,0
2025-08-15 03:08:11,36.24272925845077,28.293657415234538,7.828410085745421,1.1214647929030845,0,0,0,0
2025-08-15 03:08:12,36.204198099169844,28.025595442769507,7.797730387082357,1.0580276471544658,0,0,0,0
2025-08-15 03:08:13,35.41545378456921,27.757520283507723,7.804431169472484,1.0543913962327818,0,0,0,0
2025-08-15 03:08:14,36.563839772472775,27.75086667803303,7.824695038280896,1.1135288790432945,0,0,0,0
2025-08-15 03:08:15,36.37946413728819,28.156754231579725,7.779360895158111,1.130201902136812,0,0,0,0
2025-08-15 03:08:16,35.64301498191321,28.125519466266606,7.811909817952785,1.0528654294664637,0,0,0,0
2025-08-15 03:08:17,35.37163475309392,28.420479577883928,7.788202104870742,1.1324454225889924,0,0,0,0
2025-08-15 03:08:18,35.56097667239857,28.19513502776084,7.797356612887112,1.1011262552446048,0,0,0,0
2025-08-15 03:08:19,35.45955995622942,27.549075909472055,7.801445579307686,1.1327541601722395,0,0,0,0
2025-08-15 03:08:20,36.39343677455284,28.315584285316877,7.7699955627710615,1.0978933891544715,0,0,0,0
2025-08-15 03:08:21,36.28544294765939,27.700581811805677,7.784423259143591,1.0243316624753616,0,0,0,0
2025-08-15 03:08:22,35.076314161218015,27.884808618414294,7.827021457848263,1.095440978530519,0,0,0,0
2025-08-15 03:08:23,36.273827253611636,28.075060061875508,7.817723823771696,1.1318043145601382,0,0,0,0
2025-08-15 03:08:24,35.3493028796806,28.598700246935188,7.798747208453455,1.0731876194274887,0,0,0,0
2025-08-15 03:08:25,35.53022583232804,28.93297556680161,7.804862469170257,1.0883610509327766,0,0,0,0
2025-08-15 03:08:26,35.957011382679944,28.182016917740853,7.79411514988727,1.0947159948934708,0,0,0,0
2025-08-15 03:08:27,35.44245387953187,27.945041014383882,7.82713166771656,1.0130145836039457,0,0,0,0
2025-08-15 03:08:28,35.63771511671947,28.160351694544165,7.795992948444116,1.1501404272631244,0,0,0,0
2025-08-15 03:08:29,35.24821561421985,28.266296627762152,7.804636841842696,1.072958729603085,0,0,0,0
2025-08-15 03:08:30,35.99136256270823,27.90379971233284,7.822920602882841,1.1151720629741841,0,0,0,0
2025-08-15 03:08:31,35.44661775410104,28.538563406773697,7.784452570303082,1.0973989659155539,0,0,0,0
2025-08-15 03:08:32,35.64258679027933,28.06902122775742,7.831175783689938,1.1377285716907808,0,0,0,0
2025-08-15 03:08:33,35.52028216893086,28.149322926727418,7.769390771805132,1.1121816836728424,0,0,0,0
2025-08-15 03:08:34,35.89407892290958,28.199777275616338,7.8325928426222555,1.092952271854371,0,0,0,0
2025-08-15 03:08:35,36.2690435104228,28.126475983184335,7.79254648832096,1.0731945472244218,0,0,0,0
2025-08-15 03:08:36,35.8218505955542,28.251682150140883,7.795146025043494,1.1239355210414643,0,0,0,0
2025-08-15 03:08:37,35.703582731471506,27.814824044035923,7.762199796576341,1.0437967608813616,0,0,0,0
2025-08-15 03:08:38,35.764854162784815,27.83250947381619,7.790904105652446,1.1193767126082768,0,0,0,0
2025-08-15 03:08:39,35.791629093836356,27.669953730108492,7.7792038693794625,1.0670286574533538,0,0,0,0
2025-08-15 03:08:40,35.08922754773508,28.13185036918607,7.78784707309253,1.1375685098586992,0,0,0,0
2025-08-15 03:08:41,36.3768863772384,28.233680951053636,7.797253780684223,1.1048389862798809,0,0,0,0
2025-08-15 03:08:42,35.57626050893789,28.137331859845567,7.819155832289458,1.1193237130355034,0,0,0,0
2025-08-15 03:08:43,36.031369933519706,28.50234773000426,7.804152067028013,1.1024596644147417,0,0,0,0
2025-08-15 03:08:44,35.903999248558705,27.998321194351288,7.806153533068022,1.04742868714577,0,0,0,0
2025-08-15 03:08:45,34.720208447970585,28.200622496677752,7.778089612223089,1.07417812509814,0,0,0,0
2025-08-15 03:08:46,34.82758324633353,27.672489737158205,7.782384918207946,1.1201716801283415,0,0,0,0
2025-08-15 03:08:47,35.41527236092284,27.88387008925768,7.835974500367026,1.1049996745207955,0,0,0,0
2025-08-15 03:08:48,35.9970510473086,28.208661327269734,7.785295979304735,1.1354296971591702,0,0,0,0
2025-08-15 03:08:49,35.47989663173702,28.254730633222945,7.833124165041146,1.1120982368911152,0,0,0,0
2025-08-15 03:08:50,36.44112107533089,27.911809915700747,7.795138776022383,1.0709989432789202,0,0,0,0
2025-08-15 03:08:51,35.1962607443766,27.97852022444258,7.80004575872287,1.076118075868381,0,0,0,0
2025-08-15 03:08:52,35.672528790671244,27.544637875995758,7.821407303204598,1.1030875217156972,0,0,0,0
2025-08-15 03:08:53,35.31604223831454,27.89289123975802,7.8254378484387725,1.030578678019997,0,0,0,0
2025-08-15 03:08:54,35.568692411494375,28.267114949055937,7.797783748794418,1.1502032565686897,0,0,0,0
2025-08-15 03:08:55,35.40101915019452,28.172561504831968,7.792235138929569,1.1132524020913268,0,0,0,0
2025-08-15 03:08:56,36.13341756497014,28.150199716414363,7.798881591029556,1.1368110379114662,0,0,0,0
2025-08-15 03:08:57,35.776145536833546,28.014932106154287,7.806759150564642,1.052581881775725,0,0,0,0
2025-08-15 03:08:58,36.25501920069142,28.002118947588453,7.817826073737395,1.1373369548106578,0,0,0,0
2025-08-15 03:08:59,35.72303424826038,27.801903658157965,7.8000845971798825,1.1669449673308325,0,0,0,0
2025-08-15 03:09:00,36.3116295899727,28.20964852606076,7.812377725960463,1.0603736493386806,0,0,0,0
2025-08-15 03:09:01,35.31297888676134,28.126291883316817,7.8327671946454185,1.123142053847113,0,0,0,0
2025-08-15 03:09:02,35.85411138710593,28.14760565439784,7.807626192245295,1.100033298340619,0,0,0,0
2025-08-15 03:09:03,36.52649011984359,27.842189547199727,7.806233057120095,1.0536669845525528,0,0,0,0
2025-08-15 03:09:04,34.907769910081946,27.353997124038628,7.769621783498199,1.1147865191555562,0,0,0,0
2025-08-15 03:09:05,35.27876937303945,28.329145813526107,7.747385397263418,1.1250080961451205,0,0,0,0
2025-08-15 03:09:06,36.38558775371403,27.856348763197477,7.8077675145846035,1.0819662034199347,0,0,0,0
2025-08-15 03:09:07,35.79211985466354,27.741167270787063,7.7981035153743825,1.1349774956076568,0,0,0,0
2025-08-15 03:09:08,36.130913189915425,28.2080436735742,7.789704346501705,1.0499970977963242,0,0,0,0
2025-08-15 03:09:09,35.906386147233654,27.88239620802426,7.804870604083726,1.0551573156065108,0,0,0,0
2025-08-15 03:09:10,35.84010812028036,28.317980915213987,7.798791925416062,1.1040979218676628,0,0,0,0
2025-08-15 03:09:11,35.81696710758919,28.18510178487301,7.822555605012678,1.1007615583391683,0,0,0,0
2025-08-15 03:09:12,36.469619634290446,28.205070796960143,7.801722217365179,1.078502795347277,0,0,0,0
2025-08-15 03:09:13,35.72055306637047,27.59021328663984,7.785061534298596,1.1242878330791566,0,0,0,0
2025-08-15 03:09:14,35.94855398054158,28.36358319561592,7.819803324779185,1.1159268294264786,0,0,0,0
2025-08-15 03:09:15,35.6666363602138,28.078375159370157,7.795657378501076,1.1257441721280206,0,0,0,0
2025-08-15 03:09:16,35.365942872450155,27.88921685822614,7.8105307336734455,1.096305906939432,0,0,0,0
2025-08-15 03:09:17,36.20638592204062,28.043016540202675,7.790451785876144,1.1180774080393503,0,0,0,0
2025-08-15 03:09:18,35.60595749607822,27.467129430130505,7.787003462290051,1.0866304909091002,0,0,0,0
2025-08-15 03:09:19,35.307080231750106,28.122595843444202,7.801683364603714,1.161614560702598,0,0,0,0
2025-08-15 03:09:20,36.24446658668445,27.69118854754538,7.8002565728708735,1.0756236268963406,0,0,0,0
2025-08-15 03:09:21,36.80847688215731,27.594198914246938,7.809596540707337,1.1631589228837496,0,0,0,0
2025-08-15 03:09:22,35.891958677002485,27.543292244134634,7.794627084933805,1.1010466384126822,0,0,0,0
2025-08-15 03:09:23,35.82141284090828,28.333806512496977,7.7632728043245915,1.058734673312938,0,0,0,0
2025-08-15 03:09:24,36.6474481801149,27.811220981892163,7.791344522328232,1.1410423805146581,0,0,0,0
2025-08-15 03:09:25,35.62920408639213,28.46011831297495,7.8158763693428766,1.1037770416518489,0,0,0,0
2025-08-15 03:09:26,35.6344559109475,27.83925956108431,7.7940524784151375,1.1255337229514073,0,0,0,0
2025-08-15 03:09:27,34.96575002291603,27.487792612722117,7.795072331949709,1.136715677556278,0,0,0,0
2025-08-15 03:09:28,35.22513909505443,27.665042668015403,7.819727530118119,1.110138666624351,0,0,0,0
2025-08-15 03:09:29,35.951026690438724,28.37074348600208,7.785760535454822,1.0822327746556157,0,0,0,0
2025-08-15 03:09:30,36.030203327077125,27.953230546619,7.7691439356351415,1.1292714013300775,0,0,0,0
2025-08-15 03:09:31,36.4194859932487,27.83551381105282,7.79678737760949,1.100022665223638,0,0,0,0
2025-08-15 03:09:32,35.85816057900288,28.048005467755836,7.790316520975025,1.1205757345582525,0,0,0,0
2025-08-15 03:09:33,35.82339608124827,28.150534820850265,7.780675073604935,1.0353880827862563,0,0,0,0
2025-08-15 03:09:34,36.33570085413641,28.33521964477074,7.796492430882026,1.1134094515102957,0,0,0,0
2025-08-15 03:09:35,35.06616423546743,28.434549768967877,7.809830112944936,1.0808424252456492,0,0,0,0
2025-08-15 03:09:36,36.15426029594177,27.892069406263275,7.799814228768644,1.149599289115356,0,0,0,0
2025-08-15 03:09:37,35.8536285882881,27.60218569417539,7.806139621453725,1.118692620436673,0,0,0,0
2025-08-15 03:09:38,35.15162275690715,27.875960451663016,7.836268153970308,1.107195732375479,0,0,0,0
2025-08-15 03:09:39,36.022497634251835,28.078084151974867,7.793142422768849,1.1145892998005067,0,0,0,0
2025-08-15 03:09:40,35.838870368976224,27.710872322136815,7.805566972692893,1.0700467744136986,0,0,0,0
2025-08-15 03:09:41,35.88769005739325,27.712854725531486,7.789815732748017,1.1486977007158417,0,0,0,0
2025-08-15 03:09:42,36.08010872662381,28.103136364464966,7.78307280560226,1.1597411125525072,0,0,0,0
2025-08-15 03:09:43,37.3599919339092,27.985404294528866,7.7883018469316445,1.1117874053164465,0,0,0,0
2025-08-15 03:09:44,35.921098093820824,28.009839098623477,7.790424828569566,1.1477121070572092,0,0,0,0
2025-08-15 03:09:45,35.914211204665065,27.77245139958998,7.807189515950943,1.0829255540398242,0,0,0,0
2025-08-15 03:09:46,35.642801370043955,27.93087978573827,7.846981515734015,1.0760865930132506,0,0,0,0
2025-08-15 03:09:47,35.30061007899909,27.72273005671951,7.785679131274483,1.1012277424618677,0,0,0,0
2025-08-15 03:09:48,36.117675173523295,28.267059523337437,7.79166749388769,1.113048231151037,0,0,0,0
2025-08-15 03:09:49,35.73951347641436,28.310574800417125,7.7987375397377745,1.0881803995627064,0,0,0,0
2025-08-15 03:09:50,35.8571191619197,27.44614364132857,7.807915976974194,1.1161330457110545,0,0,0,0
2025-08-15 03:09:51,35.41057208882308,27.721146741942277,7.805271016239096,1.1091916844622025,0,0,0,0
2025-08-15 03:09:52,35.7603207751789,27.551041223472975,7.825681915878962,1.0700507967412685,0,0,0,0
2025-08-15 03:09:53,35.82091436919831,27.80499281967793,7.751472158589296,1.1155637905235518,0,0,0,0
2025-08-15 03:09:54,36.23348183630588,27.97496860906289,7.752261402596086,1.1259058472756458,0,0,0,0
2025-08-15 03:09:55,35.89439007432716,27.565106434090442,7.790082436559797,1.1051440795277119,0,0,0,0
2025-08-15 03:09:56,35.35692786554104,27.723442056062407,7.821946003750874,1.1345794430978509,0,0,0,0
2025-08-15 03:09:57,35.32853794421489,27.69881278837555,7.7686870393678875,1.0634778861950915,0,0,0,0
2025-08-15 03:09:58,35.65836020082832,28.062180198819682,7.739847353206125,1.1140385126639556,0,0,0,0
2025-08-15 03:09:59,35.49249375531058,28.020803301110874,7.811423588124384,1.0648915788080968,0,0,0,0
2025-08-15 03:10:00,35.09439587591653,27.783478733998823,7.804873144474054,0.8665775592530074,0,0,0,0
2025-08-15 03:10:01,34.4611617353949,28.053046261641818,7.778195831864012,0.8810720749878663,0,0,0,0
2025-08-15 03:10:02,35.14884977457964,27.83599597462382,7.780289207985581,0.8717381944927727,0,0,0,0
2025-08-15 03:10:03,35.59022752977739,27.918503466902184,7.780605125607306,0.8835601254377659,0,0,0,0
2025-08-15 03:10:04,35.12523405891403,28.502035627089562,7.802210706349479,0.8935754906786644,0,0,0,0
2025-08-15 03:10:05,35.61189679937297,28.402138315537105,7.78747369447634,0.9251146345899416,0,0,0,0
2025-08-15 03:10:06,34.79747497699673,27.610125628921722,7.80988127837951,0.890365228838829,0,0,0,0
2025-08-15 03:10:07,34.932906798087,28.248919725363752,7.742907466741912,0.8524312287969122,0,0,0,0
2025-08-15 03:10:08,34.69832602962372,28.243418966347477,7.782862962697444,0.9342020353948548,0,0,0,0
2025-08-15 03:10:09,35.11772478158009,27.655521013374216,7.777478920781779,0.8748872959915488,0,0,0,0
2025-08-15 03:10:10,35.4060143085004,28.24563329312646,7.79487318643255,0.8982383871868611,0,0,0,0
2025-08-15 03:10:11,34.93326030911986,28.461379575523765,7.789239044830197,0.9133960952082214,0,0,0,0
2025-08-15 03:10:12,35.150776286244266,27.663236558126677,7.815956875597915,0.9059883125520835,0,0,0,0
2025-08-15 03:10:13,34.45023362269501,27.724749153695722,7.762813264566799,0.9328253864256443,0,0,0,0
2025-08-15 03:10:14,36.007697949318526,28.30529844005305,7.800909829526615,0.9143700943017828,0,0,0,0
2025-08-15 03:10:15,35.089540321808094,28.081448593247693,7.811166728464234,0.8741607126090868,0,0,0,0
2025-08-15 03:10:16,34.899019978504725,28.165442882571856,7.837132948731239,0.9653568652197498,0,0,0,0
2025-08-15 03:10:17,35.06621476260318,28.10217676492015,7.79036468057813,0.905830003900147,0,0,0,0
2025-08-15 03:10:18,35.080229772039814,28.117208776278442,7.80648917208705,0.8955797932013548,0,0,0,0
2025-08-15 03:10:19,35.14811842582584,27.602058361506675,7.763922744148752,0.9289177626916671,0,0,0,0
2025-08-15 03:10:20,34.833559303242936,28.314195311986435,7.75216087591374,0.9074835283779021,0,0,0,0
2025-08-15 03:10:21,35.401924587189434,28.35087699772833,7.816895487515634,0.9119768457881798,0,0,0,0
2025-08-15 03:10:22,35.629262292823284,27.931182776779593,7.799888794127038,0.9747655199580206,0,0,0,0
2025-08-15 03:10:23,35.60912916028767,27.986956915055842,7.823570253795968,0.8917463571523486,0,0,0,0
2025-08-15 03:10:24,35.877900298644086,27.540667749233283,7.7725319422206045,0.8904671731794781,0,0,0,0
2025-08-15 03:10:25,35.08691245321356,28.15427642680535,7.810398042790575,0.9034973553603739,0,0,0,0
2025-08-15 03:10:26,34.58944985836369,28.171617232514244,7.837376356810877,0.9321454780674312,0,0,0,0
2025-08-15 03:10:27,34.894452300725234,27.981342694900206,7.808394112167145,0.8548039790942881,0,0,0,0
2025-08-15 03:10:28,35.07007102337458,28.33730600796115,7.805531630111821,0.8410333232557049,0,0,0,0
2025-08-15 03:10:29,35.15024973916403,27.899776830706017,7.800171121616486,0.8823865418813956,0,0,0,0
2025-08-15 03:10:30,34.27461177035519,28.16938177776808,7.768582370857482,0.8509823112282214,0,0,0,0
2025-08-15 03:10:31,35.79796672740253,27.694100698392365,7.8271114587142065,0.8872550595742309,0,0,0,0
2025-08-15 03:10:32,35.09728362292933,27.992934354737727,7.787782847203898,0.9150749908838788,0,0,0,0
2025-08-15 03:10:33,34.76168067093006,27.94769372262915,7.81008966512766,0.8732775340934321,0,0,0,0
2025-08-15 03:10:34,34.64958780016772,28.067592376612282,7.768739313868575,0.8571952026965598,0,0,0,0
2025-08-15 03:10:35,34.131894746181025,27.889141921349992,7.776410806709844,0.9020801148514604,0,0,0,0
2025-08-15 03:10:36,35.50514127064102,27.9605582212985,7.828701747984445,0.9258763045384552,0,0,0,0
2025-08-15 03:10:37,35.009871827841245,28.24781415143245,7.793053954220843,0.8491507968445017,0,0,0,0
2025-08-15 03:10:38,34.415027777179546,27.868970728828536,7.82906550952085,0.9246069719491795,0,0,0,0
2025-08-15 03:10:39,34.39153753215121,27.518026869778396,7.79843538681883,0.9245191861121498,0,0,0,0
2025-08-15 03:10:40,34.84996265355898,28.524875171261627,7.7631620445408425,0.9286225530646989,0,0,0,0
2025-08-15 03:10:41,35.555639198882766,28.414436223607147,7.817841351994634,0.9365544064461506,0,0,0,0
2025-08-15 03:10:42,35.0606992184552,27.612321191468315,7.788202153644888,0.9660604177397885,0,0,0,0
2025-08-15 03:10:43,34.29992193174871,28.20691234157356,7.81397377627034,0.8893172385414284,0,0,0,0
2025-08-15 03:10:44,35.29994379837247,27.849107568834597,7.8005042173508015,0.9032871474023357,0,0,0,0
2025-08-15 03:10:45,35.257213197971275,28.07904616459932,7.769137635441142,0.8875068470025592,0,0,0,0
2025-08-15 03:10:46,33.69835947035974,28.08826723870405,7.803285895307411,0.9000593053426743,0,0,0,0
2025-08-15 03:10:47,34.995708120750194,27.929677659905103,7.843924462843056,0.9459862006690893,0,0,0,0
2025-08-15 03:10:48,34.74496203258248,27.76487030032408,7.809859729170289,0.8596495654820799,0,0,0,0
2025-08-15 03:10:49,35.196820655128214,27.792837684305123,7.7988496449398905,0.8741685098350328,0,0,0,0
2025-08-15 03:10:50,36.240189304889334,27.725142425355628,7.821506868039138,0.9413154280951369,0,0,0,0
2025-08-15 03:10:51,35.37373315754015,27.750453337530868,7.804213369304062,0.9306010952070627,0,0,0,0
2025-08-15 03:10:52,34.98250103304743,27.979846512985194,7.804190684605255,0.8891060505954876,0,0,0,0
2025-08-15 03:10:53,34.6927199600054,27.785272003266776,7.778167496556818,0.9256320600336216,0,0,0,0
2025-08-15 03:10:54,35.779186578179136,28.204615619713785,7.804676960515792,0.910236475274761,0,0,0,0
2025-08-15 03:10:55,34.80991350500349,28.44617384660078,7.820708868328339,0.9450082382700297,0,0,0,0
2025-08-15 03:10:56,34.704066123913144,27.825984027588987,7.7832787569579995,0.9022352878148032,0,0,0,0
2025-08-15 03:10:57,34.768857281681555,28.07182135016061,7.828489916424939,0.9307689634161775,0,0,0,0
2025-08-15 03:10:58,34.36672637697785,28.14990553309088,7.798165879517097,0.9792603573147787,0,0,0,0
2025-08-15 03:10:59,35.07840143542883,28.141600681275783,7.782244609769229,0.917942974651424,0,0,0,0
2025-08-15 03:11:00,35.28408365756192,28.022786580374827,7.819952641538404,0.9014798449738454,0,0,0,0
2025-08-15 03:11:01,34.81821160826297,28.222804725507917,7.794264115285235,0.9216734095566294,0,0,0,0
2025-08-15 03:11:02,34.63283147707845,28.144674685804198,7.815190297749722,0.8890415742538835,0,0,0,0
2025-08-15 03:11:03,34.62193599582151,27.62870127330181,7.794164827354829,0.971639031165742,0,0,0,0
2025-08-15 03:11:04,34.60014247567288,28.260746819316783,7.798803477129402,0.9054021311308794,0,0,0,0
2025-08-15 03:11:05,34.78817589677341,28.26618725118002,7.809871204086686,0.8918120003932346,0,0,0,0
2025-08-15 03:11:06,35.11305477263044,27.771014168746426,7.8058179411518,0.874929329849399,0,0,0,0
2025-08-15 03:11:07,35.804162206526904,28.01138135063428,7.760089364390965,0.9329166057481931,0,0,0,0
2025-08-15 03:11:08,33.65074912818838,28.204998697843322,7.777575125198112,0.9260156223848321,0,0,0,0
2025-08-15 03:11:09,35.61787300188086,27.93720585412619,7.818588199695816,0.8850793688575772,0,0,0,0
2025-08-15 03:11:10,35.88013724289337,28.321893414329804,7.797357268221969,0.9172935403536727,0,0,0,0
2025-08-15 03:11:11,34.64628345834413,28.709161748385807,7.789525373944572,0.8547433209536144,0,0,0,0
2025-08-15 03:11:12,35.57922796813936,27.764204190209504,7.77282851969485,0.9055491172521947,0,0,0,0
2025-08-15 03:11:13,34.625925491240885,27.585686619053867,7.778405273574482,0.9135826905623009,0,0,0,0
2025-08-15 03:11:14,35.143050428711675,28.091145578681463,7.759564027200761,0.9512198942867767,0,0,0,0
2025-08-15 03:11:15,34.60032172783645,28.216468751537843,7.797974385625969,0.8768754359181393,0,0,0,0
2025-08-15 03:11:16,34.407653297968544,27.93074008784657,7.7880312483883785,0.8616494211359302,0,0,0,0
2025-08-15 03:11:17,35.78267627108891,28.43597819899631,7.780668242180294,0.8731371611722488,0,0,0,0
2025-08-15 03:11:18,35.22875602373573,27.598418260083026,7.798637531496641,0.8599029449905524,0,0,0,0
2025-08-15 03:11:19,35.608383073159295,28.207875586909484,7.807279412617055,0.9400997207327695,0,0,0,0
2025-08-15 03:11:20,34.95864952868297,27.81824175377233,7.841863958644199,0.9464591788507211,0,0,0,0
2025-08-15 03:11:21,34.48869114099725,28.51581337186219,7.769762331608735,0.9096064973384649,0,0,0,0
2025-08-15 03:11:22,35.11158745207851,28.597754605950435,7.82318762086601,0.9366388483705544,0,0,0,0
2025-08-15 03:11:23,35.18148450163338,27.770003023664994,7.819462031220302,0.9040187514174071,0,0,0,0
2025-08-15 03:11:24,34.54654782312819,27.835132859227425,7.784418145212466,0.897146650568977,0,0,0,0
2025-08-15 03:11:25,35.40401402324828,28.257876366093942,7.804064719091721,0.8900088714283871,0,0,0,0
2025-08-15 03:11:26,35.19653524806616,27.883860805063147,7.790847335013248,0.890688270258673,0,0,0,0
2025-08-15 03:11:27,34.436265498932805,27.986376634620328,7.803713771608375,0.853565953310729,0,0,0,0
2025-08-15 03:11:28,35.43051500024075,28.007616526162725,7.830182620268091,0.9079276429082201,0,0,0,0
2025-08-15 03:11:29,35.110670539783975,27.424098053140703,7.812112124652626,0.8987899826935787,0,0,0,0
2025-08-15 03:11:30,34.89727300750033,27.99584867617173,7.8101721674646685,0.9223608217223362,0,0,0,0
2025-08-15 03:11:31,35.72871946378629,27.793081667780747,7.791393813600907,0.9028057048931584,0,0,0,0
2025-08-15 03:11:32,34.26902800610708,27.852063153280067,7.770318866701513,0.8951188889529272,0,0,0,0
2025-08-15 03:11:33,34.99321313241693,28.433089601040646,7.7958306357891916,0.8738642090997711,0,0,0,0
2025-08-15 03:11:34,34.7533830132589,27.623047931716222,7.824132163097278,0.9021645971046529,0,0,0,0
2025-08-15 03:11:35,34.73889168883346,28.24396155602439,7.769456642868207,0.9221471169244849,0,0,0,0
2025-08-15 03:11:36,35.46306129499155,27.916311120900456,7.778898212636466,0.8656998302674842,0,0,0,0
2025-08-15 03:11:37,34.46940777232751,27.91607194945125,7.802525354724681,0.9026242126104222,0,0,0,0
2025-08-15 03:11:38,35.034579583769066,28.237111568815514,7.780306904303054,0.9069912885458845,0,0,0,0
2025-08-15 03:11:39,34.804619459279046,28.102015388370667,7.784149531057696,0.8784580564914521,0,0,0,0
2025-08-15 03:11:40,34.418945365919726,28.17118389916586,7.791528028365437,0.88236431085276,0,0,0,0
2025-08-15 03:11:41,35.13830716490196,28.290455398159857,7.772687651916197,0.9069183254629865,0,0,0,0
2025-08-15 03:11:42,34.81546725134883,27.900607485045004,7.780517563075673,0.8659973694512213,0,0,0,0
2025-08-15 03:11:43,34.14314714987807,27.816328979647675,7.814068558335746,0.9104977114574818,0,0,0,0
2025-08-15 03:11:44,34.65550690689126,27.67445484203266,7.773852604355381,0.873139368790224,0,0,0,0
2025-08-15 03:11:45,35.224623907830676,27.752376841006313,7.768042557310103,0.9318856107909965,0,0,0,0
2025-08-15 03:11:46,34.50922693498762,28.88472832759262,7.787399500409322,0.970134832361649,0,0,0,0
2025-08-15 03:11:47,35.63232443089177,28.373403874221037,7.814639110050197,0.8741772959489454,0,0,0,0
2025-08-15 03:11:48,34.36044019648244,27.594677690137594,7.796061563840062,0.9160262358712402,0,0,0,0
2025-08-15 03:11:49,35.87437251926027,27.60326261297693,7.790708378437688,0.8781977428535395,0,0,0,0
2025-08-15 03:11:50,35.16817057485909,28.144559818515546,7.800887175950312,0.9312286252139337,0,0,0,0
2025-08-15 03:11:51,35.10251203172875,28.16417943921339,7.765085851342807,0.8620422477274435,0,0,0,0
2025-08-15 03:11:52,34.729009947796314,28.16466515059521,7.809894113075501,0.9144176027528313,0,0,0,0
2025-08-15 03:11:53,35.29520519746809,27.92351326193389,7.8076687006280725,0.8738103309933194,0,0,0,0
2025-08-15 03:11:54,34.90047667516161,27.96236372199913,7.791813830518086,0.893790462327049,0,0,0,0
2025-08-15 03:11:55,35.441878658347214,28.098363857247808,7.820118490235928,0.8690692417455808,0,0,0,0
2025-08-15 03:11:56,34.97703012212324,28.025767901888,7.777450078020939,0.9246705141268726,0,0,0,0
2025-08-15 03:11:57,34.945816069754954,27.33420988817574,7.822558179865071,0.8748905893668124,0,0,0,0
2025-08-15 03:11:58,34.68227716568401,27.931060110827442,7.8030898733119045,0.9165589277799548,0,0,0,0
2025-08-15 03:11:59,35.0941442764763,27.744578069721907,7.793268948202436,0.88967705915213,0,0,0,0
2025-08-15 03:12:00,35.45077218576019,28.052563425672552,7.799602527292634,0.8965658288460341,0,0,0,0
2025-08-15 03:12:01,34.60870813585474,28.895577700781022,7.797854704683781,0.9044326772220039,0,0,0,0
2025-08-15 03:12:02,34.14658449717136,28.11024449964229,7.824405657928354,0.8771452598502346,0,0,0,0
2025-08-15 03:12:03,35.6196064004608,27.905941094148282,7.77846641745058,0.9063110134062267,0,0,0,0
2025-08-15 03:12:04,34.9888065498467,28.276540450593174,7.784749615217068,0.9459100369306324,0,0,0,0
2025-08-15 03:12:05,35.07658991924532,28.144806366162765,7.8207260578414495,0.8766571564250186,0,0,0,0
2025-08-15 03:12:06,34.78081974021435,28.126028347135552,7.788089301296322,0.9351543042982153,0,0,0,0
2025-08-15 03:12:07,35.174527660613165,28.182055177964703,7.818010661546632,0.9449429290046335,0,0,0,0
2025-08-15 03:12:08,34.86252692360048,28.61696306944886,7.833988719660174,0.8755153503291587,0,0,0,0
2025-08-15 03:12:09,34.31752691185916,27.660733469402224,7.791964099461167,0.8563483618472835,0,0,0,0
2025-08-15 03:12:10,35.23040489362511,28.142089623043436,7.813627246531506,0.909058827005153,0,0,0,0
2025-08-15 03:12:11,34.945134640913565,27.72208566100554,7.776926154373203,0.8835777743169938,0,0,0,0
2025-08-15 03:12:12,35.119639115865375,28.166653793902675,7.815094665961356,0.95605809657489,0,0,0,0
2025-08-15 03:12:13,34.65900859101187,27.72439404655417,7.803988479719735,0.901044226214995,0,0,0,0
2025-08-15 03:12:14,35.364238881567154,27.874789955918473,7.8094607656432045,0.8759340177589446,0,0,0,0
2025-08-15 03:12:15,35.40143512572687,27.91147302572863,7.787088558559292,0.8655852146696487,0,0,0,0
2025-08-15 03:12:16,34.547769402237776,28.292745015803412,7.7667783316886565,0.9326971487727249,0,0,0,0
2025-08-15 03:12:17,35.99777083840657,28.275536333182725,7.81006504129499,0.8828644807774745,0,0,0,0
2025-08-15 03:12:18,36.04005433909577,27.626284787066083,7.758731936950411,0.9013148639838129,0,0,0,0
2025-08-15 03:12:19,35.33459164994383,28.016480233299955,7.793652990155149,0.9286740823533745,0,0,0,0
2025-08-15 03:12:20,33.77062805080639,27.78712604357525,7.818823637328399,0.8854722494420751,0,0,0,0
2025-08-15 03:12:21,34.560176305382086,27.6224485267974,7.80383795471746,0.8986221351377952,0,0,0,0
2025-08-15 03:12:22,34.389091182153294,27.93489488487269,7.838966852895796,0.8995029477053245,0,0,0,0
2025-08-15 03:12:23,35.121649804473705,27.907455163463254,7.8205021830516355,0.9204997353454828,0,0,0,0
2025-08-15 03:12:24,35.30995503797872,28.728014945903656,7.7869220322334884,0.9177223300653098,0,0,0,0
2025-08-15 03:12:25,34.474351682488106,28.129887947608207,7.800546267597029,0.8933965880623551,0,0,0,0
2025-08-15 03:12:26,35.35494846169443,27.58671474977373,7.799052585949111,0.9019094718448956,0,0,0,0
2025-08-15 03:12:27,34.899240502760215,27.830567798748717,7.768356464733078,0.8888466296542954,0,0,0,0
2025-08-15 03:12:28,34.999348713125364,28.30641498862882,7.7811920216703125,0.8556716277924167,0,0,0,0
2025-08-15 03:12:29,34.439549987177934,28.626532831860978,7.788784781860403,0.9077280257219439,0,0,0,0
2025-08-15 03:12:30,34.27682568482721,27.524205006328614,7.759275589942881,0.9567657528249921,0,0,0,0
2025-08-15 03:12:31,34.70379422580625,27.436022684458287,7.8009498693650325,0.8734884257792681,0,0,0,0
2025-08-15 03:12:32,34.54205784902512,28.561289552611534,7.795018563106939,0.876809108711919,0,0,0,0
2025-08-15 03:12:33,35.07401168284497,28.11688425321127,7.766542121973768,0.8738781668506878,0,0,0,0
2025-08-15 03:12:34,34.9582502859608,27.73951218043709,7.808084257305547,0.9217377533616937,0,0,0,0
2025-08-15 03:12:35,36.57780470606058,28.160388725836732,7.814317454893819,0.9134545636258933,0,0,0,0
2025-08-15 03:12:36,35.18701512810756,27.209275678294937,7.804540689577298,0.8952438692275063,0,0,0,0
2025-08-15 03:12:37,35.61371473812878,28.00101265197915,7.79351863649582,0.8724594281508311,0,0,0,0
2025-08-15 03:12:38,34.679485570080345,28.098346351852925,7.811828843035037,0.9027713037491978,0,0,0,0
2025-08-15 03:12:39,35.18500997572201,28.27728104186135,7.813604407209533,0.8530613361799259,0,0,0,0
2025-08-15 03:12:40,34.61213025595852,27.69583121431224,7.806148071394394,0.9043027970057248,0,0,0,0
2025-08-15 03:12:41,35.45807452785633,28.02570614842101,7.783507754991304,0.926145731582638,0,0,0,0
2025-08-15 03:12:42,35.828997844960575,27.722372612182124,7.805532015310224,0.8624640259009897,0,0,0,0
2025-08-15 03:12:43,35.14539336760389,28.076615126702293,7.823909613016509,0.8540244516951101,0,0,0,0
2025-08-15 03:12:44,35.31991837174947,27.731396103291093,7.788067418827765,0.9473831367508458,0,0,0,0
2025-08-15 03:12:45,34.60365273930606,27.877569748251933,7.841958786782649,0.8816472108148625,0,0,0,0
2025-08-15 03:12:46,35.24356702729361,27.70125538156293,7.789487381320292,0.9340784353783147,0,0,0,0
2025-08-15 03:12:47,35.613311042681865,28.195340872547096,7.800648140266802,0.8953800700440651,0,0,0,0
2025-08-15 03:12:48,34.64801433202982,28.257535334996998,7.786550288079873,0.8951413554917602,0,0,0,0
2025-08-15 03:12:49,36.008180597492476,27.929613829012776,7.804465416718405,0.9131523809848994,0,0,0,0
2025-08-15 03:12:50,35.682450097487596,28.01147139848801,7.765155566147294,0.8734800342976068,0,0,0,0
2025-08-15 03:12:51,34.93618574046335,27.565422575609936,7.789079164023665,0.9039749143048694,0,0,0,0
2025-08-15 03:12:52,35.08927065171622,27.910097005597965,7.778157575993029,0.8885553175552773,0,0,0,0
2025-08-15 03:12:53,35.2613696550263,27.984938614887476,7.802706766957845,0.8603851966978491,0,0,0,0
2025-08-15 03:12:54,35.26870280082189,28.786237927308992,7.819888947510178,0.910124462241792,0,0,0,0
2025-08-15 03:12:55,34.45214262752523,27.66640989226775,7.812920123742291,0.8921007657936625,0,0,0,0
2025-08-15 03:12:56,34.462178652135115,28.43925317162573,7.752566812782822,0.8952892551466588,0,0,0,0
2025-08-15 03:12:57,35.08175203067436,28.29905763203974,7.840841393058557,0.8636951716975753,0,0,0,0
2025-08-15 03:12:58,34.991604960769884,28.08419092134704,7.8059055988124175,0.9477420110328841,0,0,0,0
2025-08-15 03:12:59,34.81934175936074,28.52758614525854,7.78447001719014,0.9263014255915835,0,0,0,0
2025-08-15 03:13:00,34.83884877975812,28.111631641782058,7.803142558379819,0.9289246765251594,0,0,0,0
2025-08-15 03:13:01,34.33983008810305,28.116747758700377,7.803523796450054,0.8908366589267496,0,0,0,0
2025-08-15 03:13:02,35.13386471819212,27.984063804094735,7.786663025660968,0.8481245133148975,0,0,0,0
2025-08-15 03:13:03,35.71655399698953,28.36707066472559,7.803958333346841,0.9585875214746853,0,0,0,0
2025-08-15 03:13:04,35.28345900570732,28.328940770143266,7.787850554247593,0.8981670747598239,0,0,0,0
2025-08-15 03:13:05,35.22211931774719,27.812296813751136,7.791912760146199,0.8775360061193984,0,0,0,0
2025-08-15 03:13:06,35.38872656289636,27.60422584162037,7.786274417284898,0.9125040472344934,0,0,0,0
2025-08-15 03:13:07,35.0956500948279,27.939105808781303,7.771346574205206,0.935013623640099,0,0,0,0
2025-08-15 03:13:08,35.053123275299924,27.759988430680707,7.802916729404307,0.8993084833174361,0,0,0,0
2025-08-15 03:13:09,34.48075754835251,27.980942627615395,7.811705988730327,0.9383572550381812,0,0,0,0
2025-08-15 03:13:10,35.47415494945902,28.371231440405243,7.810297671921528,0.932489998155506,0,0,0,0
2025-08-15 03:13:11,35.077003450947736,27.86280950347396,7.816398505052705,0.8677085643779383,0,0,0,0
2025-08-15 03:13:12,35.51837166677811,27.987152985606528,7.806486804200297,0.8797862968302157,0,0,0,0
2025-08-15 03:13:13,34.71630623530592,28.017406820442517,7.789345490035662,0.9287261148983931,0,0,0,0
2025-08-15 03:13:14,34.390717497633645,28.254529264661585,7.816793277288624,0.8186216230856869,0,0,0,0
2025-08-15 03:13:15,35.97372505777028,27.32593319980462,7.772849649203161,0.8955163292050503,0,0,0,0
2025-08-15 03:13:16,35.06592656677486,27.81798991157041,7.7819865723497506,0.8570750639512599,0,0,0,0
2025-08-15 03:13:17,35.06381915295599,28.063385107683843,7.780715998571535,0.8857033859569943,0,0,0,0
2025-08-15 03:13:18,35.42455561325979,28.36002368692806,7.821601121182786,0.8910353973291238,0,0,0,0
2025-08-15 03:13:19,35.53134685209791,27.85242926574814,7.818855770282801,0.8892526686627747,0,0,0,0
2025-08-15 03:13:20,35.36705720646051,27.43703418818744,7.8097461047409,0.8834321624366218,0,0,0,0
2025-08-15 03:13:21,34.667669543619155,28.185913433789842,7.821438597304236,0.8670856905111356,0,0,0,0
2025-08-15 03:13:22,34.99535457141298,27.809391283352312,7.78241434435176,0.9687573380045607,0,0,0,0
2025-08-15 03:13:23,34.9937728163974,27.64310000227289,7.806971902397219,0.9560238601248405,0,0,0,0
2025-08-15 03:13:24,35.1456656727847,27.81269638308603,7.797496511432336,0.8651380253923115,0,0,0,0
2025-08-15 03:13:25,35.01895298332844,27.944642392703244,7.816937642077698,0.947463502539107,0,0,0,0
2025-08-15 03:13:26,35.11428431077143,27.818576600638536,7.7976955153489556,0.8880160352858144,0,0,0,0
2025-08-15 03:13:27,35.18300349391072,27.33833018287028,7.792301142231798,0.9038756241999514,0,0,0,0
2025-08-15 03:13:28,35.424093331966525,28.26911985906614,7.81081817037122,0.8981017812030926,0,0,0,0
2025-08-15 03:13:29,34.899886913703924,28.382462512383615,7.817523383343825,0.8802075407623811,0,0,0,0
2025-08-15 03:13:30,34.853235642747634,28.19545659740185,7.786633096103063,0.9295155703081844,0,0,0,0
2025-08-15 03:13:31,34.93186331619305,27.658694298872554,7.798778486572952,0.9037765959172998,0,0,0,0
2025-08-15 03:13:32,35.55040051254388,27.939552539815743,7.7788311873271665,0.8857034573034228,0,0,0,0
2025-08-15 03:13:33,35.06465886494143,27.998043605431164,7.750038779650141,0.8608623166859859,0,0,0,0
2025-08-15 03:13:34,35.3183911864219,28.179638316868573,7.804009192628274,0.8731921495884264,0,0,0,0
2025-08-15 03:13:35,34.74198935858038,28.200502146615424,7.812178107125092,0.8507585965319371,0,0,0,0
2025-08-15 03:13:36,34.92358859682057,27.779747860366452,7.8052413361817345,0.9003667064524551,0,0,0,0
2025-08-15 03:13:37,35.1707942551122,28.024598666924067,7.761008765644912,0.8641000322314681,0,0,0,0
2025-08-15 03:13:38,35.56316198717145,28.13718412138457,7.79298301139847,0.8920331846244438,0,0,0,0
2025-08-15 03:13:39,35.67065404118972,28.43674669664403,7.755633044798978,0.9411030556083111,0,0,0,0
2025-08-15 03:13:40,34.19680619528659,28.21135196194742,7.827394022153084,0.9359789871876476,0,0,0,0
2025-08-15 03:13:41,35.42242429127163,28.236717006212654,7.778278908357638,0.8990316931769214,0,0,0,0
2025-08-15 03:13:42,35.466561915057184,28.02514798837881,7.825108072189198,0.8973874582157055,0,0,0,0
2025-08-15 03:13:43,34.617191902470324,28.42313774356105,7.818917392873683,0.9563962364826303,0,0,0,0
2025-08-15 03:13:44,34.03717032488118,28.12292883878785,7.781988192949279,0.9156226836107614,0,0,0,0
2025-08-15 03:13:45,35.547106396423594,27.74167362694793,7.777344300974645,0.8901658062037043,0,0,0,0
2025-08-15 03:13:46,35.34634340350196,28.42101099103756,7.807007404327726,0.8572194564863864,0,0,0,0
2025-08-15 03:13:47,34.8058323033378,28.209370981761708,7.7831135192563385,0.9118161965449423,0,0,0,0
2025-08-15 03:13:48,34.425644958441026,27.867086793661457,7.802049692843164,0.9248797131774859,0,0,0,0
2025-08-15 03:13:49,34.908014119748806,27.856152109780226,7.790343448183862,0.8810504542645907,0,0,0,0
2025-08-15 03:13:50,34.3584907260562,28.08897266354223,7.764376831710687,0.908736082654141,0,0,0,0
2025-08-15 03:13:51,35.00802746270347,28.138955438580275,7.75539063961751,0.8890928011525492,0,0,0,0
2025-08-15 03:13:52,34.951182908735575,28.059187679689362,7.804533684969892,0.8944790280240299,0,0,0,0
2025-08-15 03:13:53,34.88921737471092,28.093392602032864,7.788768845073387,0.8253653382731301,0,0,0,0
2025-08-15 03:13:54,34.90447259987999,28.509987212372913,7.788938203661717,0.8933465578885159,0,0,0,0
2025-08-15 03:13:55,35.590030991829686,28.321462945670465,7.813917276781876,0.9290810790722417,0,0,0,0
2025-08-15 03:13:56,35.23194137766568,28.057190677379506,7.823468845532648,0.8810579233330033,0,0,0,0
2025-08-15 03:13:57,34.24976872631357,28.282393174230243,7.794549105572764,0.9015757910464595,0,0,0,0
2025-08-15 03:13:58,35.37278318441837,27.690242828941738,7.793188025861802,0.8773214787992424,0,0,0,0
2025-08-15 03:13:59,35.47791398954008,28.11937811498404,7.810002860662277,0.9108132502887832,0,0,0,0
2025-08-15 03:14:00,34.929629789421504,28.542791904919934,7.772861288606008,0.8935043040739148,0,0,0,0
2025-08-15 03:14:01,35.22411648606432,27.934586231382287,7.804463061094954,0.8718227537795398,0,0,0,0
2025-08-15 03:14:02,34.19043360234713,27.745709821414273,7.811037719436443,0.9399765440299539,0,0,0,0
2025-08-15 03:14:03,35.38944629479122,27.80437333342208,7.8136046041683525,0.9278679604059665,0,0,0,0
2025-08-15 03:14:04,35.30487494686756,27.673110088797284,7.76126494594995,0.8818527970821548,0,0,0,0
2025-08-15 03:14:05,35.39424930595323,27.764571427561687,7.784772894603821,0.9149336492825333,0,0,0,0
2025-08-15 03:14:06,34.958362289351285,27.888847570422993,7.78243473494353,0.9161223600846115,0,0,0,0
2025-08-15 03:14:07,35.805443363871106,27.57832989424641,7.8019977390881845,0.9192690370503352,0,0,0,0
2025-08-15 03:14:08,34.42162344369823,28.00468550018488,7.809614891595359,0.8491723231201477,0,0,0,0
2025-08-15 03:14:09,34.80856934343951,28.270683152135994,7.829934208148919,0.9301981962309789,0,0,0,0
2025-08-15 03:14:10,34.48064195711047,27.727673145955922,7.790100690392638,0.8829090311122281,0,0,0,0
2025-08-15 03:14:11,34.48345502602358,28.45578517709253,7.7900485500338155,0.889265161996762,0,0,0,0
2025-08-15 03:14:12,34.639122469849724,28.15323762655828,7.822993440377575,0.979136452567806,0,0,0,0
2025-08-15 03:14:13,35.35331756864697,28.309174175687218,7.805931538770606,0.9090562014216303,0,0,0,0
2025-08-15 03:14:14,35.43370706699045,27.802649633844357,7.825353030223759,0.8884103257365847,0,0,0,0
2025-08-15 03:14:15,34.88831263171028,28.256357568119984,7.805774560060197,0.8338411688173228,0,0,0,0
2025-08-15 03:14:16,34.686819721295876,27.672419829881406,7.776857667625735,0.9416929240183907,0,0,0,0
2025-08-15 03:14:17,35.11652721492678,28.267074250250953,7.773337432904444,0.8596437098757419,0,0,0,0
2025-08-15 03:14:18,34.82486401436548,28.05155180193806,7.768969755018821,0.869896832895015,0,0,0,0
2025-08-15 03:14:19,35.005290966826045,28.165975365995436,7.813241036695169,0.8900594310273645,0,0,0,0
2025-08-15 03:14:20,35.107488864317936,27.647321618312546,7.82377193646174,0.9424923537510088,0,0,0,0
2025-08-15 03:14:21,34.43135297721226,27.73147904731702,7.836987242827727,0.9231971995999728,0,0,0,0
2025-08-15 03:14:22,35.24324036569266,28.179168465476014,7.8168621066464645,0.8952648747047922,0,0,0,0
2025-08-15 03:14:23,35.9672745078308,27.71549559873274,7.8232567715506995,0.9092487619091647,0,0,0,0
2025-08-15 03:14:24,34.5345260974995,28.138961887629737,7.788399673346926,0.8819884292138669,0,0,0,0
2025-08-15 03:14:25,34.86749682582722,27.589858658061928,7.776871683665123,0.9041896106869606,0,0,0,0
2025-08-15 03:14:26,35.405449091423776,28.2544522638,7.817001586648351,0.9022001023433441,0,0,0,0
2025-08-15 03:14:27,35.36520190542328,27.630243005569447,7.808353615044788,0.9290630968704406,0,0,0,0
2025-08-15 03:14:28,35.27200105621134,28.165689981303856,7.802148887486817,0.9290153436731685,0,0,0,0
2025-08-15 03:14:29,35.71345706478603,28.1876892800938,7.807747429612659,0.9148193214661694,0,0,0,0
2025-08-15 03:14:30,35.16609908614627,27.790968454471127,7.806463709649164,0.889129573273617,0,0,0,0
2025-08-15 03:14:31,34.84935484663678,28.174607970125418,7.825676337197071,0.9222546688317038,0,0,0,0
2025-08-15 03:14:32,34.29368105378315,28.078132679000067,7.825899711696339,0.8972409460139086,0,0,0,0
2025-08-15 03:14:33,34.50890457227281,27.83834744314218,7.810884407046807,0.867542568938606,0,0,0,0
2025-08-15 03:14:34,34.468660415426484,27.697433594777138,7.816916057451258,0.8879013662426719,0,0,0,0
2025-08-15 03:14:35,35.75633110582801,27.411212292498227,7.810281251048496,0.9025358095135297,0,0,0,0
2025-08-15 03:14:36,34.77228104413093,28.104895014189907,7.790776605359308,0.9273064735099423,0,0,0,0
2025-08-15 03:14:37,35.3735630243162,27.530559168591385,7.815131293498262,0.8944941548352854,0,0,0,0
2025-08-15 03:14:38,35.08319461494099,28.028603259832394,7.772110098622814,0.8637240386628119,0,0,0,0
2025-08-15 03:14:39,35.808914607922404,27.920965535175327,7.821077831045917,0.9017022504989046,0,0,0,0
2025-08-15 03:14:40,35.836431913370404,28.20374283263146,7.776109541204679,0.9034036812016966,0,0,0,0
2025-08-15 03:14:41,35.07219007357378,27.909386350153042,7.805716065735894,0.9055751288670826,0,0,0,0
2025-08-15 03:14:42,34.671995128216544,27.901165664095874,7.783096920831476,0.9275961454786329,0,0,0,0
2025-08-15 03:14:43,35.6120633662757,28.21956121128649,7.811067779661489,0.9305676972026969,0,0,0,0
2025-08-15 03:14:44,34.90806699771785,28.100517408725235,7.799321495481442,0.88217367382855,0,0,0,0
2025-08-15 03:14:45,35.797466755135964,28.094846787154832,7.7681048808367335,0.8815156962585318,0,0,0,0
2025-08-15 03:14:46,34.737399288768906,28.140780276942557,7.80841399262037,0.8687940386713359,0,0,0,0
2025-08-15 03:14:47,34.78949879219974,27.539328363037868,7.788441584463346,0.9209644701084143,0,0,0,0
2025-08-15 03:14:48,35.346350430746405,28.227036603996094,7.817622934416267,0.9434646032501315,0,0,0,0
2025-08-15 03:14:49,35.31323929442539,28.183740638204082,7.800026513774688,0.8905475421627324,0,0,0,0
2025-08-15 03:14:50,35.065583465289954,27.69499506142705,7.80790841970776,0.8927570830582502,0,0,0,0
2025-08-15 03:14:51,35.4144392297669,27.926775857897738,7.780848620899696,0.9440034767069693,0,0,0,0
2025-08-15 03:14:52,35.40080417837393,27.98820781371171,7.788213355371453,0.9151667355964502,0,0,0,0
2025-08-15 03:14:53,35.345325574420606,27.95965096467948,7.790827227277978,0.9130870711440316,0,0,0,0
2025-08-15 03:14:54,35.563337576703574,28.100157989970562,7.817134049604851,0.8642725048207882,0,0,0,0
2025-08-15 03:14:55,35.91865124052225,28.429410034549356,7.83354754175611,0.9203618420783826,0,0,0,0
2025-08-15 03:14:56,35.221528480318646,28.32453001830185,7.783896564965143,0.8721259097847073,0,0,0,0
2025-08-15 03:14:57,35.34932889162029,27.60633424197058,7.821536962893154,0.8659793944219513,0,0,0,0
2025-08-15 03:14:58,35.59149016635143,28.186620997091815,7.756606451645486,0.8895968526969986,0,0,0,0
2025-08-15 03:14:59,34.714847049749395,28.398679995860622,7.776116211978154,0.8824262182965393,0,0,0,0
2025-08-15 03:15:00,34.54844875146656,28.11604255620676,7.780824430876264,0.8933520091684488,1,0,0,0
2025-08-15 03:15:01,34.72853674106729,28.32729412755579,7.772949826211185,0.8567705509642525,1,0,0,0
2025-08-15 03:15:02,35.00258903110134,28.60368113371023,7.768328232204248,0.9287644891940302,1,0,0,0
2025-08-15 03:15:03,35.209509786873085,28.307112863832096,7.808259978242756,0.9338305888354929,1,0,0,0
2025-08-15 03:15:04,35.00955509011017,28.07479257869252,7.795718646045443,0.8415797257757756,1,0,0,0
2025-08-15 03:15:05,34.80145226460188,28.313526542225425,7.807588107952102,0.9293537341699966,1,0,0,0
2025-08-15 03:15:06,34.78018070036778,28.043466349929066,7.81380945372243,0.8756841411053512,1,0,0,0
2025-08-15 03:15:07,35.8925143874212,28.007170912985487,7.80531233986345,0.9257092661094836,1,0,0,0
2025-08-15 03:15:08,35.97982612302464,27.89457572928588,7.813155263523007,0.8979466052200076,1,0,0,0
2025-08-15 03:15:09,36.469554178368135,28.469024007649633,7.798609354275154,0.90086326692243,1,0,0,0
2025-08-15 03:15:10,35.19221314685931,27.7544714002174,7.776260132233885,0.8944470705173635,1,0,0,0
2025-08-15 03:15:11,35.21643472018976,28.459710317403434,7.821156283616416,0.9363638761270046,1,0,0,0
2025-08-15 03:15:12,35.32794453000211,28.14995923712211,7.788217757344377,0.8628123596242492,1,0,0,0
2025-08-15 03:15:13,36.036761251573964,27.580208147559418,7.781288074024752,0.9182352101620502,1,0,0,0
2025-08-15 03:15:14,35.518309799132524,28.110294787897427,7.796441642483912,0.9330399049466865,1,0,0,0
2025-08-15 03:15:15,35.90593177502048,27.369992047704514,7.78174378161407,0.9214902024162124,1,0,0,0
2025-08-15 03:15:16,35.87949519117912,28.18765240504931,7.791651392360211,0.9697409674297025,1,0,0,0
2025-08-15 03:15:17,36.104882617117866,28.2655694448967,7.806881078431269,0.8841315971182591,1,0,0,0
2025-08-15 03:15:18,35.7644705255322,27.822293213304384,7.806966834784922,0.9287191446778059,1,0,0,0
2025-08-15 03:15:19,36.13700212476088,28.037064308786675,7.782043398671488,0.8968172809397574,1,0,0,0
2025-08-15 03:15:20,36.82686239039202,28.586247230125085,7.790245892541025,0.9370021822905801,1,0,0,0
2025-08-15 03:15:21,35.46230035157981,27.84827598872142,7.821486660095404,0.8997693301283589,1,0,0,0
2025-08-15 03:15:22,36.38144577174018,27.68232772388302,7.809928002354678,0.888363726544126,1,0,0,0
2025-08-15 03:15:23,35.99565747702767,28.44449902073878,7.8415013007869705,0.9391821661161489,1,0,0,0
2025-08-15 03:15:24,36.72946354406388,28.588776157159238,7.8236025634748305,0.8852531418294322,1,0,0,0
2025-08-15 03:15:25,36.00247313365337,28.001108701554354,7.822885861371199,0.8576182272329833,1,0,0,0
2025-08-15 03:15:26,36.44223596769503,28.303438910622507,7.772242628990884,0.8844945935047852,1,0,0,0
2025-08-15 03:15:27,36.41593057160712,28.402442774659264,7.815277207032668,0.918570988397656,1,0,0,0
2025-08-15 03:15:28,37.13795533892169,27.777254730238486,7.798937863966062,0.9417611625476128,1,0,0,0
2025-08-15 03:15:29,36.656906042023266,27.85440824938964,7.788980363929235,0.9033338812588954,1,0,0,0
2025-08-15 03:15:30,36.37818908073754,28.36926235394642,7.80336030681065,0.9395459120170208,1,0,0,0
2025-08-15 03:15:31,37.62285609188267,28.505504283612552,7.81890423069223,0.8592547523556722,1,0,1,1
2025-08-15 03:15:32,36.27084772795957,28.168864258052306,7.810016631820084,0.8867020960554629,1,0,0,0
2025-08-15 03:15:33,36.41399056370348,27.736055693949385,7.782430523973159,0.891342746485377,1,0,0,0
2025-08-15 03:15:34,36.684425984915414,28.596118333509832,7.814849178271852,0.8965632171758244,1,0,0,0
2025-08-15 03:15:35,36.71517665431265,27.84070873065641,7.7872482491584805,0.9025228316475059,1,0,0,0
2025-08-15 03:15:36,36.36660593937423,27.899458665648563,7.804333662379285,0.9207273287217658,1,0,0,0
2025-08-15 03:15:37,37.49221148949808,28.102701350346887,7.793932998650457,0.8866557948548853,1,0,0,0
2025-08-15 03:15:38,36.806686712329686,28.46624812621443,7.795622674965287,0.9041708606085938,1,0,0,0
2025-08-15 03:15:39,37.03002347720813,28.256192792965667,7.81532485950081,0.8986463132902784,1,0,0,0
2025-08-15 03:15:40,36.555060237255184,28.124459650108573,7.779196125603682,0.8722233028832655,1,0,0,0
2025-08-15 03:15:41,37.445753921956445,28.13898655903543,7.838903901485539,0.896589999327557,1,0,0,0
2025-08-15 03:15:42,37.234384730086944,28.013054400593038,7.76357827861411,0.8956902141030865,1,0,0,0
2025-08-15 03:15:43,37.235606830340664,28.167441854355552,7.7880466463349025,0.8950475830499086,1,0,0,0
2025-08-15 03:15:44,38.45694344600848,27.241131976691708,7.807404237798835,0.9009527836974436,1,0,1,1
2025-08-15 03:15:45,37.06844979021787,27.91101776227906,7.811686283328706,0.9022702062184016,1,0,0,0
2025-08-15 03:15:46,37.10510825634344,28.072396580475033,7.797990485588565,0.8870311446267801,1,0,0,0
2025-08-15 03:15:47,37.753412800397804,27.65469577491415,7.798852185939969,0.938181442019138,1,0,0,0
2025-08-15 03:15:48,37.71733741513619,28.11589699534347,7.808211001706552,0.8649155811239095,1,0,0,0
2025-08-15 03:15:49,37.68288616480026,27.938658633704165,7.795378610450846,0.8783708967459032,1,0,0,0
2025-08-15 03:15:50,37.80118626135394,28.52664270949465,7.827863625158698,0.9833989087267067,1,0,0,0
2025-08-15 03:15:51,37.84123310534194,28.471905917564456,7.816786982284632,0.8688602593503232,1,0,0,0
2025-08-15 03:15:52,37.265380895428336,27.86025832926455,7.817456487020112,0.8593873597587073,1,0,0,0
2025-08-15 03:15:53,38.14525233026738,27.954748686529992,7.780676865532591,0.9220343023500366,1,0,0,0
2025-08-15 03:15:54,38.20204094257091,27.97781573031748,7.798412231511886,0.8376864043867838,1,0,0,0
2025-08-15 03:15:55,38.409372082493746,27.864502157152113,7.793990681025586,0.8929417827008268,1,0,0,0
2025-08-15 03:15:56,38.29718644638992,28.05850749520844,7.77988797248621,0.9643747477522947,1,0,0,0
2025-08-15 03:15:57,38.093899904508746,27.772515379333722,7.807203283678915,0.853651922335398,1,0,0,0
2025-08-15 03:15:58,38.56270027113466,27.660815399518743,7.789247084844403,0.8405410654278386,1,0,0,0
2025-08-15 03:15:59,38.270021918700074,28.186813367170082,7.813108076597005,0.855024563941269,1,0,0,0
2025-08-15 03:16:00,38.55870308036249,28.188858875266543,7.778596168742113,0.9269507870504096,1,0,0,0
2025-08-15 03:16:01,39.1437760293177,27.758705272102002,7.834380812256836,0.9337433015995744,1,0,0,0
2025-08-15 03:16:02,38.724574158007684,28.26860662922878,7.782073346828159,0.8846223360906448,1,0,0,0
2025-08-15 03:16:03,38.78198719958915,27.8105266812504,7.804386046744009,0.9204963721200321,1,0,0,0
2025-08-15 03:16:04,38.08158353140543,28.075949571411396,7.815837186207761,0.9417076598253598,1,0,0,0
2025-08-15 03:16:05,39.93937744860596,28.246103203783736,7.788587191395997,0.9536203924328948,1,0,0,0
2025-08-15 03:16:06,38.8366530942696,27.989916230588886,7.8170493728686585,0.8926099415646046,1,0,0,0
2025-08-15 03:16:07,39.62740750452544,28.13642227364234,7.775416328043992,0.8309558484699004,1,0,0,0
2025-08-15 03:16:08,38.57761585209758,27.84507110683373,7.829042353983651,0.8753736323277094,1,0,0,0
2025-08-15 03:16:09,38.23688924909436,27.94106002497157,7.800282985299315,0.8871958741519423,1,0,0,0
2025-08-15 03:16:10,38.80860134150127,27.938242170735897,7.788071771840622,0.8922318361026483,1,0,0,0
2025-08-15 03:16:11,38.99237535737925,27.77602649603793,7.794016364551451,0.8943642179697384,1,0,0,0
2025-08-15 03:16:12,39.40633253051757,27.946967751065266,7.816178385387854,0.9335668379379201,1,0,0,0
2025-08-15 03:16:13,38.60297618451222,27.535414510340875,7.788310894162991,0.9382328528006274,1,0,0,0
2025-08-15 03:16:14,38.81952194537005,27.852653875857367,7.785012846211544,0.8948497903822565,1,0,0,0
2025-08-15 03:16:15,38.69578218931543,27.9145373519891,7.795569268048325,0.9329545462815546,1,0,0,0
2025-08-15 03:16:16,39.446020732670675,27.923146074251385,7.7764607577446005,0.9107298409989327,1,0,0,0
2025-08-15 03:16:17,38.69506731149917,27.927550766238767,7.836410878158836,0.9019351791858772,1,0,0,0
2025-08-15 03:16:18,38.893850390762424,27.98147074004196,7.788672108175706,0.9271963247132989,1,0,0,0
2025-08-15 03:16:19,39.6347805017643,28.14383245542582,7.816632335723608,0.9021675614471375,1,0,0,0
2025-08-15 03:16:20,38.9533298162493,28.262355122239757,7.804189401672955,0.9617343353129328,1,0,0,0
2025-08-15 03:16:21,39.7494785924013,27.80507043194552,7.78030931899036,0.8568476649961633,1,0,0,0
2025-08-15 03:16:22,39.17337526738656,27.639039743383258,7.799880905815745,0.8845448730272395,1,0,0,0
2025-08-15 03:16:23,39.63215124858683,27.68738667632707,7.815680055586215,0.8962044330913815,1,0,0,0
2025-08-15 03:16:24,39.683890940699385,27.85383912364152,7.7962347732982735,0.9131835807137397,1,0,0,0
2025-08-15 03:16:25,38.93256355602702,27.894423604655046,7.82386225891702,0.9380388146130927,1,0,0,0
2025-08-15 03:16:26,40.523803784725,27.769001180140762,7.820430307855637,0.8992680429829153,1,0,0,0
2025-08-15 03:16:27,40.34770867215758,27.61116500072503,7.818378297093166,0.8573331105148138,1,0,0,0
2025-08-15 03:16:28,39.97652605601642,27.863163751757742,7.79080686455454,0.9252754168936501,1,0,0,0
2025-08-15 03:16:29,40.197342969138546,28.05442798603419,7.77840315104437,0.9226487629842589,1,0,0,0
2025-08-15 03:16:30,40.23992776967083,28.17850883975067,7.787728247892744,0.8417442402186178,1,0,0,0
2025-08-15 03:16:31,39.141977787620974,27.832773084067504,7.803924818813334,0.899885875989876,1,0,0,0
2025-08-15 03:16:32,40.00021627550217,27.87610065335697,7.810915734270647,0.852295745079591,1,0,0,0
2025-08-15 03:16:33,39.922401310717675,27.721990507345808,7.756568571904791,0.8800604670749381,1,0,0,0
2025-08-15 03:16:34,39.85430800403615,27.990568248887566,7.799837735967765,0.8729157321911161,1,0,0,0
2025-08-15 03:16:35,40.42076279517003,27.745471409742755,7.803161784506464,0.9242779409472596,1,0,0,0
2025-08-15 03:16:36,41.21925764994093,28.17193834397236,7.7944491148736885,0.9035049052251656,1,0,0,0
2025-08-15 03:16:37,41.170556207958796,27.46424005241977,7.8258254767803175,0.8614322699773191,1,0,0,0
2025-08-15 03:16:38,40.77364620523157,27.892111098264262,7.808435601485018,0.9264019788887203,1,0,0,0
2025-08-15 03:16:39,40.75506341698348,28.090332201757523,7.826203838161618,0.8569858252821476,1,0,0,0
2025-08-15 03:16:40,40.16231354892112,28.05515035489675,7.795680789592995,0.9099034137141283,1,0,0,0
2025-08-15 03:16:41,41.296414203712494,28.80791009919415,7.818749549850138,0.8755796799212534,1,0,0,0
2025-08-15 03:16:42,40.5617280298509,28.104940007370374,7.83270132789055,0.8890296875240844,1,0,0,0
2025-08-15 03:16:43,40.26944162770362,27.698783620947395,7.826233868985453,0.9151281224411515,1,0,0,0
2025-08-15 03:16:44,40.96388267855571,27.97136072587328,7.778157168131425,0.9156434819717859,1,0,0,0
2025-08-15 03:16:45,40.88555541693668,27.467126099960065,7.7949264784491525,0.9401090722066788,1,0,0,0
2025-08-15 03:16:46,41.4065841176231,27.975820075210972,7.793096705891004,0.8975323890098564,1,0,0,0
2025-08-15 03:16:47,40.8152665055909,27.750083182899772,7.809785090701526,0.9091935258889002,1,0,0,0
2025-08-15 03:16:48,41.157064981993514,28.274617082668048,7.81372707110029,0.8868678803278702,1,0,0,0
2025-08-15 03:16:49,40.93398698885282,27.83513791762134,7.783222146519485,0.905459696478684,1,0,0,0
2025-08-15 03:16:50,41.80060242139878,27.964970225261425,7.801356770278338,0.9131845814402554,1,0,0,0
2025-08-15 03:16:51,41.412951393266695,27.809332647578678,7.759601453356877,0.8970507045763687,1,0,0,0
2025-08-15 03:16:52,41.86248877208652,28.521655405556,7.828838900116038,0.8458874854772251,1,0,0,0
2025-08-15 03:16:53,40.76451930583137,27.903627170164626,7.789752515186466,0.9099441268899269,1,0,0,0
2025-08-15 03:16:54,41.90810501081689,28.54976711304376,7.80111727879689,0.9109368443206637,1,0,0,0
2025-08-15 03:16:55,41.53512805206803,28.24424552863548,7.793807005720239,0.8795947957095615,1,0,0,0
2025-08-15 03:16:56,41.56241504409817,28.144620018200616,7.822920551500268,0.8614683889178246,1,0,0,0
2025-08-15 03:16:57,40.80181662577541,28.110619944195257,7.743249871172052,0.944276374515119,1,0,0,0
2025-08-15 03:16:58,41.37952649593651,28.118139189464877,7.799667793153482,0.9147433653268321,1,0,0,0
2025-08-15 03:16:59,41.45496172937232,27.421698226196316,7.797883624850046,0.8931275690723487,1,0,0,0
2025-08-15 03:17:00,41.4701558395577,27.916334981754773,7.790927272248166,0.8658890135055755,1,0,0,0
2025-08-15 03:17:01,41.74195882605666,28.253547391355298,7.834524530912712,0.8753455551473597,1,0,0,0
2025-08-15 03:17:02,41.91173132563034,27.98533084495777,7.782253410822884,0.9390777119035869,1,0,0,0
2025-08-15 03:17:03,42.810200893955475,27.578443045958927,7.815435923544713,0.9041298582260414,1,0,0,0
2025-08-15 03:17:04,42.81782545211096,27.98427866482676,7.807125055774121,0.8834823879899788,1,0,0,0
2025-08-15 03:17:05,42.006768820430025,28.511231654876646,7.82523038505071,0.9152906769367397,1,0,0,0
2025-08-15 03:17:06,41.914828441549865,28.374067514660418,7.78665621830445,0.8755680543766103,1,0,0,0
2025-08-15 03:17:07,42.65784896684792,27.98139879719019,7.785340622017524,0.9450252909084114,1,0,0,0
2025-08-15 03:17:08,42.30278556012127,28.285434783117427,7.821921398149548,0.9405840160469018,1,0,0,0
2025-08-15 03:17:09,41.94930448939216,27.890047893889584,7.808506426166602,0.8860027778639167,1,0,0,0
2025-08-15 03:17:10,42.12890061009351,27.488838523951983,7.769101253066465,0.8811398925890742,1,0,0,0
2025-08-15 03:17:11,41.156374930365395,27.722660203561134,7.7892138997107345,0.8214560040392316,1,0,0,0
2025-08-15 03:17:12,41.99002254314185,28.46886663055246,7.807727653076961,0.855552576853459,1,0,0,0
2025-08-15 03:17:13,42.51124021856019,27.91780207545121,7.816755284430932,0.8598159067512673,1,0,0,0
2025-08-15 03:17:14,42.52347597827583,27.926984806187495,7.786415386936141,0.9040557102296216,1,0,0,0
2025-08-15 03:17:15,43.33501022236712,27.910048541117536,7.741714880203661,0.8902129888667593,1,0,0,0
2025-08-15 03:17:16,42.30217298136119,28.571240976871902,7.810464463714741,0.8596399353775428,1,0,0,0
2025-08-15 03:17:17,41.78706581130213,28.48778767460862,7.77559358620112,0.8915650787260633,1,0,0,0
2025-08-15 03:17:18,43.16894351068872,28.66563407003444,7.759653224037551,0.9151601144294205,1,0,0,0
2025-08-15 03:17:19,42.90842800934643,27.952286436879984,7.743353481500317,0.9158351804974676,1,0,0,0
2025-08-15 03:17:20,43.513206542212814,28.088687346624127,7.816279617203954,0.8430098915742336,1,0,0,0
2025-08-15 03:17:21,42.65590494095169,27.545007235173763,7.802572349008099,0.8961520955854851,1,0,0,0
2025-08-15 03:17:22,43.285667949484086,28.44308032783548,7.795486872385755,0.8584997766908518,1,0,0,0
2025-08-15 03:17:23,43.27252607057785,27.64966613461962,7.827780487259255,0.9270518609142082,1,0,0,0
2025-08-15 03:17:24,42.763570226400425,28.06503266912879,7.812746493660462,0.923524392490605,1,0,0,0
2025-08-15 03:17:25,43.08057879009894,27.670809241710145,7.832326000854438,0.8730591832102663,1,0,0,0
2025-08-15 03:17:26,43.386061504563244,27.82333995197839,7.77214529055666,0.877018643927988,1,0,0,0
2025-08-15 03:17:27,42.445237287894955,27.74882127068509,7.799308987520921,0.8861619884850508,1,0,0,0
2025-08-15 03:17:28,44.66633005653532,27.817637421797254,7.767665732501039,0.8324161981580599,1,0,0,0
2025-08-15 03:17:29,44.008148950257294,27.838263189055308,7.795412353362891,0.9100790452032174,1,0,0,0
2025-08-15 03:17:30,42.990042667693864,27.835519361522476,7.795027682924666,0.8918146636097961,1,0,0,0
2025-08-15 03:17:31,43.29251376579454,28.250000173534094,7.812532272745261,0.9291052524770358,1,0,0,0
2025-08-15 03:17:32,43.18137756920127,27.668541162081244,7.800911277622838,0.8670477234611235,1,0,0,0
2025-08-15 03:17:33,43.35741968483959,28.06616242810416,7.812468142765598,0.8814263115525021,1,0,0,0
2025-08-15 03:17:34,43.37368568396001,28.365387745691667,7.814068802662778,0.8548042422588266,1,0,0,0
2025-08-15 03:17:35,43.708872470895884,27.846041090645983,7.843098573547663,0.8698712830951725,1,0,0,0
2025-08-15 03:17:36,43.946507664986825,27.78462433277572,7.793694066894277,0.8645405401179534,1,0,0,0
2025-08-15 03:17:37,44.258289676015785,27.930842612445925,7.781179545986673,0.9298792103653934,1,0,0,0
2025-08-15 03:17:38,43.92418985842661,28.35391756250821,7.804921672306328,0.8790521445374583,1,0,0,0
2025-08-15 03:17:39,43.762116421897076,28.058232289286007,7.783954399457209,0.9037252705423384,1,0,0,0
2025-08-15 03:17:40,44.077796403130684,27.840635711617722,7.82963921536873,0.8885770978841459,1,0,0,0
2025-08-15 03:17:41,43.244567721545444,28.14516299535641,7.794335639221095,0.8619160420196157,1,0,0,0
2025-08-15 03:17:42,44.42221985830059,27.669312355049072,7.78868847264252,0.8949509873048508,1,0,0,0
2025-08-15 03:17:43,43.34815850001161,28.204407853132885,7.790573685576978,0.9179730999559078,1,0,0,0
2025-08-15 03:17:44,43.42231384588214,28.12258219231053,7.814368348469433,0.8637672182236995,1,0,0,0
2025-08-15 03:17:45,43.68013651183142,27.907657458658335,7.79684506033537,0.9242733837219413,1,0,0,0
2025-08-15 03:17:46,43.92372897812945,27.748424260465832,7.787166663597392,0.8745083723556691,1,0,0,0
2025-08-15 03:17:47,44.48549795723237,27.733995723314962,7.83330703835247,0.8855104822178148,1,0,0,0
2025-08-15 03:17:48,43.96895467500666,28.160445200903773,7.782876603186764,0.9159204936903015,1,0,0,0
2025-08-15 03:17:49,44.736111898894336,28.36869415074672,7.80071132148066,0.8800969152834154,1,0,0,0
2025-08-15 03:17:50,44.06701740695146,27.808807675891362,7.813046123032205,0.901127245780076,1,0,0,0
2025-08-15 03:17:51,44.96583387977139,28.137516011065447,7.767373297791658,0.8905592751363572,1,0,0,0
2025-08-15 03:17:52,44.463877433491504,27.37389189441938,7.809605210028118,0.9038810402011146,1,0,0,0
2025-08-15 03:17:53,44.01146305742647,27.82461468080284,7.77889784649039,0.8285778268342952,1,0,0,0
2025-08-15 03:17:54,44.79495648133617,27.99068232013873,7.8164556556166795,0.8451095455437575,1,0,0,0
2025-08-15 03:17:55,44.63004563929517,27.72709497490545,7.78074697976162,0.9184790101814052,1,0,0,0
2025-08-15 03:17:56,44.780989296860184,27.71904808756312,7.813855380636977,0.9311154421694715,1,0,0,0
2025-08-15 03:17:57,44.86839965815955,27.799666133059333,7.822116661325894,0.8726853988940544,1,0,0,0
2025-08-15 03:17:58,45.28412136606337,28.087657818497913,7.817228730512656,0.892679149434866,1,0,0,0
2025-08-15 03:17:59,45.57949996112705,27.94380129447809,7.805026332964762,0.9088415775870691,1,0,0,0
2025-08-15 03:18:00,44.792492730276095,27.328530630002508,7.795373981141406,0.9207965280497612,1,0,0,0
2025-08-15 03:18:01,45.27065898676634,27.36378995420948,7.788471608473303,0.8391696818498746,1,0,0,0
2025-08-15 03:18:02,45.19537325580497,27.817940446642847,7.829420693816342,0.8734187925906487,1,0,0,0
2025-08-15 03:18:03,45.27288933042125,28.137305975816066,7.786010095596647,0.8900226186045038,1,0,0,0
2025-08-15 03:18:04,45.13534715363272,27.17574854718243,7.7792586785286,0.9210942059170815,1,0,0,0
2025-08-15 03:18:05,45.69732319817816,27.85008094715451,7.813307378700657,0.9749529145116449,1,0,0,0
2025-08-15 03:18:06,45.79485528585589,27.842125643044774,7.78407726393627,0.8931598281957085,1,0,0,0
2025-08-15 03:18:07,45.24002161550455,28.416501333462534,7.780998730050677,0.8577906761368803,1,0,0,0
2025-08-15 03:18:08,45.19404805423319,27.88449345648614,7.771127914756605,0.912068042316039,1,0,0,0
2025-08-15 03:18:09,44.95658054939261,28.114896695422278,7.790341803210789,0.9396298736862213,1,0,0,0
2025-08-15 03:18:10,45.51656317101573,28.04237714202624,7.79834569952207,0.9032404236293851,1,0,0,0
2025-08-15 03:18:11,46.16069788617698,27.36083005605784,7.804861834553214,0.8728005436453712,1,0,0,0
2025-08-15 03:18:12,46.17081686702886,28.23046216498952,7.81902612488599,0.9287398182444006,1,0,0,0
2025-08-15 03:18:13,46.30253165912503,28.064618951636888,7.810537958473316,0.9199063685549531,1,0,0,0
2025-08-15 03:18:14,46.303421710452746,28.15248059190238,7.796182555608937,0.8692175746741313,1,0,0,0
2025-08-15 03:18:15,46.069966963527776,29.177871311930897,7.796036086472405,0.9114427685260302,1,0,0,0
2025-08-15 03:18:16,46.425974860409745,27.374766118150422,7.810203149378303,0.9299179670297661,1,0,0,0
2025-08-15 03:18:17,45.25165400598378,28.51740899492833,7.825451403258572,0.9354567012767668,1,0,0,0
2025-08-15 03:18:18,46.33196005707936,27.913765744179894,7.802526283989664,0.8980065307407163,1,0,0,0
2025-08-15 03:18:19,46.4646129397038,28.086198671320904,7.790617382915792,0.8892576166146204,1,0,0,0
2025-08-15 03:18:20,46.88613462602744,27.986346326409627,7.780142679978289,0.9368182146624379,1,0,0,0
2025-08-15 03:18:21,44.9005945634616,27.872729099980585,7.771095894711755,0.8636951849105735,1,0,0,0
2025-08-15 03:18:22,46.88966283935843,27.829050121528372,7.81332539344087,0.9131573787276301,1,0,0,0
2025-08-15 03:18:23,46.26920073749081,28.098852620671902,7.811559570472791,0.8588992011790672,1,0,0,0
2025-08-15 03:18:24,46.997087776687096,27.544847890998497,7.811547270502133,0.9319612881677881,1,0,0,0
2025-08-15 03:18:25,46.18511767718838,28.22517375025653,7.797426811072959,0.8922586345316652,1,0,0,0
2025-08-15 03:18:26,46.34624230046534,27.875141678534423,7.828138694917834,0.9380574970694241,1,0,0,0
2025-08-15 03:18:27,46.5693272825976,27.660979198287894,7.790317630108303,0.9147423826906659,1,0,0,0
2025-08-15 03:18:28,46.15861052708771,27.864996142601257,7.819105384744144,0.8633033930981421,1,0,0,0
2025-08-15 03:18:29,47.32337298865382,28.377144765058773,7.799225142100209,0.9427388319623173,1,0,0,0
2025-08-15 03:18:30,46.37770749864097,27.83939947389513,7.787832984706413,0.9465373579928319,1,0,0,0
2025-08-15 03:18:31,47.49681675981345,28.107536085462886,7.811850606146355,0.9264685947779765,1,0,0,0
2025-08-15 03:18:32,47.1994235140188,27.78071311728536,7.80819272237368,0.8771523640489134,1,0,0,0
2025-08-15 03:18:33,46.83202509180397,28.227376554977084,7.807139455185339,0.8908195813692777,1,0,0,0
2025-08-15 03:18:34,47.17826190894737,28.20565232163706,7.801625568441124,0.9043628165221728,1,0,0,0
2025-08-15 03:18:35,47.295999157827346,28.554582649988923,7.799242138365663,0.878888688020057,1,0,0,0
2025-08-15 03:18:36,47.927782642827694,27.947330816350235,7.847767439857408,0.9507703971738961,1,0,0,0
2025-08-15 03:18:37,47.25606967662379,28.200596441427372,7.823685132903924,0.9043297941517812,1,0,0,0
2025-08-15 03:18:38,46.998699498333664,28.029420261861684,7.81445653789971,0.8188995585867793,1,0,0,0
2025-08-15 03:18:39,47.47723241213514,28.388761534558903,7.802235983164068,0.9101806743826867,1,0,0,0
2025-08-15 03:18:40,47.175473784625105,27.78435028371738,7.820143144011933,0.8895552780954806,1,0,0,0
2025-08-15 03:18:41,47.435259278866695,28.223501593863183,7.810359895527829,0.8977522033164466,1,0,0,0
2025-08-15 03:18:42,48.0544520705408,27.941590811164996,7.80052409505548,0.888941419026429,1,0,0,0
2025-08-15 03:18:43,47.35582482476386,27.98074354686745,7.793928713494681,0.9242113924982006,1,0,0,0
2025-08-15 03:18:44,48.12810676062217,28.02752574533451,7.7983816532467465,0.9335906333566014,1,0,0,0
2025-08-15 03:18:45,47.47109904274348,28.075672118928004,7.736591485282439,0.9084915948677597,1,0,0,0
2025-08-15 03:18:46,47.65055725521106,27.96513128706341,7.804212016785953,0.8898206643858553,1,0,0,0
2025-08-15 03:18:47,47.26257612773182,28.064413954951156,7.790230478397793,0.8987598838557249,1,0,0,0
2025-08-15 03:18:48,47.66922871947474,28.473435417268654,7.831853399965658,0.9005879884973289,1,0,0,0
2025-08-15 03:18:49,47.836648313900064,28.295634905684565,7.800386881416235,0.875927098804055,1,0,0,0
2025-08-15 03:18:50,47.86673490651364,28.26074637774907,7.776220731609301,0.9173678594571371,1,0,0,0
2025-08-15 03:18:51,48.3022262823191,27.863338142192838,7.799002396917437,0.913801269715814,1,0,0,0
2025-08-15 03:18:52,48.586244227564116,27.7332277515315,7.779077578298749,0.9462132371933002,1,0,0,0
2025-08-15 03:18:53,48.318377320779675,28.286590167471324,7.809468148314249,0.9376604934086543,1,0,0,0
2025-08-15 03:18:54,48.174642988882724,28.26281403775894,7.80581894728679,0.8794297524722962,1,0,0,0
2025-08-15 03:18:55,48.552759180522685,28.441801202725294,7.819156792622165,0.924608951235269,1,0,0,0
2025-08-15 03:18:56,48.35891558100047,27.81880581220923,7.784182364166108,0.8714713985071658,1,0,0,0
2025-08-15 03:18:57,47.35205297122588,27.931135403391895,7.8006801619245625,0.9208779630282256,1,0,0,0
2025-08-15 03:18:58,48.51308510877748,27.50815475124237,7.772699564091467,0.8845015740371968,1,0,0,0
2025-08-15 03:18:59,48.530202295467845,27.882258668181738,7.814029895638494,0.8693024032987325,1,0,0,0
2025-08-15 03:19:00,48.25098708324977,28.298971153173834,7.810377423608802,0.9084013602809221,1,0,0,0
2025-08-15 03:19:01,48.95005119549025,27.86005138623154,7.809916100420551,0.8197629861553758,1,0,0,0
2025-08-15 03:19:02,49.045270512820395,28.192143938560246,7.8000323806271386,0.8474707327678432,1,0,0,0
2025-08-15 03:19:03,48.23269070268406,27.94284906820066,7.808295457815776,0.8946752434867715,1,0,0,0
2025-08-15 03:19:04,48.00391874065097,28.097217108466467,7.832086782166172,0.9024732529990454,1,0,0,0
2025-08-15 03:19:05,48.71557721784631,27.6556925830553,7.79429811485916,0.8889204368952544,1,0,0,0
2025-08-15 03:19:06,48.1492530696427,28.02556283489017,7.802772903674201,0.852616911038472,1,0,0,0
2025-08-15 03:19:07,48.24048271005661,27.102659208729783,7.778277474016372,0.8754632447358448,1,0,0,0
2025-08-15 03:19:08,49.57687622913684,27.943931152551404,7.782634780768033,0.9117362798171218,1,0,0,0
2025-08-15 03:19:09,48.83096243535728,27.510858026885458,7.801956265861866,0.9174534531188508,1,0,0,0
2025-08-15 03:19:10,48.130974758625385,28.361798354964044,7.8220786709340375,0.8995133064721218,1,0,0,0
2025-08-15 03:19:11,47.95941998621213,28.233222205829353,7.794874383514968,0.9347050134311097,1,0,0,0
2025-08-15 03:19:12,48.86717847437631,28.140001294589823,7.795281669413757,0.911921910703777,1,0,0,0
2025-08-15 03:19:13,48.73457019290475,28.456301868147815,7.791862295109913,0.8775763303812536,1,0,0,0
2025-08-15 03:19:14,50.331976015586605,27.71532504375255,7.789304866583113,0.8915849383976515,1,0,0,0
2025-08-15 03:19:15,49.825277745089494,28.52420895937467,7.805899429114176,0.8579140152837644,1,0,0,0
2025-08-15 03:19:16,48.94858498214533,28.279657469278117,7.770054847096427,0.8967558302882576,1,0,0,0
2025-08-15 03:19:17,49.972025005704054,27.929033413834315,7.825618791533334,0.9333630185766402,1,0,0,0
2025-08-15 03:19:18,49.600910706032906,28.340686044154882,7.786691554037411,0.9205587025413291,1,0,0,0
2025-08-15 03:19:19,49.12678606788731,27.66811194627651,7.814438069708762,0.9420602797775737,1,0,0,0
2025-08-15 03:19:20,48.62455780082306,27.7526457515417,7.774600028052122,0.8909134426860302,1,0,0,0
2025-08-15 03:19:21,50.49675542269082,27.81742308302809,7.813376802610924,0.9403829938354278,1,0,0,0
2025-08-15 03:19:22,48.6850050054561,27.841306687580797,7.81343889215629,0.8942008732065609,1,0,0,0
2025-08-15 03:19:23,48.86022887143073,27.683032707171925,7.807684041440118,0.9441475524770968,1,0,0,0
2025-08-15 03:19:24,50.31139615126683,28.366924920128596,7.780111429564004,0.8993442975767363,1,0,0,0
2025-08-15 03:19:25,50.80241499399335,27.92234367988905,7.804990963791961,0.9212169412141283,1,0,0,0
2025-08-15 03:19:26,50.49008607673554,28.105751490507064,7.776338876305312,0.9442533709292957,1,0,0,0
2025-08-15 03:19:27,50.17112722347742,27.828894590075897,7.794944734898076,0.8941971711425638,1,0,0,0
2025-08-15 03:19:28,50.5499599208745,27.453819009835446,7.820588262019107,0.9065516696263253,1,0,0,0
2025-08-15 03:19:29,50.36144484263841,28.081017207517426,7.815934038541415,0.9386659027561891,1,0,0,0
2025-08-15 03:19:30,50.22375094223123,27.426323507374068,7.800303658850808,0.8960099050820981,1,0,0,0
2025-08-15 03:19:31,49.95584036770258,27.979409786174358,7.780503868481543,0.8603732315248152,1,0,0,0
2025-08-15 03:19:32,50.23200271714541,27.589505488350156,7.812911754243483,0.9642902116375474,1,0,0,0
2025-08-15 03:19:33,49.54832400877267,28.59618279976924,7.80038762475396,0.8859070660698859,1,0,0,0
2025-08-15 03:19:34,49.891496530235415,28.273408816652417,7.753593688035392,0.9047626815281263,1,0,0,0
2025-08-15 03:19:35,50.13104197312724,28.031726137381444,7.815652596526331,0.9346802000835338,1,0,0,0
2025-08-15 03:19:36,49.332088882385825,28.3791120032964,7.799515343322606,0.8817451828880639,1,0,0,0
2025-08-15 03:19:37,50.13460436370042,27.74610520676028,7.8240490249596615,0.8697639626033361,1,0,0,0
2025-08-15 03:19:38,50.26860196637302,28.16304381360103,7.7780945896231435,0.907612118903245,1,0,0,0
2025-08-15 03:19:39,50.13348358969277,28.059943130115613,7.7364659237360796,0.8462077080626283,1,0,0,0
2025-08-15 03:19:40,50.67026347581258,28.0792060244001,7.805581677166903,0.8913628176939624,1,0,0,0
2025-08-15 03:19:41,51.26186388255922,28.38170605003203,7.80583127353364,0.9073511599294622,1,0,0,0
2025-08-15 03:19:42,51.07457697654055,28.21974763083394,7.766186567447871,0.8919014430952451,1,0,0,0
2025-08-15 03:19:43,50.42222618903171,28.08661709884751,7.780430009082668,0.8536964717044276,1,0,0,0
2025-08-15 03:19:44,50.430334183178196,27.50353376913151,7.855104354874398,0.9478253386861204,1,0,0,0
2025-08-15 03:19:45,50.862700691735036,27.71198611141616,7.7938877877169235,0.9031061446184753,1,0,0,0
2025-08-15 03:19:46,50.92110038141173,27.963187319921282,7.814619179527524,0.9429345635328522,1,0,0,0
2025-08-15 03:19:47,50.96491200705587,28.028011712282996,7.786986803452632,0.8921989124945867,1,0,0,0
2025-08-15 03:19:48,51.09050495974754,27.660938882597822,7.758193942022936,0.8735996405492771,1,0,0,0
2025-08-15 03:19:49,50.37272669393129,28.723503002673525,7.796594835064082,0.9080754276076548,1,0,0,0
2025-08-15 03:19:50,51.27016101576241,28.454918216576072,7.794687908794278,0.8935263862101535,1,0,0,0
2025-08-15 03:19:51,50.62174641146765,28.180635496117745,7.792002435226633,0.8646671562602593,1,0,0,0
2025-08-15 03:19:52,51.39325660222016,28.021611058385123,7.797707183289872,0.9440935277636249,1,0,0,0
2025-08-15 03:19:53,51.33732026939687,27.936337309029653,7.805285365432913,0.8813318933131802,1,0,0,0
2025-08-15 03:19:54,50.50495897768729,27.714424461993328,7.796997660974924,0.844792008456133,1,0,0,0
2025-08-15 03:19:55,51.807257970877735,28.02324415555566,7.774719876641052,0.93984498161872,1,0,0,0
2025-08-15 03:19:56,51.686201727357144,28.077325762042825,7.809723695831239,0.8848710595256213,1,0,0,0
2025-08-15 03:19:57,51.78151255003203,27.627471827355514,7.7610125648935515,0.8817652832215312,1,0,0,0
2025-08-15 03:19:58,51.83262599452123,28.100252925173468,7.758992850854316,0.8470383723891008,1,0,0,0
2025-08-15 03:19:59,52.16582282339463,27.953422285352577,7.8147836098940315,0.9522282445979098,1,0,0,0
2025-08-15 03:20:00,52.593761860516146,27.42765773263678,7.810140405442707,1.0613155823837095,1,0,0,0
2025-08-15 03:20:01,52.660308641009564,27.74188449676615,7.798852092698519,1.1017534844211696,1,0,0,0
2025-08-15 03:20:02,52.80168907415099,27.875918339973506,7.772091029904899,1.1273786096762133,1,0,0,0
2025-08-15 03:20:03,52.82705844407812,28.566306297202058,7.785841781186519,1.112651507990093,1,0,0,0
2025-08-15 03:20:04,53.06530985927255,28.16696593736013,7.7947450650462695,1.0982103706402344,1,0,0,0
2025-08-15 03:20:05,52.18831538055842,27.59935552927003,7.7680821206285176,1.0489500242513776,1,0,0,0
2025-08-15 03:20:06,53.05113155262155,28.14581088682529,7.785219426839535,1.0757082549269816,1,0,0,0
2025-08-15 03:20:07,52.182877111759716,27.535808803318492,7.813046606763534,1.1056340101412758,1,0,0,0
2025-08-15 03:20:08,52.21232929020385,28.324807316166122,7.828546107285784,1.07638477790039,1,0,0,0
2025-08-15 03:20:09,53.67536327120682,27.858662604454636,7.791611304946829,1.106100783799963,1,0,0,0
2025-08-15 03:20:10,52.50721384850627,27.971909143378248,7.815129767086322,1.1204523022644544,1,0,0,0
2025-08-15 03:20:11,53.071437343847116,28.397738994262657,7.761718798588251,1.1288750865740032,1,0,0,0
2025-08-15 03:20:12,52.600791954692625,27.613850929424725,7.813189024822272,1.0632146192656196,1,0,0,0
2025-08-15 03:20:13,53.63139282333541,27.580864544466102,7.78392103170545,1.1658993816493688,1,0,0,0
2025-08-15 03:20:14,53.00131582492914,27.824920202096198,7.806146912334159,1.123024380336624,1,0,0,0
2025-08-15 03:20:15,53.89234814731875,28.311513655305795,7.795044951635206,1.099948575389928,1,0,0,0
2025-08-15 03:20:16,53.089494111381896,27.544196177356948,7.826408280195676,1.1326860974922992,1,0,0,0
2025-08-15 03:20:17,53.5655323567032,27.15035332056683,7.782511287033201,1.1709622331599994,1,0,0,0
2025-08-15 03:20:18,53.014698101836956,27.8646523424773,7.812552125951236,1.056838396968294,1,0,0,0
2025-08-15 03:20:19,54.2724791474563,28.165522239973278,7.794409850734069,1.0932421207252594,1,0,0,0
2025-08-15 03:20:20,53.19433159738003,28.360078524921647,7.796833890439807,1.0286470502038003,1,0,0,0
2025-08-15 03:20:21,54.013027349628814,27.86105159137438,7.796322922136816,1.1057795459794408,1,0,0,0
2025-08-15 03:20:22,53.81272846053639,27.8765720178652,7.783086537910117,1.1109618272577544,1,0,0,0
2025-08-15 03:20:23,53.7127326471644,28.346170220276726,7.799718020681866,1.0988251365367172,1,0,0,0
2025-08-15 03:20:24,53.899272224807916,27.439077490091375,7.798747035557564,1.0803639928700508,1,0,0,0
2025-08-15 03:20:25,53.81558534639727,27.883443767445097,7.804824804968135,1.0385145645143503,1,0,0,0
2025-08-15 03:20:26,54.1564060744572,28.057127166977516,7.801690102913857,1.1112060105023531,1,0,0,0
2025-08-15 03:20:27,53.7016242007889,28.13476561638551,7.815959890992245,1.1436630345174599,1,0,0,0
2025-08-15 03:20:28,53.98318357275921,27.847057992042735,7.818470172320947,1.0822694463279972,1,0,0,0
2025-08-15 03:20:29,54.84906719019108,28.010332303511753,7.778987533563444,1.1132017978706945,1,0,0,0
2025-08-15 03:20:30,53.73914149630575,27.253501793976103,7.8173754500118156,1.0529556705973986,1,0,0,0
2025-08-15 03:20:31,53.64172542338744,27.802525476299845,7.776273271457803,1.1137163919107755,1,0,0,0
2025-08-15 03:20:32,54.070436944945065,28.13605261376634,7.811757117762754,1.0881985310676603,1,0,0,0
2025-08-15 03:20:33,55.53771639336303,27.705311789723595,7.812394775694057,1.0771274614819126,1,0,0,0
2025-08-15 03:20:34,53.982688380287684,28.017695266476878,7.76177366216675,1.0771890907635162,1,0,0,0
2025-08-15 03:20:35,55.125078472566315,28.13406175024081,7.801859584930588,1.0881916525390098,1,0,0,0
2025-08-15 03:20:36,55.19791944355004,27.89723523974267,7.790630077732794,1.1114729994707762,1,0,0,0
2025-08-15 03:20:37,54.37035130734309,28.05113913129897,7.7848246948412925,1.0606351039641346,1,0,0,0
2025-08-15 03:20:38,54.82022613759763,27.711180230414616,7.82701704661398,1.0880865400529645,1,0,0,0
2025-08-15 03:20:39,55.43329135800527,27.938016616091186,7.786926417187251,1.0987558466600256,1,0,0,0
2025-08-15 03:20:40,54.359335008913845,28.183064850876768,7.783872461417639,1.0670288232640444,1,0,0,0
2025-08-15 03:20:41,55.03393957900183,28.04709188829053,7.801513898800102,1.1538999560502505,1,0,0,0
2025-08-15 03:20:42,54.52932788257173,27.82404061913082,7.813711794925968,1.0743951355981598,1,0,0,0
2025-08-15 03:20:43,54.14296196985552,28.067264921287236,7.797167028279797,1.0799168925909954,1,0,0,0
2025-08-15 03:20:44,54.7196766204429,28.214382937190987,7.823327410913385,1.0706507615053251,1,0,0,0
2025-08-15 03:20:45,54.285615424518596,27.385017616426758,7.810619513239281,1.1539544026141435,1,0,0,0
2025-08-15 03:20:46,55.223571025380295,28.34772221948677,7.7564357736053715,1.1165871568579846,1,0,0,0
2025-08-15 03:20:47,55.34363345865054,27.899123578395677,7.789410660729859,1.0719022398126907,1,0,0,0
2025-08-15 03:20:48,55.05171005150425,28.12764697997207,7.788763158012966,1.1331869467657991,1,0,0,0
2025-08-15 03:20:49,54.67119088711598,28.35917407709357,7.809587219068589,1.1060209608286664,1,0,0,0
2025-08-15 03:20:50,54.95954911061507,27.588497890830862,7.7475036588725175,1.107717602633345,1,0,0,0
2025-08-15 03:20:51,55.76857865952337,27.787167699271738,7.850980194174355,1.0896656837374266,1,0,0,0
2025-08-15 03:20:52,54.35838541315497,27.91343539123729,7.810620521897884,1.0775175203912908,1,0,0,0
2025-08-15 03:20:53,55.426339446077904,27.76487394366267,7.8029775360783535,1.1101329829716382,1,0,0,0
2025-08-15 03:20:54,55.704288799890875,28.52048097275104,7.823631354328382,1.0836473831001323,1,0,0,0
2025-08-15 03:20:55,55.24334157701273,27.742968371851962,7.846873081056252,1.1545026688872533,1,0,0,0
2025-08-15 03:20:56,56.52063257469294,27.83333596615394,7.817414932891768,1.061921266842707,1,0,0,0
2025-08-15 03:20:57,55.8288487906146,28.06131670948089,7.818976261929432,1.1460847031856485,1,0,0,0
2025-08-15 03:20:58,55.21290081718028,27.639355142177173,7.802613800489287,1.096660434536066,1,0,0,0
2025-08-15 03:20:59,56.14170271639446,27.88129578647312,7.7971694849326605,1.1089725720206334,1,0,0,0
2025-08-15 03:21:00,55.85797517411562,28.09523597837505,7.790484091119902,1.1249947329988832,1,0,0,0
2025-08-15 03:21:01,55.36775837524273,27.900141878685247,7.783477760165709,1.081092521149867,1,0,0,0
2025-08-15 03:21:02,56.26358129574145,27.971983942330017,7.78625971800601,1.1259274515409592,1,0,0,0
2025-08-15 03:21:03,55.344635893245524,27.84120036626549,7.77298888071314,1.0187736843385649,1,0,0,0
2025-08-15 03:21:04,56.35961287949089,27.54565890724577,7.798482570986299,1.078400314003342,1,0,0,0
2025-08-15 03:21:05,55.43956348118533,28.09647796340177,7.766306648455472,1.072278115779768,1,0,0,0
2025-08-15 03:21:06,56.26238894232627,28.526479921494172,7.803818330482874,1.0623948196288473,1,0,0,0
2025-08-15 03:21:07,56.200380439395836,28.005520489235032,7.799273387839153,1.0935513548576317,1,0,0,0
2025-08-15 03:21:08,55.67075906876664,28.067579235174264,7.802938705967733,1.111572499045451,1,0,0,0
2025-08-15 03:21:09,56.67575610193282,28.20781682653506,7.7895573685996,1.1210797999549793,1,0,0,0
2025-08-15 03:21:10,56.7960267472592,27.61920085103599,7.86153720740361,1.1072263027160123,1,0,0,0
2025-08-15 03:21:11,57.06208089792123,28.51075439743888,7.827202318003606,1.0800291960531936,1,0,0,0
2025-08-15 03:21:12,55.88813438705965,28.06069863892684,7.775109149998305,1.111070493134755,1,0,0,0
2025-08-15 03:21:13,56.27008322116263,28.489557069726732,7.8046573617485375,1.1037285708455256,1,0,0,0
2025-08-15 03:21:14,57.205664101522444,27.780090101342804,7.787839877141253,1.1280816850380806,1,0,0,0
2025-08-15 03:21:15,56.56888681428416,28.545418576767347,7.779710405465852,1.1233081010879455,1,0,0,0
2025-08-15 03:21:16,57.677987869586936,28.232546648210434,7.773198558577521,1.100914292417619,1,0,0,0
2025-08-15 03:21:17,56.53718471599958,28.16591202575571,7.8086443338151845,1.0730824098151623,1,0,0,0
2025-08-15 03:21:18,57.453761420333045,28.070207336305945,7.786372395298608,1.0804114953250377,1,0,0,0
2025-08-15 03:21:19,56.41840274745355,27.925441414577666,7.819356520480504,1.0835063192108592,1,0,0,0
2025-08-15 03:21:20,56.90757217924128,28.360159497542163,7.819875644290609,1.0905420099825125,1,0,0,0
2025-08-15 03:21:21,56.921103152427186,28.042107960954414,7.827478287704229,1.1080415128276926,1,0,0,0
2025-08-15 03:21:22,57.80724420281857,27.409879088923855,7.782952264678518,1.1214552317038418,1,0,0,0
2025-08-15 03:21:23,57.15291553265261,27.664844061487898,7.80950731221384,1.0984664392095387,1,0,0,0
2025-08-15 03:21:24,57.338593653448484,27.944246274342177,7.812649084332846,1.1004837436370143,1,0,0,0
2025-08-15 03:21:25,56.869481780248385,28.092999694949665,7.790516436497921,1.1042991891500002,1,0,0,0
2025-08-15 03:21:26,56.6380897908745,27.98302345333003,7.784564560852142,1.0845228406060299,1,0,0,0
2025-08-15 03:21:27,57.28095357063455,28.365691236938098,7.832190413315519,1.0722382322707114,1,0,0,0
2025-08-15 03:21:28,57.08097148227801,27.414669440788412,7.804549917514641,1.0473368630806787,1,0,0,0
2025-08-15 03:21:29,56.39312227406611,28.043076380951547,7.812719355014234,1.079145519257694,1,0,0,0
2025-08-15 03:21:30,57.96286427457805,27.454606232383853,7.783558479763442,1.1141943635980336,1,0,0,0
2025-08-15 03:21:31,58.30081917177626,28.227913688645252,7.775614310669556,1.078912656858813,1,0,0,0
2025-08-15 03:21:32,57.571284236464116,27.9716623856674,7.788611004510158,1.092865788877222,1,0,0,0
2025-08-15 03:21:33,57.85419761508548,28.125882991607234,7.7975195722522,1.1139929386223697,1,0,0,0
2025-08-15 03:21:34,57.49908793273441,27.74083511182307,7.778715599863653,1.1156206848926802,1,0,0,0
2025-08-15 03:21:35,57.91462837548667,28.383839479497325,7.799803103826992,1.067614014435019,1,0,0,0
2025-08-15 03:21:36,58.325966915197675,28.312517399217654,7.76622989623863,1.1299117806936094,1,0,0,0
2025-08-15 03:21:37,58.06623171981396,28.175063290903566,7.777599051550602,1.1338205026806647,1,0,0,0
2025-08-15 03:21:38,57.597694488954915,27.961144825940966,7.813418224965537,1.0661045042834434,1,0,0,0
2025-08-15 03:21:39,58.386045491055874,28.173957185588538,7.812075810405558,1.0752848939107655,1,0,0,0
2025-08-15 03:21:40,58.40606709048823,27.787932229603797,7.792162464692263,1.135732720494386,1,0,0,0
2025-08-15 03:21:41,58.38646506574061,28.256666697706212,7.779644713818461,1.095594394362341,1,0,0,0
2025-08-15 03:21:42,58.561979001183346,28.494844268297175,7.77945192896948,1.0334066615764446,1,0,0,0
2025-08-15 03:21:43,57.845704721636174,28.321183167993755,7.792534635081173,1.0580095548580195,1,0,0,0
2025-08-15 03:21:44,58.14091195910012,27.78111925905778,7.812890369832906,1.0925189112448257,1,0,0,0
2025-08-15 03:21:45,57.889232505358194,28.10842519518193,7.8185649138268865,1.065108720491462,1,0,0,0
2025-08-15 03:21:46,58.65396861615679,27.612057536872406,7.7900693652903605,1.087597286880907,1,0,0,0
2025-08-15 03:21:47,58.223070794663776,28.171717093352704,7.776930151480304,1.1009718864105074,1,0,0,0
2025-08-15 03:21:48,58.776153428099356,28.135181023858763,7.805356872757327,1.143867638121042,1,0,0,0
2025-08-15 03:21:49,58.88576137035764,27.43905509814035,7.783529300587483,1.0912863825131665,1,0,0,0
2025-08-15 03:21:50,58.59386881743296,27.65146484682629,7.789634947222776,1.132176253987183,1,0,0,0
2025-08-15 03:21:51,59.131994182162195,27.91505833097687,7.82650552180874,1.1428628048611031,1,0,0,0
2025-08-15 03:21:52,59.329889681770915,27.909742075857753,7.816542308571315,1.1430292900805623,1,0,0,0
2025-08-15 03:21:53,59.11299708201707,27.63715691937436,7.803159486245029,1.108542637801567,1,0,0,0
2025-08-15 03:21:54,58.721649733687414,28.116693618805655,7.774561619977745,1.041101325564831,1,0,0,0
2025-08-15 03:21:55,58.414399577383996,28.075442082682155,7.804227931349413,1.113824745962116,1,0,0,0
2025-08-15 03:21:56,58.278929970776346,27.941719260406444,7.82125314581575,1.1314519966344063,1,0,0,0
2025-08-15 03:21:57,59.19245456392847,27.77326254995249,7.7924873266846895,1.0975679868369377,1,0,0,0
2025-08-15 03:21:58,58.64567983259047,28.314612137924968,7.827022281799734,1.1523375161022575,1,0,0,0
2025-08-15 03:21:59,59.31109409596569,28.49662213392649,7.825854905790364,1.125795006844024,1,0,0,0
2025-08-15 03:22:00,59.12354632759967,27.85493155484604,7.833274656642869,1.1170482013145837,1,0,0,0
2025-08-15 03:22:01,59.47728230493258,27.816349924853554,7.806104862530627,1.1325914213361752,1,0,0,0
2025-08-15 03:22:02,59.11858215416826,28.147362299623598,7.81174783399612,1.1100010955378263,1,0,0,0
2025-08-15 03:22:03,59.26674195546706,27.892591186075904,7.828283745766622,1.0252156850181395,1,0,0,0
2025-08-15 03:22:04,58.97135717736532,27.95818083980103,7.808947878741379,1.0850258314558892,1,0,0,0
2025-08-15 03:22:05,58.38335719476695,28.221895945517403,7.7899753178441955,1.1359150408174357,1,0,0,0
2025-08-15 03:22:06,59.036280842739146,27.427193173747813,7.7910291432694425,1.0757722597970512,1,0,0,0
2025-08-15 03:22:07,59.543944338603225,28.395490697455802,7.804771099075475,1.093295824842892,1,0,0,0
2025-08-15 03:22:08,59.37294384998303,28.021804157298803,7.774188771561075,1.068654910582908,1,0,0,0
2025-08-15 03:22:09,59.78837639846194,27.876552056631347,7.797134821692716,1.1535176778560532,1,0,0,0
2025-08-15 03:22:10,60.10727176589737,27.973229753733566,7.821930942364605,1.1504447737225405,1,0,0,0
2025-08-15 03:22:11,59.89790502081896,27.988728806506156,7.756174922976694,1.0734839331457782,1,0,0,0
2025-08-15 03:22:12,59.86133508535867,27.480639608966523,7.83068964203589,1.1044189400116726,1,0,0,0
2025-08-15 03:22:13,60.82440276544105,28.448481468235972,7.822447484374063,1.0795851785670787,1,0,0,0
2025-08-15 03:22:14,60.31398058435266,28.012397689681187,7.790804707683391,1.1184483391709414,1,0,0,0
2025-08-15 03:22:15,60.036197185686355,28.132900639134213,7.810867816557436,1.11529049231727,1,0,0,0
2025-08-15 03:22:16,59.96344050361131,28.285464931172214,7.800062954538126,1.1243511671483981,1,0,0,0
2025-08-15 03:22:17,60.40820116265689,27.69365126273191,7.824599807368774,1.1099575534312367,1,0,0,0
2025-08-15 03:22:18,60.088150082876524,28.142041569710567,7.819653662855399,1.188062186191654,1,0,0,0
2025-08-15 03:22:19,60.44571670550908,27.91970767273036,7.771998585536339,1.069162287049678,1,0,0,0
2025-08-15 03:22:20,60.255668777123795,28.254031232564948,7.8117452482692835,1.0486818993669047,1,0,0,0
2025-08-15 03:22:21,59.98796006812854,27.36183177389455,7.7958874429271345,1.0882072939789562,1,0,0,0
2025-08-15 03:22:22,60.38668289816852,27.97027170992762,7.801656651410362,1.052960352033192,1,0,0,0
2025-08-15 03:22:23,60.91245595828977,27.81915380326481,7.785436561980603,1.0552261318998204,1,0,0,0
2025-08-15 03:22:24,60.889122557924765,28.12967888519025,7.834962741382417,1.0699605603740612,1,0,0,0
2025-08-15 03:22:25,60.43733418957082,28.14101325621046,7.820801236398052,1.0723343328370514,1,0,0,0
2025-08-15 03:22:26,59.60409010378793,27.787712231553392,7.785204576720541,1.0713614569414982,1,0,0,0
2025-08-15 03:22:27,61.32939544396707,27.786347840747187,7.773307787861795,1.1155465685133625,1,0,0,0
2025-08-15 03:22:28,60.06105318131873,27.9668003894328,7.792286547380443,1.08481432816744,1,0,0,0
2025-08-15 03:22:29,60.604366191494606,27.731007331805436,7.8086900529218255,1.0946145627538257,1,0,0,0
2025-08-15 03:22:30,60.0275115565774,28.25259510863564,7.804804116878924,1.1268269832350282,1,0,0,0
2025-08-15 03:22:31,59.97705185066986,27.889237839865768,7.825062656495365,1.0770103242565574,1,0,0,0
2025-08-15 03:22:32,61.28737382065789,27.127903534203508,7.8157983944436165,1.0920636230388585,1,0,0,0
2025-08-15 03:22:33,61.30021284336864,27.887553383013458,7.819391380515058,1.1109727995827876,1,0,0,0
2025-08-15 03:22:34,61.055408581446684,27.688436853746808,7.806537108012209,1.0417529659813936,1,0,0,0
2025-08-15 03:22:35,60.11479200960538,27.510617255361716,7.77221402539578,1.0284528347314825,1,0,0,0
2025-08-15 03:22:36,60.85490157978066,27.62877200853323,7.7960860293770615,1.1103835198639318,1,0,0,0
2025-08-15 03:22:37,61.910925962712874,28.03282254154989,7.821201794798173,1.114760428417007,1,0,0,0
2025-08-15 03:22:38,60.65770697753121,28.39859224847447,7.798969541429507,1.1619266040455725,1,0,0,0
2025-08-15 03:22:39,61.69245906017113,28.093955342159493,7.810061807372475,1.1047428462760043,1,0,0,0
2025-08-15 03:22:40,61.277555961141786,27.818048983535277,7.793625033695077,1.124592191517743,1,0,0,0
2025-08-15 03:22:41,61.848716024747496,28.13677125855121,7.779403763029163,1.0941358206924208,1,0,0,0
2025-08-15 03:22:42,61.77505296982878,27.8622729069343,7.797533118719078,1.1089168166475527,1,0,0,0
2025-08-15 03:22:43,61.21372967658048,27.791619889251056,7.806180948860653,1.150017705252486,1,0,0,0
2025-08-15 03:22:44,61.49645948289486,27.653691199530105,7.786886245610771,1.036280215456231,1,0,0,0
2025-08-15 03:22:45,61.603220251520476,27.474451357974484,7.795285775102866,1.1124084877271505,1,0,0,0
2025-08-15 03:22:46,62.01437951426727,27.883022888032166,7.78121073516028,1.164067601902321,1,0,0,0
2025-08-15 03:22:47,61.53186669537292,28.04741604697604,7.822384898351282,1.1084610265762804,1,0,0,0
2025-08-15 03:22:48,61.76306784168999,27.971012898995532,7.794110884848239,1.1495171888969855,1,0,0,0
2025-08-15 03:22:49,61.100053056873165,27.87520992161579,7.829055110902523,1.0811236355141167,1,0,0,0
2025-08-15 03:22:50,61.69086353694918,27.716276181790967,7.830574957010818,1.0990385751750886,1,0,0,0
2025-08-15 03:22:51,62.783295881046136,28.182473857505492,7.798379080705565,1.1010057410716576,1,0,0,0
2025-08-15 03:22:52,61.60522579583953,27.604860424016024,7.779831025349053,1.033472267619237,1,0,0,0
2025-08-15 03:22:53,61.765249922311895,28.23280837415304,7.758282042445333,1.064954665164494,1,0,0,0
2025-08-15 03:22:54,62.714876581254295,27.699334894321982,7.770559258539464,1.0670937476184805,1,0,0,0
2025-08-15 03:22:55,62.2359690424651,27.77426942879409,7.772523303502027,1.1246619823409758,1,0,0,0
2025-08-15 03:22:56,62.01032430929026,27.559964442815296,7.82756939254923,1.1261645931705218,1,0,0,0
2025-08-15 03:22:57,62.49870338771847,27.84957935593431,7.802316491744539,1.109721093281196,1,0,0,0
2025-08-15 03:22:58,61.578900500831004,28.292593737543395,7.80779209048184,1.1247230869056712,1,0,0,0
2025-08-15 03:22:59,63.27886821056475,28.154688426533188,7.7555915798212975,1.0950755176183469,1,0,0,0
2025-08-15 03:23:00,62.81098640536638,28.293526633608412,7.776040671415655,1.1360579500861865,1,0,0,0
2025-08-15 03:23:01,62.20223828355816,28.15664276378018,7.817741595528926,1.1002636532789623,1,0,0,0
2025-08-15 03:23:02,63.06569398113274,27.66889905144089,7.805735482247652,1.1017359214228029,1,0,0,0
2025-08-15 03:23:03,62.57833022197037,27.90076323270173,7.797055894426288,1.0920322210021278,1,0,0,0
2025-08-15 03:23:04,62.94915679543837,27.76594026126476,7.811296847172002,1.1205335143290929,1,0,0,0
2025-08-15 03:23:05,63.033351730552184,28.399172471211713,7.832715956122716,1.0873640355016128,1,0,0,0
2025-08-15 03:23:06,63.81674201877402,27.640963406072107,7.7955791507292584,1.129292941315942,1,0,0,0
2025-08-15 03:23:07,62.97489748163639,28.268109306816733,7.801387396053161,1.06603552577852,1,0,0,0
2025-08-15 03:23:08,62.77916953309031,28.26788616103263,7.803851938374626,1.0670325123581543,1,0,0,0
2025-08-15 03:23:09,62.64317437678716,28.548886060514825,7.84784219270548,1.1206228026537952,1,0,0,0
2025-08-15 03:23:10,63.60019818157994,27.87709402221115,7.7580128747116195,1.0973436735625097,1,0,0,0
2025-08-15 03:23:11,62.427933230779175,28.21369664787405,7.813664460295776,1.0863832575154062,1,0,0,0
2025-08-15 03:23:12,64.45305764152646,28.684495550961653,7.797703955024819,1.1267017319742638,1,0,0,0
2025-08-15 03:23:13,63.307932946534336,27.81470749691989,7.811335434523683,1.0817821575774176,1,0,0,0
2025-08-15 03:23:14,63.104843405365386,27.539487925740293,7.7868525489201055,1.093993962370989,1,0,0,0
2025-08-15 03:23:15,63.35494672547894,27.43599698982767,7.79902069938283,1.141976838502135,1,0,0,0
2025-08-15 03:23:16,62.738290622694834,28.2138136086584,7.81422821158931,1.1461742703743196,1,0,0,0
2025-08-15 03:23:17,63.31520782357877,27.435054937582425,7.862258204020876,1.1471719463081098,1,0,0,0
2025-08-15 03:23:18,63.71047697643691,27.88830428411862,7.816160723788041,1.0915362266919828,1,0,0,0
2025-08-15 03:23:19,63.37665478821618,28.131193956111687,7.783038688039389,1.136921087149534,1,0,0,0
2025-08-15 03:23:20,63.093866497508266,28.055552661048974,7.791524806359546,1.0715314151669397,1,0,0,0
2025-08-15 03:23:21,63.68842139850418,28.12763345925525,7.790931717832323,1.0727929137583383,1,0,0,0
2025-08-15 03:23:22,64.84068646802197,28.066686956740256,7.764087136547399,1.0294863244212693,1,0,0,0
2025-08-15 03:23:23,64.16787237280423,28.383659743994016,7.793398196165971,1.150186046056956,1,0,0,0
2025-08-15 03:23:24,64.38288117795146,27.71430508577836,7.814656581636434,1.0740806045277178,1,0,0,0
2025-08-15 03:23:25,63.86848922981724,27.79690145846244,7.774515357618464,1.0962040226075882,1,0,0,0
2025-08-15 03:23:26,63.0183186696655,27.768202166418753,7.820969653021011,1.0726902697421516,1,0,0,0
2025-08-15 03:23:27,65.0366042133686,28.249057543558784,7.809755496421687,1.1208549574499043,1,0,0,0
2025-08-15 03:23:28,63.29730389775928,28.270119576518518,7.785315333560579,1.0887309901784799,1,0,0,0
2025-08-15 03:23:29,63.816707671442266,28.135367595795554,7.797169407253243,1.0608554932870116,1,0,0,0
2025-08-15 03:23:30,64.58136957159283,28.355048100066977,7.83196643615282,1.1132498769255819,1,0,0,0
2025-08-15 03:23:31,64.58839003076484,27.646587739787087,7.814670956270117,1.0569880992556933,1,0,0,0
2025-08-15 03:23:32,64.51311921374399,28.50016723346534,7.800175673097963,1.0748778282405353,1,0,0,0
2025-08-15 03:23:33,65.15599914377582,28.456971586513678,7.7952463336607805,1.0367933265612177,1,0,0,0
2025-08-15 03:23:34,64.12691261529501,28.220686599173725,7.801532181409033,1.057281256634072,1,0,0,0
2025-08-15 03:23:35,64.56956689156988,28.53453967263132,7.789764728841154,1.1053558750916144,1,0,0,0
2025-08-15 03:23:36,64.14705110016982,27.503013037696668,7.7579050098856195,1.0410639188569124,1,0,0,0
2025-08-15 03:23:37,64.84323611857536,27.842665559121205,7.840843558210694,1.0555656282613486,1,0,0,0
2025-08-15 03:23:38,65.39460255275911,27.779408961795415,7.803106499983988,1.0999289325160158,1,0,0,0
2025-08-15 03:23:39,65.2646639029792,28.2164437971272,7.80796294530245,1.0836917931172085,1,0,0,0
2025-08-15 03:23:40,64.73883751670414,27.684957778119355,7.798841845002461,1.1597610990787794,1,0,0,0
2025-08-15 03:23:41,65.37884744940126,28.227248544801245,7.785297663985508,1.1550168963807312,1,0,0,0
2025-08-15 03:23:42,64.6153502906078,28.411160843199013,7.796281510381024,1.0739623261174656,1,0,0,0
2025-08-15 03:23:43,64.8498102964929,28.2085608700252,7.768012104756114,1.1167141285521045,1,0,0,0
2025-08-15 03:23:44,64.78105978630528,28.08512530709845,7.845541729961066,1.1224784767063836,1,0,0,0
2025-08-15 03:23:45,64.26536983641388,27.703637997729775,7.7753097600315515,1.082075634259268,1,0,0,0
2025-08-15 03:23:46,65.79232778778182,27.74594471016239,7.779360674323057,1.055133753905054,1,0,0,0
2025-08-15 03:23:47,64.9092945259496,28.374885671589,7.791194815912272,1.0996310465207584,1,0,0,0
2025-08-15 03:23:48,65.23918686158005,28.2338047011716,7.825761514497048,1.0948146297555768,1,0,0,0
2025-08-15 03:23:49,64.93974411233712,27.988294144186735,7.800290179985253,1.0869270650908816,1,0,0,0
2025-08-15 03:23:50,65.06820989618203,27.874627136270234,7.77527728407939,1.1132695060449347,1,0,0,0
2025-08-15 03:23:51,65.58697589788754,27.39225763806659,7.825086767215146,1.0774781117898322,1,0,0,0
2025-08-15 03:23:52,66.11147443983722,27.678744274394667,7.814620012535709,1.0654400735726257,1,0,0,0
2025-08-15 03:23:53,65.497439757526,28.573425726141917,7.810768699144329,1.103272489110495,1,0,0,0
2025-08-15 03:23:54,65.1547357429521,27.61586332869926,7.814314684823417,1.1115791027770663,1,0,0,0
2025-08-15 03:23:55,65.37637627471867,28.056843946366325,7.847887238011649,1.0647006516829984,1,0,0,0
2025-08-15 03:23:56,65.8300955130588,28.30223319195856,7.843701897900722,1.1278427183297326,1,0,0,0
2025-08-15 03:23:57,66.0255476079449,27.623523199599312,7.786265693139934,1.0468855658667178,1,0,0,0
2025-08-15 03:23:58,66.04584951790618,28.055413142434325,7.832477699856223,1.0826565962385308,1,0,0,0
2025-08-15 03:23:59,65.91768636954023,28.281374661253196,7.807663363795178,1.0922597439140718,1,0,0,0
2025-08-15 03:24:00,66.50278415016578,28.003749796572176,7.809981916322755,1.0809132886204422,1,0,0,0
2025-08-15 03:24:01,66.16577110739209,28.86052091670003,7.7661545833671335,1.0830481857934644,1,0,0,0
2025-08-15 03:24:02,66.30285412282937,27.499420222336543,7.7965922846922355,1.1561322344692435,1,0,0,0
2025-08-15 03:24:03,65.5277043537432,28.317618558965165,7.783743528193268,1.0744734773288331,1,0,0,0
2025-08-15 03:24:04,66.27876371628409,27.94815947878106,7.816561176297866,1.1732366516741575,1,0,0,0
2025-08-15 03:24:05,65.3583372717839,28.231576046451003,7.821421610008056,1.1131138033919317,1,0,0,0
2025-08-15 03:24:06,65.40489951625118,28.132392145509773,7.758510272979674,1.10276165411936,1,0,0,0
2025-08-15 03:24:07,66.40209600230172,27.780053140867,7.799559302719914,1.1142872106016302,1,0,0,0
2025-08-15 03:24:08,66.83534897690812,28.0686989177378,7.822437230095884,1.1758978324775586,1,0,0,0
2025-08-15 03:24:09,66.06113575885453,27.442629564580514,7.796266420753731,1.0701922098820567,1,0,0,0
2025-08-15 03:24:10,66.24090379012905,28.180974250171417,7.814581272900047,1.0663874624319085,1,0,0,0
2025-08-15 03:24:11,67.26641542563321,28.089447539797156,7.807023309352542,1.0773540141028424,1,0,0,0
2025-08-15 03:24:12,66.7377935348463,28.19159805059293,7.8068332046390525,1.1009642944089368,1,0,0,0
2025-08-15 03:24:13,67.56263397612578,28.317435497526144,7.794573700438634,1.048226866255623,1,0,0,0
2025-08-15 03:24:14,67.03326763671376,28.110285952062913,7.775668383917286,1.1006701771795584,1,0,0,0
2025-08-15 03:24:15,65.66977502318628,28.04442682593948,7.777569397051499,1.1508064140024103,1,0,0,0
2025-08-15 03:24:16,66.93560097256272,27.735679499001613,7.814187050289106,1.1045422217187435,1,0,0,0
2025-08-15 03:24:17,67.3432981614057,27.786333770905284,7.800389165110378,1.0912194362307417,1,0,0,0
2025-08-15 03:24:18,67.36746439273874,28.3560203860532,7.797229755107855,1.0814551865394912,1,0,0,0
2025-08-15 03:24:19,67.19095078038944,28.430900621711793,7.791522199153553,1.126955351136547,1,0,0,0
2025-08-15 03:24:20,67.46682171674713,27.928566869106383,7.7938962230903845,1.0752250168028588,1,0,0,0
2025-08-15 03:24:21,66.1617799804848,28.01380082417598,7.820938235889763,1.1553918776179775,1,0,0,0
2025-08-15 03:24:22,67.17245045782286,27.728615687501872,7.793295118362639,1.1580007924314308,1,0,0,0
2025-08-15 03:24:23,67.18835790995907,28.351827053580234,7.773178705733969,1.1077025239598537,1,0,0,0
2025-08-15 03:24:24,66.85476301275824,28.199625047107535,7.814873035510804,1.0996545473577006,1,0,0,0
2025-08-15 03:24:25,67.67414328540075,28.582365230939125,7.795902466722706,1.1309197942472469,1,0,0,0
2025-08-15 03:24:26,67.70187850697064,27.736503076846077,7.800627917310655,1.13284395506682,1,0,0,0
2025-08-15 03:24:27,67.32122444518419,27.886597630294535,7.83215156612799,1.0758202480682175,1,0,0,0
2025-08-15 03:24:28,67.00854466395867,28.069433776757673,7.79958878885299,1.084203346005899,1,0,0,0
2025-08-15 03:24:29,67.82375637294057,28.19394686131773,7.805783673462375,1.0603295769595011,1,0,0,0
2025-08-15 03:24:30,68.2607777127487,27.93529970873571,7.776421530174034,1.1122719481500218,1,0,0,0
2025-08-15 03:24:31,67.70600232761,27.73811167286389,7.795606610952981,1.1199988365037068,1,0,0,0
2025-08-15 03:24:32,67.54265718890895,28.264422258677072,7.8121905209041715,1.059502230864162,1,0,0,0
2025-08-15 03:24:33,67.97302126451574,28.216340608763673,7.768892525323175,1.0863440328555154,1,0,0,0
2025-08-15 03:24:34,67.32482486434975,27.72511776983088,7.8040169018623144,1.0595823824725596,1,0,0,0
2025-08-15 03:24:35,68.26481275449356,28.40663284033165,7.802015821452896,1.0730360056926849,1,0,0,0
2025-08-15 03:24:36,67.8390880456929,28.35105961275898,7.800825749111748,1.116530511806789,1,0,0,0
2025-08-15 03:24:37,68.17044491262027,28.04028894917434,7.820743177973164,1.0779955379996518,1,0,0,0
2025-08-15 03:24:38,67.69770990828566,28.02387935871281,7.8066887702969705,1.0909752213190311,1,0,0,0
2025-08-15 03:24:39,67.4262875909362,28.16621733133477,7.829561437967128,1.0511806481615806,1,0,0,0
2025-08-15 03:24:40,68.06598659454495,27.741489078923124,7.780128209688119,1.10560970629174,1,0,0,0
2025-08-15 03:24:41,67.99018396786072,28.009009443749225,7.802718491344367,1.0986718004046607,1,0,0,0
2025-08-15 03:24:42,68.43826499194014,27.354284936617248,7.801689335727799,1.0781312224990052,1,0,0,0
2025-08-15 03:24:43,68.27286487552516,28.262936693650882,7.778614910124898,1.0943295710695258,1,0,0,0
2025-08-15 03:24:44,68.58829680845788,27.53155203326744,7.8191259000418265,1.1054088464151035,1,0,0,0
2025-08-15 03:24:45,68.7909802501678,28.4510259485287,7.846493466117056,1.0755539555327198,1,0,0,0
2025-08-15 03:24:46,67.54413883545043,27.900963971810064,7.799659878510323,1.0557121236799467,1,0,0,0
2025-08-15 03:24:47,68.08809719435196,27.936499905420646,7.810100421765475,1.1541672329806045,1,0,0,0
2025-08-15 03:24:48,68.4020434711427,27.811679828174647,7.801690369516306,1.0810018188586918,1,0,0,0
2025-08-15 03:24:49,69.10042353788754,27.913588337823377,7.7857283066018566,1.0970971969043934,1,0,0,0
2025-08-15 03:24:50,68.52112862852502,28.425559403544412,7.763584794443959,1.1303251920506094,1,0,0,0
2025-08-15 03:24:51,69.74356977284951,27.253657403039476,7.785884530338093,1.2058716556271145,1,0,0,0
2025-08-15 03:24:52,68.63236600528397,28.383089615826457,7.7721608323809654,1.062665406503334,1,0,0,0
2025-08-15 03:24:53,68.82502093223344,28.10140704433051,7.8340820415611825,1.1134948164117955,1,0,0,0
2025-08-15 03:24:54,69.44491037379144,27.637893505642836,7.797697806121535,1.078773431441177,1,0,0,0
2025-08-15 03:24:55,69.92119136072725,27.67740628208523,7.793081613419057,1.0838362908626988,1,0,0,0
2025-08-15 03:24:56,70.35894962908196,28.50291790816246,7.817783076495756,1.0783936393697964,1,1,0,1
2025-08-15 03:24:57,69.1368881942041,27.71634793601718,7.777564977942882,1.0662303509659825,1,0,0,0
2025-08-15 03:24:58,69.44284875240515,27.653994846821213,7.7846627192399085,1.0987612591464602,1,0,0,0
2025-08-15 03:24:59,69.05668987416777,28.34119436270942,7.8013614453849724,1.055764919388553,1,0,0,0
2025-08-15 03:25:00,69.87976222352002,28.101565862885774,7.82057537982847,1.1284042269953563,1,0,0,0
2025-08-15 03:25:01,68.85862014216197,27.718622327039082,7.810033700903376,1.1016500880810014,1,0,0,0
2025-08-15 03:25:02,68.59356652182198,28.064987492621384,7.804966502850317,1.1126730491870434,1,0,0,0
2025-08-15 03:25:03,69.49546059299915,27.692274194907917,7.80156235470472,1.0860143416416135,1,0,0,0
2025-08-15 03:25:04,69.7608849085412,28.33024641952678,7.808004717110535,1.0889838819736477,1,0,0,0
2025-08-15 03:25:05,69.4331065788887,28.31841128946194,7.8040330581025845,1.10862691715502,1,0,0,0
2025-08-15 03:25:06,69.8338701323966,28.159601859646582,7.779400554504461,1.0650784810278253,1,0,0,0
2025-08-15 03:25:07,70.04414035082965,28.108498318374107,7.800921584432663,1.0892602869676,1,1,0,1
2025-08-15 03:25:08,70.00442330954459,28.52835643746021,7.778526226821644,1.0742115945836466,1,1,0,1
2025-08-15 03:25:09,70.04342995685404,27.99990589821647,7.801621650858016,1.0732829356822697,1,1,0,1
2025-08-15 03:25:10,69.2419476728745,27.64543776237376,7.790387041170235,1.0367048527812308,1,0,0,0
2025-08-15 03:25:11,69.59156612632424,28.13484217384969,7.850787632455657,1.1401797976844001,1,0,0,0
2025-08-15 03:25:12,69.25912454471347,28.625814114861136,7.7992021123249655,1.079403837405387,1,0,0,0
2025-08-15 03:25:13,69.06472869070811,27.695572152044246,7.771915208674768,1.1349012816549067,1,0,0,0
2025-08-15 03:25:14,70.1929125046641,27.891561169991803,7.797316395786462,1.1320637696418288,1,1,0,1
2025-08-15 03:25:15,70.09762339136445,28.124933811430434,7.810387174912758,1.0614200088045054,1,1,0,1
2025-08-15 03:25:16,70.8267467325575,27.983828545298277,7.833467278923051,1.0673476629298146,1,1,0,1
2025-08-15 03:25:17,70.40485013958285,27.705308925886804,7.788210952001226,1.1768150887806705,1,1,0,1
2025-08-15 03:25:18,69.89268013141209,28.33655735686914,7.768351440519527,1.1525277782578145,1,0,0,0
2025-08-15 03:25:19,70.76863070902228,28.696012216605176,7.8163367402286195,1.0990544446001569,1,1,0,1
2025-08-15 03:25:20,70.69379462741799,28.05883943770717,7.772388025882007,1.1077211931925206,1,1,0,1
2025-08-15 03:25:21,70.61921611393328,27.7287795130792,7.79127689116985,1.0810746079115845,1,1,0,1
2025-08-15 03:25:22,70.37277865109823,27.535311842483956,7.79484759028978,1.1129705814260102,1,1,0,1
2025-08-15 03:25:23,70.14588194757278,28.077392794366354,7.798607330933998,1.0784845429783259,1,1,0,1
2025-08-15 03:25:24,70.32176150021319,28.331163202994876,7.813783289141487,1.0390293870710485,1,1,0,1
2025-08-15 03:25:25,70.90198898135883,28.142550323948615,7.786327314354272,1.0603533264046685,1,1,0,1
2025-08-15 03:25:26,72.15974007950867,27.999278847724344,7.794525414956665,1.1006327824355178,1,1,0,1
2025-08-15 03:25:27,71.51607431852973,27.82321850446321,7.799714592941012,1.0660679829349224,1,1,0,1
2025-08-15 03:25:28,70.63544454187542,27.672350910184573,7.802991959150376,1.097981676052594,1,1,0,1
2025-08-15 03:25:29,70.27716569634859,28.250425397897466,7.801956543494159,1.0677601688170142,1,1,0,1
2025-08-15 03:25:30,70.78248193885833,28.274131486415676,7.808720115504451,1.0765293823249402,1,1,0,1
2025-08-15 03:25:31,70.15447360478693,27.53628106399278,7.816876790192834,1.125594959192396,1,1,0,1
2025-08-15 03:25:32,71.15264114862842,28.476951693454204,7.807852682313019,1.1074244164292033,1,1,0,1
2025-08-15 03:25:33,70.47663428413662,28.1722213662682,7.809071710470184,1.0997100673605997,1,1,0,1
2025-08-15 03:25:34,70.48263955769491,28.419878393543737,7.76835553666507,1.1263689191921196,1,1,0,1
2025-08-15 03:25:35,70.31991708575842,27.597361675454465,7.801004553983313,1.1144182578004205,1,1,0,1
2025-08-15 03:25:36,71.42986116433642,27.590252753375367,7.809590150960032,1.1433968987375411,1,1,0,1
2025-08-15 03:25:37,70.95535499247518,27.95530920706981,7.8145788238914085,1.086204222130546,1,1,0,1
2025-08-15 03:25:38,71.18543453998268,28.15083532806856,7.786152984515324,1.0871109506441747,1,1,0,1
2025-08-15 03:25:39,69.81998423829435,28.53890824687809,7.786819214502227,1.0609667220082597,1,0,0,0
2025-08-15 03:25:40,71.19626334354885,28.21182367414454,7.788517986494328,1.0871305784788274,1,1,0,1
2025-08-15 03:25:41,72.53964659949966,27.92719561695639,7.810728277997827,1.1289430968290735,1,1,0,1
2025-08-15 03:25:42,72.20362389518591,27.692089237700234,7.820677621098484,1.1389996211678641,1,1,0,1
2025-08-15 03:25:43,71.6003298738778,28.369000171815745,7.791850797854168,1.1288091550426,1,1,0,1
2025-08-15 03:25:44,71.88950199509867,27.710588372274785,7.818159246272541,1.046174244003517,1,1,0,1
2025-08-15 03:25:45,71.68725103399458,28.488540566431695,7.8024695961832915,1.1324943563798222,1,1,0,1
2025-08-15 03:25:46,71.30462702853073,27.914684605118048,7.797514284456751,1.044844441301838,1,1,0,1
2025-08-15 03:25:47,71.83703717596313,28.477174621785355,7.7957723154036405,1.1269435197236706,1,1,0,1
2025-08-15 03:25:48,71.65782835411514,28.203679387017782,7.814932227292043,1.0889664642028685,1,1,0,1
2025-08-15 03:25:49,72.30883593511084,27.958901353167263,7.8065115563357415,1.1210759994180157,1,1,0,1
2025-08-15 03:25:50,72.13148311536331,27.844181088452164,7.845516508552953,1.0600265495631631,1,1,0,1
2025-08-15 03:25:51,72.06057443710641,27.897727636796176,7.782955507140053,1.1351350289811846,1,1,0,1
2025-08-15 03:25:52,71.86609166198254,28.128495007712573,7.810362034040599,1.0560507576168534,1,1,0,1
2025-08-15 03:25:53,71.69350187017635,28.023146948865314,7.78941597980377,1.0799463526744049,1,1,0,1
2025-08-15 03:25:54,71.91913274380417,27.82185657757939,7.782614260260227,1.070057161166929,1,1,0,1
2025-08-15 03:25:55,72.69362608288132,27.95031057690471,7.799782657259301,1.0473714544153252,1,1,0,1
2025-08-15 03:25:56,72.52608787869809,28.023573108915745,7.802747049588141,1.1028358270276541,1,1,0,1
2025-08-15 03:25:57,72.09284959683438,27.361379771675555,7.858363471101201,1.1541826735351088,1,1,0,1
2025-08-15 03:25:58,73.03412711777544,28.13745043443661,7.796317083686335,1.1800071566696004,1,1,0,1
2025-08-15 03:25:59,72.70881518628352,27.706083632584956,7.7773964254103065,1.1029146736125874,1,1,0,1
2025-08-15 03:26:00,72.741758896929,27.654000279038275,7.805460214349887,1.1335004382520257,1,1,0,1
2025-08-15 03:26:01,71.94037075103837,27.493796695866788,7.758507199249072,1.1069628391378563,1,1,0,1
2025-08-15 03:26:02,71.35210303467537,27.461832250639635,7.798160864347914,1.1149664958430465,1,1,0,1
2025-08-15 03:26:03,73.17265039615403,27.59336574906631,7.800320505645903,1.0897355404661828,1,1,0,1
2025-08-15 03:26:04,73.00857528269852,27.787293712710852,7.8158920076589045,1.105852307762678,1,1,0,1
2025-08-15 03:26:05,72.55921551948462,28.58597774125797,7.819472444988556,1.116124361138193,1,1,0,1
2025-08-15 03:26:06,73.12186009882292,27.84223609723144,7.789928607621846,1.08264620813371,1,1,0,1
2025-08-15 03:26:07,73.15001472615224,28.05332503188041,7.796987719707401,1.0976751710032104,1,1,0,1
2025-08-15 03:26:08,72.34048755013013,28.1201444159519,7.784677583387786,1.0982470964300755,1,1,0,1
2025-08-15 03:26:09,72.99134498802665,28.039319555864754,7.777438748903846,1.1247920995199159,1,1,0,1
2025-08-15 03:26:10,73.28755487450327,27.976766961782204,7.806197895587612,1.0680190348511696,1,1,0,1
2025-08-15 03:26:11,73.00965758110489,27.641411870920226,7.774528289028068,1.0984537337417706,1,1,0,1
2025-08-15 03:26:12,73.09527222367686,28.435278264483763,7.791707461988563,1.157360164071581,1,1,0,1
2025-08-15 03:26:13,72.85207785396864,28.542158993091366,7.780096520802015,1.1349218045775782,1,1,0,1
2025-08-15 03:26:14,73.83112586448486,27.495202391763193,7.810993663725805,1.1404753714666613,1,1,0,1
2025-08-15 03:26:15,72.98313254922348,27.692791422734086,7.83602860198533,1.100732955205341,1,1,0,1
2025-08-15 03:26:16,72.6654438467492,27.916056897286897,7.773968240343933,1.1096299269105807,1,1,0,1
2025-08-15 03:26:17,74.20439530969279,27.710638661526943,7.762939630342048,1.1300670850010879,1,1,0,1
2025-08-15 03:26:18,73.50403957851609,28.15178966603676,7.797502262292999,1.146807665885928,1,1,0,1
2025-08-15 03:26:19,73.19720755001374,27.781518339278016,7.8003139559191546,1.0414519126135136,1,1,0,1
2025-08-15 03:26:20,73.51635968300374,28.64951682034198,7.8043731861351455,1.0605367607885048,1,1,0,1
2025-08-15 03:26:21,74.37385602549878,28.357164578303077,7.791073589695313,1.1392833230420796,1,1,0,1
2025-08-15 03:26:22,73.62059303081266,28.063772209189665,7.795987214023492,1.091693319326936,1,1,0,1
2025-08-15 03:26:23,73.52015793818371,28.30809587899592,7.807350208210812,1.0798483763222577,1,1,0,1
2025-08-15 03:26:24,73.71281737587728,28.33177012730719,7.820808617852896,1.062375170390132,1,1,0,1
2025-08-15 03:26:25,74.23144295400182,27.830815753582527,7.760899024593634,1.0833494989536767,1,1,0,1
2025-08-15 03:26:26,74.18142067368281,27.75513482663741,7.7926212112193705,1.0579289214972853,1,1,0,1
2025-08-15 03:26:27,73.78754283888786,28.023442918890893,7.8042761758788215,1.1627328281819744,1,1,0,1
2025-08-15 03:26:28,73.90352596517882,28.258490837349385,7.781640477907785,1.099326918440583,1,1,0,1
2025-08-15 03:26:29,73.97727935256592,28.041718119596027,7.834623392635346,1.0982614837471185,1,1,0,1
2025-08-15 03:26:30,73.21844429910806,27.5269010553427,7.787291802395425,1.117642300255035,1,1,0,1
2025-08-15 03:26:31,72.95707519480376,27.759152666814746,7.799174146259854,1.1288703550779973,1,1,0,1
2025-08-15 03:26:32,74.47763996719011,27.977808140921688,7.811120441936846,1.1283766446966392,1,1,0,1
2025-08-15 03:26:33,74.63543930797314,27.97730031870225,7.788174304223962,1.1322086583172273,1,1,0,1
2025-08-15 03:26:34,73.1636189239952,28.59176265303694,7.763068539043911,1.0810746334762744,1,1,0,1
2025-08-15 03:26:35,73.59625554088713,27.584203617280302,7.791426909461669,1.0910639958512942,1,1,0,1
2025-08-15 03:26:36,74.62881692266494,28.15167677255076,7.82058881111854,1.1230709496632683,1,1,0,1
2025-08-15 03:26:37,75.61270690276596,28.446733932498486,7.793262097464297,1.0841783281508115,1,1,0,1
2025-08-15 03:26:38,74.94327896750644,28.68143492362684,7.7830713139708205,1.0998468010391833,1,1,0,1
2025-08-15 03:26:39,74.68225664673984,27.878680773044813,7.818513444190054,1.1119629129327444,1,1,0,1
2025-08-15 03:26:40,74.45501086958183,28.14742883581606,7.7933845020795385,1.1235555524693113,1,1,0,1
2025-08-15 03:26:41,75.04928816917659,28.170928107159593,7.789796783726995,1.046669571128894,1,1,0,1
2025-08-15 03:26:42,74.70915451713408,28.058644519465986,7.802989121793266,1.1214423694966684,1,1,0,1
2025-08-15 03:26:43,74.73809708789231,27.97034643962821,7.815415004192376,1.0929882782644482,1,1,0,1
2025-08-15 03:26:44,74.86156123269427,28.130792616850012,7.847634270634651,1.1212237313259314,1,1,0,1
2025-08-15 03:26:45,74.12538633101805,27.240326174434095,7.816544722153148,1.123307950770645,1,1,0,1
2025-08-15 03:26:46,74.89819792567204,28.204620847018788,7.823196799327767,1.1482374518335747,1,1,0,1
2025-08-15 03:26:47,75.76391748392534,28.03785337109859,7.789880676020243,1.1406036094286363,1,1,0,1
2025-08-15 03:26:48,75.42812190862703,27.93325753096652,7.77948263788061,1.140397149878309,1,1,0,1
2025-08-15 03:26:49,75.32358844313714,28.614058658715866,7.801246626992382,1.1433101095749871,1,1,0,1
2025-08-15 03:26:50,75.20765922895535,27.797519794362834,7.8021433983051915,1.1087413695444785,1,1,0,1
2025-08-15 03:26:51,74.80135733672095,27.87907720328049,7.778429745172708,1.1009655526111053,1,1,0,1
2025-08-15 03:26:52,75.77401533662822,28.59746599066142,7.79649410940192,1.12618451249535,1,1,0,1
2025-08-15 03:26:53,75.5954423785426,27.750381608545045,7.807986352034383,1.1219624285429908,1,1,0,1
2025-08-15 03:26:54,75.51681421384359,27.83496541511904,7.807207867900361,1.0907280128978523,1,1,0,1
2025-08-15 03:26:55,76.86008456117088,27.955892372970744,7.810085757067685,1.112144702264248,1,1,0,1
2025-08-15 03:26:56,75.67443343519707,28.252220344638864,7.805819294602749,1.0989471059964622,1,1,0,1
2025-08-15 03:26:57,75.3972482604717,28.062340752205994,7.789859826814599,1.0743820127461985,1,1,0,1
2025-08-15 03:26:58,75.68386398309079,27.61221239585432,7.789721987467023,1.1387138222412905,1,1,0,1
2025-08-15 03:26:59,76.31512366038041,27.840349431061842,7.776020972040122,1.1016559772759027,1,1,0,1
2025-08-15 03:27:00,75.98500865089262,27.817793670036338,7.835695500783702,1.1614612477309656,1,1,0,1
2025-08-15 03:27:01,75.66048050871608,27.976833686433086,7.8002690072923855,1.051235231894005,1,1,0,1
2025-08-15 03:27:02,76.38971114183596,28.12775309758895,7.795502938884103,1.083296636814699,1,1,0,1
2025-08-15 03:27:03,75.58183867559937,28.125461726766392,7.7814241583709505,1.1009791651007261,1,1,0,1
2025-08-15 03:27:04,77.03718409953282,27.467196473785478,7.858713158046555,1.1341214329288676,1,1,0,1
2025-08-15 03:27:05,76.21305028702993,28.319182296268256,7.778533439355542,1.1119840811780657,1,1,0,1
2025-08-15 03:27:06,75.72891589432697,28.075770653798987,7.791423041487878,1.1093141826254227,1,1,0,1
2025-08-15 03:27:07,76.83018371126337,28.41535961427817,7.808316736725721,1.0661820862233757,1,1,0,1
2025-08-15 03:27:08,76.44567407416093,28.1332594981872,7.812004259314885,1.065291758083116,1,1,0,1
2025-08-15 03:27:09,76.37489671979023,28.330396887320727,7.8191586411043135,1.1096751398086973,1,1,0,1
2025-08-15 03:27:10,76.49885616490246,28.139963593435038,7.836152170155385,1.0590768201854492,1,1,0,1
2025-08-15 03:27:11,75.9662211407941,28.403867726860824,7.810123153109214,1.0840436674913203,1,1,0,1
2025-08-15 03:27:12,76.13281309981201,28.156675190805334,7.778879384000667,1.1150275198725759,1,1,0,1
2025-08-15 03:27:13,77.2154032371741,27.97062542606713,7.794861097497564,1.070530271831697,1,1,0,1
2025-08-15 03:27:14,76.66585305173163,28.681730416134066,7.806156647450278,1.1481606788708543,1,1,0,1
2025-08-15 03:27:15,76.51251424104122,28.266711136683966,7.841364520830116,1.1367180903271368,1,1,0,1
2025-08-15 03:27:16,76.21583201039698,28.172123326301325,7.7720438904315134,1.0528574000498512,1,1,0,1
2025-08-15 03:27:17,76.62201608521183,27.617108675038498,7.824051530104504,1.0720288627045405,1,1,0,1
2025-08-15 03:27:18,78.02566243153623,27.61350771476094,7.803598287390928,1.0314266826651517,1,1,0,1
2025-08-15 03:27:19,76.62223889112703,28.087814644642556,7.81675661070459,1.0765222591235561,1,1,0,1
2025-08-15 03:27:20,76.78986144102235,28.043656359330473,7.797960105667281,1.122991654297172,1,1,0,1
2025-08-15 03:27:21,77.75724638355793,27.815763230497506,7.783151347397474,1.0875831517317545,1,1,0,1
2025-08-15 03:27:22,77.0186631779576,28.042294809883618,7.815017455588026,1.1138239173084792,1,1,0,1
2025-08-15 03:27:23,77.23286433449788,28.47658807841308,7.813088620542112,1.0543299704515479,1,1,0,1
2025-08-15 03:27:24,76.86315581564124,28.20862074236509,7.819441139314795,1.1239392576374572,1,1,0,1
2025-08-15 03:27:25,77.22087597384646,27.657697447074177,7.799733907292427,1.0833467231621496,1,1,0,1
2025-08-15 03:27:26,77.12974821417626,27.966547351857116,7.788003559533603,1.1003650904684872,1,1,0,1
2025-08-15 03:27:27,77.77081966699146,27.75851005574423,7.768824260099523,1.0972137649582085,1,1,0,1
2025-08-15 03:27:28,77.75187137768825,27.88369002507743,7.816387465362788,1.0618535443732315,1,1,0,1
2025-08-15 03:27:29,78.66049386727197,27.875915300311107,7.8084777896488795,1.0654074700478067,1,1,0,1
2025-08-15 03:27:30,78.21213435571667,27.8567063252188,7.780684347342721,1.129033834070103,1,1,0,1
2025-08-15 03:27:31,77.51037580660679,27.62345938840798,7.7892285265340675,1.111969764725051,1,1,0,1
2025-08-15 03:27:32,77.28572156229464,27.96170359554454,7.790664823760971,1.131501471246603,1,1,0,1
2025-08-15 03:27:33,77.03816495936037,27.831817708945806,7.770340311360352,1.1097397470650756,1,1,0,1
2025-08-15 03:27:34,77.83326037297867,27.12116539299932,7.783646352067898,1.1042897190442766,1,1,0,1
2025-08-15 03:27:35,77.5071495119946,28.6158916073505,7.777323392863873,1.048219681439997,1,1,0,1
2025-08-15 03:27:36,77.96606809197039,28.326630896265,7.791750419762241,1.091888999097165,1,1,0,1
2025-08-15 03:27:37,78.46252436105951,27.8871097825225,7.785226050033408,1.0991784703878877,1,1,0,1
2025-08-15 03:27:38,77.15453204365842,28.005645714922178,7.767459901582665,1.1585932159481773,1,1,0,1
2025-08-15 03:27:39,78.01580110111908,27.64850369580473,7.84045180461139,1.1206086989629604,1,1,0,1
2025-08-15 03:27:40,78.67001732367429,28.50871686334326,7.825050814620584,1.1460818354512858,1,1,0,1
2025-08-15 03:27:41,78.11143513714941,28.569186608431934,7.7844196115696,1.117926131176842,1,1,0,1
2025-08-15 03:27:42,77.22522623268479,28.047008118473958,7.805448427933072,1.0786609031915158,1,1,0,1
2025-08-15 03:27:43,77.57862535337303,28.307059193255604,7.808349301796426,1.1035137264844956,1,1,0,1
2025-08-15 03:27:44,78.92830303142358,28.05258603368018,7.823821717095469,1.107086709387927,1,1,0,1
2025-08-15 03:27:45,78.65610241115834,27.59898236833722,7.783627899466798,1.0718253329068796,1,1,0,1
2025-08-15 03:27:46,78.07266681947269,27.876452989310902,7.821842135679648,1.0884683787022125,1,1,0,1
2025-08-15 03:27:47,78.04473101381738,28.039578390031586,7.789041893915861,1.0938269901896849,1,1,0,1
2025-08-15 03:27:48,78.86151285955856,27.863635684376966,7.773282751916628,1.1481685949769536,1,1,0,1
2025-08-15 03:27:49,78.44690906722509,27.934404016769488,7.81448273118629,1.0375777842382707,1,1,0,1
2025-08-15 03:27:50,78.7942788515838,27.972580132747265,7.825815168482448,1.1361745526214815,1,1,0,1
2025-08-15 03:27:51,78.55471018431251,27.975736450640362,7.851758179470614,1.0718961429512186,1,1,0,1
2025-08-15 03:27:52,78.13785373046419,28.015677547149245,7.776005494698196,1.0588376243819118,1,1,0,1
2025-08-15 03:27:53,78.34808090672371,27.68181848008102,7.813978393701616,1.135398263901154,1,1,0,1
2025-08-15 03:27:54,79.60980657659438,27.78489515526162,7.791803975124129,1.1219569420770314,1,1,0,1
2025-08-15 03:27:55,78.69125818293364,27.61462472029001,7.81566717421048,1.1376355610714357,1,1,0,1
2025-08-15 03:27:56,79.37695510644625,28.29334466490586,7.770590208975375,1.1240210584263675,1,1,0,1
2025-08-15 03:27:57,79.31710885009726,27.368305917447902,7.774744604486028,1.161795350052122,1,1,0,1
2025-08-15 03:27:58,79.61125993973371,28.34607710299508,7.78448250353667,1.1167617151083347,1,1,0,1
2025-08-15 03:27:59,78.79115226122613,28.415904819178852,7.801579280913361,1.0953056787163054,1,1,0,1
2025-08-15 03:28:00,78.80391573081553,27.909345823905213,7.7871783746692325,1.1102877913196403,1,1,0,1
2025-08-15 03:28:01,79.13465980632219,27.21905887365181,7.813181086878268,1.137304073850379,1,1,0,1
2025-08-15 03:28:02,79.1765764287607,27.891606831409813,7.8205378923651585,1.0766187402421965,1,1,0,1
2025-08-15 03:28:03,79.38139844781286,27.980744751613354,7.811991550824907,1.0804433425240587,1,1,0,1
2025-08-15 03:28:04,79.36688477920517,27.696820534021327,7.832375752793217,1.0907311995620628,1,1,0,1
2025-08-15 03:28:05,80.04193554452398,27.845434481857527,7.808316532589107,1.0368625160370402,1,1,0,1
2025-08-15 03:28:06,79.41408177626697,28.459058559659006,7.775662065793196,1.1041423522525264,1,1,0,1
2025-08-15 03:28:07,79.61922080309999,28.199478148690524,7.827267530270767,1.0434161388814693,1,1,0,1
2025-08-15 03:28:08,79.72271745652165,27.72263076568657,7.787896875287879,1.1015917793879786,1,1,0,1
2025-08-15 03:28:09,79.51267331419676,27.52072024912137,7.8182083699937115,1.1259586926840577,1,1,0,1
2025-08-15 03:28:10,79.89681873764178,27.90189480471707,7.831474684331102,1.085693706180685,1,1,0,1
2025-08-15 03:28:11,79.73608124555409,27.935962966194868,7.809133760214608,1.1503134761056062,1,1,0,1
2025-08-15 03:28:12,79.96350438183558,28.148859756208996,7.770076823736707,1.0561849730174455,1,1,0,1
2025-08-15 03:28:13,79.09719529363458,27.839404986229702,7.781635756669804,1.135737820448955,1,1,0,1
2025-08-15 03:28:14,79.72993104462809,28.153449872608558,7.826454889337702,1.1202541116922078,1,1,0,1
2025-08-15 03:28:15,81.30278056468498,28.580546212018067,7.796617546287144,1.0485190025506794,1,1,0,1
2025-08-15 03:28:16,79.8038658763318,28.244650306733277,7.801591470698843,1.181323828971216,1,1,0,1
2025-08-15 03:28:17,79.93205509558051,27.985573447800768,7.815176488323272,1.098087641434881,1,1,0,1
2025-08-15 03:28:18,80.12383185827464,27.94505485868401,7.813926457241607,1.0736754793353311,1,1,0,1
2025-08-15 03:28:19,80.46593302654298,27.892998059746038,7.805575996247709,1.0577873841564795,1,1,0,1
2025-08-15 03:28:20,80.40499129430854,28.354192273735645,7.795826632575591,1.0933994591702099,1,1,0,1
2025-08-15 03:28:21,80.59871653116846,27.81180596621461,7.7937466310853525,1.0961777938283013,1,1,0,1
2025-08-15 03:28:22,80.4148503048993,28.013566812699995,7.817157976505826,1.10307936585619,1,1,0,1
2025-08-15 03:28:23,80.94468130019138,28.015359370564326,7.811071390621356,1.0910661153132812,1,1,0,1
2025-08-15 03:28:24,80.5743205798883,27.84946474215654,7.794853999987644,1.1189967593034529,1,1,0,1
2025-08-15 03:28:25,80.28406300317756,27.58826033563477,7.821642246259863,1.0883711050201026,1,1,0,1
2025-08-15 03:28:26,81.08014227132946,28.0968923510853,7.797419317697404,1.041951076482786,1,1,0,1
2025-08-15 03:28:27,81.05872938133614,27.981698808443387,7.782966756513312,1.0955191551305108,1,1,0,1
2025-08-15 03:28:28,80.8269614796501,28.15007214083097,7.784820586021933,1.0289756703988018,1,1,0,1
2025-08-15 03:28:29,80.57574807625859,27.83991990806825,7.780425183273804,1.1106131189267419,1,1,0,1
2025-08-15 03:28:30,81.0729769661796,28.366246389643916,7.794551799667926,1.070620993091521,1,1,0,1
2025-08-15 03:28:31,80.65243838910206,27.736967865636448,7.824674485566724,1.104900810647474,1,1,0,1
2025-08-15 03:28:32,80.03646608385843,28.513612085205366,7.78389809637939,1.1394222494457382,1,1,0,1
2025-08-15 03:28:33,81.42638539867038,27.47570904705152,7.803769515220361,1.0715375391419601,1,1,0,1
2025-08-15 03:28:34,80.82018000547353,28.130431019367066,7.7868662130874515,1.1318376877553635,1,1,0,1
2025-08-15 03:28:35,81.20031968254898,28.142629204757988,7.794793819174571,1.0869983129994154,1,1,0,1
2025-08-15 03:28:36,81.75729677839865,27.761332879617736,7.769799175760295,1.1525958440619677,1,1,0,1
2025-08-15 03:28:37,81.18864776527491,28.127318181358305,7.795589235416869,1.0890454216040537,1,1,0,1
2025-08-15 03:28:38,81.14998017244449,28.383855600928047,7.796125892403901,1.0747852104347992,1,1,0,1
2025-08-15 03:28:39,81.38289813840848,27.33495434819378,7.810805758880714,1.1206171535118588,1,1,0,1
2025-08-15 03:28:40,82.03230010674508,28.150823442247244,7.804465618265107,1.086926308111291,1,1,0,1
2025-08-15 03:28:41,81.45621991583599,27.252018753900977,7.776032157500959,1.0747565145761298,1,1,0,1
2025-08-15 03:28:42,81.54105087223738,27.710300558943036,7.8216839648808705,1.0856648044788864,1,1,0,1
2025-08-15 03:28:43,81.78825510413122,28.488749909470283,7.8042060608044395,1.09866180403451,1,1,0,1
2025-08-15 03:28:44,80.97489220207808,27.825465389982384,7.803967870343549,1.1402654039373457,1,1,0,1
2025-08-15 03:28:45,82.27942262652358,27.64783601067731,7.7998163529322975,1.0419773676362127,1,1,0,1
2025-08-15 03:28:46,81.18772528045663,27.940618681304596,7.789644851055556,1.1006924197685126,1,1,0,1
2025-08-15 03:28:47,82.04374153439628,28.620371901449065,7.804356046794974,1.1187471078396214,1,1,0,1
2025-08-15 03:28:48,81.74699843319193,27.450495325838194,7.809511768718571,1.105803457249754,1,1,0,1
2025-08-15 03:28:49,82.67376495902069,27.684607026508196,7.765062086173089,1.1392959550830062,1,1,0,1
2025-08-15 03:28:50,81.78143085739974,28.449229504953887,7.789224783253078,1.0977696401072443,1,1,0,1
2025-08-15 03:28:51,81.92248382961223,28.55731070306132,7.794901060591928,1.0944634567344218,1,1,0,1
2025-08-15 03:28:52,82.07145717124745,27.968970632712914,7.805123412113885,1.1177698864104004,1,1,0,1
2025-08-15 03:28:53,81.76131805741024,27.628284189242006,7.823866220118543,1.1029794144485405,1,1,0,1
2025-08-15 03:28:54,82.66156810674806,28.62875305054275,7.7845651837080645,1.088287737851586,1,1,0,1
2025-08-15 03:28:55,81.5817737763676,28.478332717524758,7.790040763063643,1.1154843211875916,1,1,0,1
2025-08-15 03:28:56,81.62750156569199,28.20368409632867,7.789749317787069,1.0804241512035007,1,1,0,1
2025-08-15 03:28:57,82.4848346083508,27.756279295318773,7.783969448197909,1.0816646854394203,1,1,0,1
2025-08-15 03:28:58,82.90657206901375,27.985291197748587,7.793056270097755,1.0841601793470317,1,1,0,1
2025-08-15 03:28:59,83.10888905384199,27.95189197568655,7.815416044399759,1.1405920748049923,1,1,0,1
2025-08-15 03:29:00,82.83059764003355,28.099255391384673,7.778923290092713,1.0033695093204287,1,1,0,1
2025-08-15 03:29:01,82.96711876145774,28.4353004314394,7.808556287903058,1.1118679650428884,1,1,0,1
2025-08-15 03:29:02,82.6214944106679,28.26382511234122,7.765961955399633,1.1010281544260068,1,1,0,1
2025-08-15 03:29:03,83.23702894626709,27.676787176904572,7.788773240071156,1.0495738862228565,1,1,0,1
2025-08-15 03:29:04,82.12310364805218,28.41294893500586,7.7934102139956405,1.1092918033740802,1,1,0,1
2025-08-15 03:29:05,82.85521236424506,28.093939642003946,7.833497193458281,1.114272559754946,1,1,0,1
2025-08-15 03:29:06,83.19259372493018,28.206119738757675,7.794503953904946,1.117689176940722,1,1,0,1
2025-08-15 03:29:07,83.15454209045254,28.43996225778358,7.755975130530982,1.0204451581086516,1,1,0,1
2025-08-15 03:29:08,83.12253778298394,27.666525925145933,7.760022221862775,1.1409916823556332,1,1,0,1
2025-08-15 03:29:09,83.55950791853309,27.989252326388062,7.800680591726933,1.0778678988594548,1,1,0,1
2025-08-15 03:29:10,82.05286746878852,27.840563634592236,7.812275417115798,1.1205970324025953,1,1,0,1
2025-08-15 03:29:11,83.09883154568233,27.529642172390364,7.807509117152545,1.1222322134204687,1,1,0,1
2025-08-15 03:29:12,82.68973737745502,28.104012993281476,7.80335140211602,1.0736990874314214,1,1,0,1
2025-08-15 03:29:13,82.37274671614678,28.753466965475326,7.823245191950114,1.1198137985705465,1,1,0,1
2025-08-15 03:29:14,83.43114002419847,27.447976676648274,7.789208175585257,1.0884352027726294,1,1,0,1
2025-08-15 03:29:15,84.16499347566652,27.990315816685158,7.817898211120537,1.0378586846198554,1,1,0,1
2025-08-15 03:29:16,83.06273968503301,28.19216288052243,7.767359702299472,1.1350322577658334,1,1,0,1
2025-08-15 03:29:17,83.75586724704984,28.036923460496855,7.7819010433412386,1.0767486511095128,1,1,0,1
2025-08-15 03:29:18,84.40285222057433,27.966061584245278,7.7638591721013634,1.0743651961178584,1,1,0,1
2025-08-15 03:29:19,84.02630230824883,27.610235090966253,7.794503093986604,1.0879080239588985,1,1,0,1
2025-08-15 03:29:20,84.40201297226265,28.06983602288205,7.799074775654673,1.1081671017598218,1,1,0,1
2025-08-15 03:29:21,83.94850608636418,27.772970806895223,7.80228202984453,1.098281887675337,1,1,0,1
2025-08-15 03:29:22,83.83652722317325,27.343023488506432,7.801237667057743,1.1164420077412152,1,1,0,1
2025-08-15 03:29:23,83.09987084518418,28.35837766615412,7.781448933383765,1.0598153190041404,1,1,0,1
2025-08-15 03:29:24,83.92173403143957,28.287515745952614,7.7961951831117355,1.077728408887078,1,1,0,1
2025-08-15 03:29:25,83.18544727114538,28.015498293055323,7.770051066627885,1.096520087830354,1,1,0,1
2025-08-15 03:29:26,84.74217644863947,28.06872240646171,7.8272645795026445,1.1569366187797612,1,1,0,1
2025-08-15 03:29:27,84.02403356055216,28.322295403814667,7.79392747854204,1.0965856238475873,1,1,0,1
2025-08-15 03:29:28,84.25856780368086,28.067301897033424,7.790222277619126,1.132556667909849,1,1,0,1
2025-08-15 03:29:29,84.72531172768417,28.271205266428396,7.831778806568882,1.1011566550635297,1,1,0,1
2025-08-15 03:29:30,84.10678158602613,27.910755339737847,7.775155069329015,1.085490240876873,1,1,0,1
2025-08-15 03:29:31,85.29060498344508,28.393595121572183,7.7774882577193605,1.0925982672765668,1,1,0,1
2025-08-15 03:29:32,83.88451577806288,28.096235717779805,7.778075593502629,1.0949474086391338,1,1,0,1
2025-08-15 03:29:33,84.76395341701665,28.05821558308176,7.79864257236601,1.1181093721688222,1,1,0,1
2025-08-15 03:29:34,84.31694473204499,27.61898167338639,7.808632632592752,1.1412383380272968,1,1,0,1
2025-08-15 03:29:35,83.70880988786729,28.086086756290513,7.814793509362357,1.1107904254305898,1,1,0,1
2025-08-15 03:29:36,84.35285306282847,27.750413524751664,7.851439906349899,1.1356123303622527,1,1,0,1
2025-08-15 03:29:37,84.54879456478925,27.80851518204145,7.755011350915985,1.0710563078711095,1,1,0,1
2025-08-15 03:29:38,84.61671085371752,27.755387311505164,7.812174711782488,1.0875610847355792,1,1,0,1
2025-08-15 03:29:39,84.3548666586618,27.68012952043023,7.788857388548555,1.07827092397377,1,1,0,1
2025-08-15 03:29:40,84.10393175844953,28.637431420905088,7.788271697022225,1.1094333377262457,1,1,0,1
2025-08-15 03:29:41,85.10791906958694,28.399401718596522,7.787604557434922,1.0892312484446176,1,1,0,1
2025-08-15 03:29:42,84.22793663233541,28.57611025064328,7.78182460658384,1.121893188111026,1,1,0,1
2025-08-15 03:29:43,85.42075032469953,27.63313149413333,7.833690496692069,1.0720699486510268,1,1,0,1
2025-08-15 03:29:44,84.94237774070251,28.02137612497327,7.816845946540278,1.1012909291996384,1,1,0,1
2025-08-15 03:29:45,84.85500227842468,27.61194771243877,7.800463919571147,1.1206057373303677,1,1,0,1
2025-08-15 03:29:46,84.78370712786398,27.79129153684088,7.82702031504974,1.0380409167487819,1,1,0,1
2025-08-15 03:29:47,84.67819332358378,27.724561904975026,7.769749420694023,1.163648939219906,1,1,0,1
2025-08-15 03:29:48,85.69700822069248,28.37187520193247,7.773385897373381,1.0915054434536038,1,1,0,1
2025-08-15 03:29:49,85.66877005454528,27.881131096569472,7.756440645356106,1.0392488025897149,1,1,0,1
2025-08-15 03:29:50,84.94964341515666,28.320513800108206,7.786011709197534,1.1047428169573037,1,1,0,1
2025-08-15 03:29:51,85.62403175564555,28.181236266876557,7.8032339705340945,1.1010033040391947,1,1,0,1
2025-08-15 03:29:52,85.30796298683502,28.691091625631437,7.802057171558647,1.0975431686128252,1,1,0,1
2025-08-15 03:29:53,85.2815085468918,27.55616673305808,7.802986838221197,1.1297357333878,1,1,0,1
2025-08-15 03:29:54,85.60236231215704,28.37776997193604,7.771778863378678,1.1224233491428117,1,1,0,1
2025-08-15 03:29:55,85.30215037023177,28.34393226112022,7.8160630948522805,1.1089362857307155,1,1,0,1
2025-08-15 03:29:56,85.79733080121738,27.70798634859189,7.8047925503647795,1.1135046690183996,1,1,0,1
2025-08-15 03:29:57,85.7674667461106,28.302140000941947,7.81466108562932,1.0968692465168575,1,1,0,1
2025-08-15 03:29:58,86.00353870803947,28.10084348890787,7.7621447564481985,1.1532647254772015,1,1,0,1
2025-08-15 03:29:59,86.00882010046583,27.931757122013977,7.806229817175955,1.055624119449267,1,1,0,1
