ID,Channel,StartTime,EndTime,Duration
id_1,channel_12,2004-12-01 20:42:15.429000+00:00,2004-12-08 22:55:45.429000+00:00,612810.0
id_1,channel_13,2004-12-01 20:42:15.429000+00:00,2004-12-08 22:55:45.429000+00:00,612810.0
id_1,channel_14,2004-12-01 20:43:45.429000+00:00,2004-12-02 02:57:15.429000+00:00,22410.0
id_1,channel_15,2004-12-01 20:45:00.429000+00:00,2004-12-02 02:58:45.429000+00:00,22425.0
id_1,channel_16,2004-12-01 20:43:45.429000+00:00,2004-12-16 16:52:30.429000+00:00,1282125.0
id_1,channel_17,2004-12-01 20:45:00.429000+00:00,2004-12-08 22:55:45.429000+00:00,612645.0
id_1,channel_18,2004-12-01 20:45:00.429000+00:00,2004-12-08 22:55:45.429000+00:00,612645.0
id_1,channel_19,2004-12-01 20:47:03.429000+00:00,2004-12-08 22:55:45.429000+00:00,612522.0
id_1,channel_20,2004-12-01 20:45:00.429000+00:00,2004-12-08 22:55:45.429000+00:00,612645.0
id_1,channel_21,2004-12-01 20:45:00.429000+00:00,2004-12-02 02:57:15.429000+00:00,22335.0
id_1,channel_22,2004-12-01 20:45:00.429000+00:00,2004-12-02 02:57:15.429000+00:00,22335.0
id_1,channel_23,2004-12-01 20:45:00.429000+00:00,2004-12-02 02:58:45.429000+00:00,22425.0
id_1,channel_24,2004-12-01 20:43:45.429000+00:00,2004-12-16 16:52:30.429000+00:00,1282125.0
id_1,channel_25,2004-12-01 20:43:45.429000+00:00,2004-12-08 22:55:45.429000+00:00,612720.0
id_1,channel_26,2004-12-01 20:42:15.429000+00:00,2004-12-08 22:55:45.429000+00:00,612810.0
id_1,channel_27,2004-12-01 20:43:45.429000+00:00,2004-12-08 22:55:45.429000+00:00,612720.0
id_1,channel_28,2004-12-01 20:43:45.429000+00:00,2004-12-08 22:55:45.429000+00:00,612720.0
id_1,channel_29,2004-12-01 20:45:00.429000+00:00,2004-12-02 02:57:15.429000+00:00,22335.0
id_1,channel_30,2004-12-01 20:45:00.429000+00:00,2004-12-02 02:58:45.429000+00:00,22425.0
id_1,channel_31,2004-12-01 20:42:15.429000+00:00,2004-12-02 02:57:15.429000+00:00,22500.0
id_1,channel_32,2004-12-01 20:42:15.429000+00:00,2004-12-16 16:52:30.429000+00:00,1282215.0
id_1,channel_33,2004-12-01 20:45:00.429000+00:00,2004-12-16 16:52:30.429000+00:00,1282050.0
id_1,channel_34,2004-12-01 20:45:00.429000+00:00,2004-12-08 22:55:45.429000+00:00,612645.0
id_1,channel_35,2004-12-01 20:45:00.429000+00:00,2004-12-08 22:55:45.429000+00:00,612645.0
id_1,channel_36,2004-12-01 20:43:45.429000+00:00,2004-12-08 22:55:45.429000+00:00,612720.0
id_1,channel_37,2004-12-01 20:43:45.429000+00:00,2004-12-08 22:55:45.429000+00:00,612720.0
id_1,channel_38,2004-12-01 20:43:45.429000+00:00,2004-12-02 02:57:15.429000+00:00,22410.0
id_1,channel_39,2004-12-01 20:45:09.429000+00:00,2004-12-02 02:57:15.429000+00:00,22326.0
id_1,channel_40,2004-12-01 20:43:45.429000+00:00,2004-12-16 16:52:30.429000+00:00,1282125.0
id_1,channel_41,2004-12-02 03:07:17.646000+00:00,2004-12-08 23:35:55.146000+00:00,592117.5
id_1,channel_42,2004-12-02 03:07:17.646000+00:00,2004-12-08 23:35:55.146000+00:00,592117.5
id_1,channel_43,2004-12-02 03:07:17.646000+00:00,2004-12-08 23:35:55.146000+00:00,592117.5
id_1,channel_44,2004-12-02 03:07:17.646000+00:00,2004-12-08 23:35:55.146000+00:00,592117.5
id_1,channel_45,2004-12-02 03:07:17.646000+00:00,2004-12-08 23:35:55.146000+00:00,592117.5
id_1,channel_46,2004-12-02 03:07:17.646000+00:00,2004-12-08 23:27:55.146000+00:00,591637.5
id_1,channel_47,2004-12-02 03:07:55.146000+00:00,2004-12-09 01:48:25.146000+00:00,600030.0
id_1,channel_48,2004-12-02 03:07:55.146000+00:00,2004-12-09 03:22:25.146000+00:00,605670.0
id_1,channel_49,2004-12-02 03:07:55.146000+00:00,2004-12-09 02:51:55.146000+00:00,603840.0
id_1,channel_50,2004-12-02 03:08:37.527000+00:00,2004-12-09 02:47:37.524000+00:00,603539.997
id_1,channel_51,2004-12-02 03:07:07.527000+00:00,2004-12-09 01:35:37.524000+00:00,599309.997
id_1,channel_52,2004-12-02 03:08:37.527000+00:00,2004-12-09 01:17:37.524000+00:00,598139.997
id_1,channel_57,2004-12-01 23:16:32.640000+00:00,2004-12-16 16:52:30.429000+00:00,1272957.789
id_1,channel_58,2004-12-01 23:16:32.640000+00:00,2004-12-16 16:52:30.429000+00:00,1272957.789
id_1,channel_59,2004-12-01 23:16:32.640000+00:00,2004-12-16 16:52:30.429000+00:00,1272957.789
id_1,channel_60,2004-12-01 23:16:32.640000+00:00,2004-12-16 16:52:30.429000+00:00,1272957.789
id_1,channel_70,2004-12-02 02:49:44.256000+00:00,2004-12-08 20:19:44.256000+00:00,581400.0
id_1,channel_71,2004-12-02 09:32:58.140000+00:00,2004-12-09 02:15:28.140000+00:00,578550.0
id_1,channel_72,2004-12-02 02:14:12.015000+00:00,2004-12-08 21:30:42.015000+00:00,587790.0
id_1,channel_73,2004-12-02 05:23:55.890000+00:00,2004-12-08 15:22:55.887000+00:00,554339.997
id_1,channel_74,2004-12-02 02:14:09.765000+00:00,2004-12-09 11:21:09.765000+00:00,637620.0
id_1,channel_75,2004-12-02 13:29:53.640000+00:00,2004-12-08 20:31:23.640000+00:00,543690.0
id_1,channel_76,2004-12-02 01:38:37.515000+00:00,2004-12-09 11:09:07.515000+00:00,639030.0
id_2,channel_14,2001-08-30 06:27:15.570000+00:00,2001-08-30 09:22:45.570000+00:00,10530.0
id_2,channel_21,2001-08-30 06:27:15.570000+00:00,2001-08-30 09:22:45.570000+00:00,10530.0
id_2,channel_29,2001-08-30 06:27:15.570000+00:00,2001-08-30 09:22:45.570000+00:00,10530.0
id_3,channel_14,2001-11-24 17:31:45.561000+00:00,2001-11-25 00:16:45.561000+00:00,24300.0
id_3,channel_21,2001-11-24 17:31:45.561000+00:00,2001-11-24 22:10:45.561000+00:00,16740.0
id_3,channel_29,2001-11-24 17:31:45.561000+00:00,2001-11-24 22:36:15.561000+00:00,18270.0
id_4,channel_14,2000-04-27 20:54:18.621000+00:00,2000-04-28 02:24:18.621000+00:00,19800.0
id_4,channel_21,2000-04-27 20:54:18.621000+00:00,2000-04-28 02:15:18.621000+00:00,19260.0
id_4,channel_29,2000-04-27 20:54:18.621000+00:00,2000-04-28 02:33:18.621000+00:00,20340.0
id_5,channel_14,2001-07-30 18:52:45.573000+00:00,2001-07-30 22:31:45.573000+00:00,13140.0
id_5,channel_21,2001-07-30 18:54:15.573000+00:00,2001-07-31 02:12:15.573000+00:00,26280.0
id_5,channel_29,2001-07-30 18:57:15.573000+00:00,2001-07-30 23:25:45.573000+00:00,16110.0
id_6,channel_14,2001-12-17 07:57:15.558000+00:00,2001-12-17 11:27:15.558000+00:00,12600.0
id_6,channel_21,2001-12-17 07:57:15.558000+00:00,2001-12-17 10:55:45.558000+00:00,10710.0
id_6,channel_29,2001-12-17 08:00:15.558000+00:00,2001-12-17 10:27:15.558000+00:00,8820.0
id_7,channel_14,2002-07-20 17:27:15.534000+00:00,2002-07-20 20:37:45.534000+00:00,11430.0
id_7,channel_21,2002-07-20 17:27:15.534000+00:00,2002-07-20 20:37:45.534000+00:00,11430.0
id_7,channel_29,2002-07-20 17:28:45.534000+00:00,2002-07-20 20:37:45.534000+00:00,11340.0
id_8,channel_14,2003-01-12 15:00:15.513000+00:00,2003-01-12 20:27:15.513000+00:00,19620.0
id_8,channel_21,2003-01-12 14:58:45.513000+00:00,2003-01-12 19:10:45.513000+00:00,15120.0
id_8,channel_29,2003-01-12 15:00:15.513000+00:00,2003-01-12 19:27:15.513000+00:00,16020.0
id_9,channel_14,2003-02-12 07:04:45.510000+00:00,2003-02-12 08:06:15.510000+00:00,3690.0
id_9,channel_21,2003-02-12 07:03:15.510000+00:00,2003-02-12 08:04:45.510000+00:00,3690.0
id_9,channel_29,2003-02-12 07:00:15.510000+00:00,2003-02-12 07:54:15.510000+00:00,3240.0
id_10,channel_12,2005-03-31 08:19:00.414000+00:00,2005-04-01 05:35:57.414000+00:00,76617.0
id_10,channel_13,2005-03-31 08:19:00.414000+00:00,2005-04-01 05:17:57.414000+00:00,75537.0
id_10,channel_16,2005-03-31 14:49:00.414000+00:00,2005-04-09 14:53:57.414000+00:00,777897.0
id_10,channel_17,2005-03-31 08:19:00.414000+00:00,2005-04-01 06:59:57.414000+00:00,81657.0
id_10,channel_18,2005-03-31 08:19:00.414000+00:00,2005-04-01 06:59:57.414000+00:00,81657.0
id_10,channel_19,2005-03-31 08:19:00.414000+00:00,2005-04-01 05:35:57.414000+00:00,76617.0
id_10,channel_20,2005-03-31 08:19:00.414000+00:00,2005-04-01 05:29:57.414000+00:00,76257.0
id_10,channel_24,2005-03-31 16:01:00.414000+00:00,2005-04-08 18:52:27.414000+00:00,701487.0
id_10,channel_25,2005-03-31 08:19:00.414000+00:00,2005-04-01 05:59:57.414000+00:00,78057.0
id_10,channel_26,2005-03-31 08:19:00.414000+00:00,2005-04-01 05:35:57.414000+00:00,76617.0
id_10,channel_27,2005-03-31 08:19:00.414000+00:00,2005-04-01 05:41:57.414000+00:00,76977.0
id_10,channel_28,2005-03-31 08:19:00.414000+00:00,2005-04-01 06:11:57.414000+00:00,78777.0
id_10,channel_32,2005-03-31 15:13:00.414000+00:00,2005-04-09 15:05:57.414000+00:00,777177.0
id_10,channel_33,2005-03-31 16:07:00.414000+00:00,2005-04-09 07:22:27.414000+00:00,746127.0
id_10,channel_34,2005-03-31 08:19:00.414000+00:00,2005-04-01 05:35:57.414000+00:00,76617.0
id_10,channel_35,2005-03-31 08:19:00.414000+00:00,2005-04-01 05:17:57.414000+00:00,75537.0
id_10,channel_36,2005-03-31 08:19:00.414000+00:00,2005-04-01 05:35:57.414000+00:00,76617.0
id_10,channel_37,2005-03-31 08:19:00.414000+00:00,2005-04-01 05:29:57.414000+00:00,76257.0
id_10,channel_40,2005-03-31 13:49:00.414000+00:00,2005-04-09 08:34:27.414000+00:00,758727.0
id_10,channel_41,2005-03-31 08:15:25.131000+00:00,2005-04-01 04:30:07.131000+00:00,72882.0
id_10,channel_42,2005-03-31 08:15:25.131000+00:00,2005-04-01 04:30:07.131000+00:00,72882.0
id_10,channel_43,2005-03-31 08:15:25.131000+00:00,2005-04-01 04:30:07.131000+00:00,72882.0
id_10,channel_44,2005-03-31 08:15:25.131000+00:00,2005-04-01 04:30:07.131000+00:00,72882.0
id_10,channel_45,2005-03-31 08:15:25.131000+00:00,2005-04-01 04:30:07.131000+00:00,72882.0
id_10,channel_46,2005-03-31 08:15:25.131000+00:00,2005-04-01 04:30:07.131000+00:00,72882.0
id_10,channel_47,2005-03-31 08:19:10.131000+00:00,2005-04-04 00:00:00+00:00,315649.869
id_10,channel_48,2005-03-31 08:19:10.131000+00:00,2005-04-04 00:00:00+00:00,315649.869
id_10,channel_49,2005-03-31 08:19:10.131000+00:00,2005-04-04 00:00:00+00:00,315649.869
id_10,channel_50,2005-03-31 08:18:22.509000+00:00,2005-04-04 00:00:00+00:00,315697.491
id_10,channel_51,2005-03-31 08:18:22.509000+00:00,2005-04-04 00:00:00+00:00,315697.491
id_10,channel_52,2005-03-31 08:18:22.509000+00:00,2005-04-04 00:00:00+00:00,315697.491
id_10,channel_70,2005-03-31 08:15:14.241000+00:00,2005-04-01 07:05:56.241000+00:00,82242.0
id_10,channel_71,2005-03-31 08:14:58.125000+00:00,2005-04-01 07:05:40.125000+00:00,82242.0
id_10,channel_72,2005-03-31 08:15:12+00:00,2005-04-01 07:05:54+00:00,82242.0
id_10,channel_73,2005-03-31 08:15:25.872000+00:00,2005-04-01 07:06:07.875000+00:00,82242.003
id_10,channel_74,2005-03-31 08:15:09.750000+00:00,2005-04-01 07:05:51.750000+00:00,82242.0
id_10,channel_75,2005-03-31 08:15:23.625000+00:00,2005-04-01 07:06:05.625000+00:00,82242.0
id_10,channel_76,2005-03-31 08:15:07.500000+00:00,2005-04-01 07:05:49.500000+00:00,82242.0
id_11,channel_12,2012-04-20 23:00:00.042000+00:00,2012-04-21 10:27:00.042000+00:00,41220.0
id_11,channel_13,2012-04-20 23:39:00.042000+00:00,2012-04-21 08:39:00.042000+00:00,32400.0
id_11,channel_17,2012-04-20 22:21:00.042000+00:00,2012-04-21 10:12:00.042000+00:00,42660.0
id_11,channel_18,2012-04-20 23:00:00.042000+00:00,2012-04-21 10:27:00.042000+00:00,41220.0
id_11,channel_19,2012-04-20 23:42:00.042000+00:00,2012-04-21 09:21:00.042000+00:00,34740.0
id_11,channel_20,2012-04-20 23:30:00.042000+00:00,2012-04-21 09:45:00.042000+00:00,36900.0
id_11,channel_25,2012-04-20 23:33:00.042000+00:00,2012-04-21 08:57:00.042000+00:00,33840.0
id_11,channel_26,2012-04-20 22:09:00.042000+00:00,2012-04-21 10:27:00.042000+00:00,44280.0
id_11,channel_27,2012-04-20 23:18:00.042000+00:00,2012-04-21 09:48:00.042000+00:00,37800.0
id_11,channel_27,2012-04-21 10:18:00.042000+00:00,2012-04-21 10:18:00.042000+00:00,0.0
id_11,channel_28,2012-04-20 23:21:00.042000+00:00,2012-04-21 09:57:00.042000+00:00,38160.0
id_11,channel_34,2012-04-20 23:00:00.042000+00:00,2012-04-21 09:21:00.042000+00:00,37260.0
id_11,channel_35,2012-04-20 23:00:00.042000+00:00,2012-04-21 09:03:00.042000+00:00,36180.0
id_11,channel_36,2012-04-20 23:00:00.042000+00:00,2012-04-21 09:09:00.042000+00:00,36540.0
id_11,channel_37,2012-04-20 23:00:00.042000+00:00,2012-04-21 09:21:00.042000+00:00,37260.0
id_11,channel_47,2012-04-20 23:00:09.762000+00:00,2012-04-21 10:27:09.762000+00:00,41220.0
id_11,channel_48,2012-04-20 23:00:09.762000+00:00,2012-04-21 10:27:09.762000+00:00,41220.0
id_11,channel_49,2012-04-20 23:00:09.762000+00:00,2012-04-21 10:27:09.762000+00:00,41220.0
id_11,channel_50,2012-04-20 23:00:52.140000+00:00,2012-04-21 10:27:52.140000+00:00,41220.0
id_11,channel_51,2012-04-20 23:00:52.140000+00:00,2012-04-21 10:27:52.140000+00:00,41220.0
id_11,channel_52,2012-04-20 23:00:52.140000+00:00,2012-04-21 10:27:52.140000+00:00,41220.0
id_12,channel_12,2003-12-31 02:31:45.471000+00:00,2004-01-01 10:24:15.471000+00:00,114750.0
id_12,channel_13,2003-12-31 02:03:15.471000+00:00,2004-01-01 10:03:15.471000+00:00,115200.0
id_12,channel_16,2003-12-31 12:22:45.471000+00:00,2004-01-08 12:00:00+00:00,689834.529
id_12,channel_17,2003-12-31 03:09:15.471000+00:00,2004-01-01 15:04:45.471000+00:00,129330.0
id_12,channel_18,2003-12-31 05:40:45.471000+00:00,2004-01-01 09:21:15.471000+00:00,99630.0
id_12,channel_19,2003-12-31 03:09:15.471000+00:00,2004-01-01 09:45:15.471000+00:00,110160.0
id_12,channel_20,2003-12-31 03:09:15.471000+00:00,2004-01-01 09:48:15.471000+00:00,110340.0
id_12,channel_24,2003-12-31 12:22:45.471000+00:00,2004-01-08 12:00:00+00:00,689834.529
id_12,channel_25,2003-12-31 03:09:15.471000+00:00,2004-01-01 09:51:15.471000+00:00,110520.0
id_12,channel_26,2003-12-31 03:09:15.471000+00:00,2004-01-01 11:16:45.471000+00:00,115650.0
id_12,channel_27,2003-12-31 04:10:45.471000+00:00,2004-01-01 10:04:45.471000+00:00,107640.0
id_12,channel_28,2003-12-31 03:34:45.471000+00:00,2004-01-01 09:19:45.471000+00:00,107100.0
id_12,channel_32,2003-12-31 16:51:15.471000+00:00,2004-01-08 12:00:00+00:00,673724.529
id_12,channel_33,2003-12-31 13:06:15.471000+00:00,2004-01-08 12:00:00+00:00,687224.529
id_12,channel_34,2003-12-31 03:09:15.471000+00:00,2004-01-01 10:36:15.471000+00:00,113220.0
id_12,channel_35,2003-12-31 03:09:15.471000+00:00,2004-01-01 09:54:15.471000+00:00,110700.0
id_12,channel_36,2003-12-31 04:42:15.471000+00:00,2004-01-01 10:43:45.471000+00:00,108090.0
id_12,channel_37,2003-12-31 02:55:45.471000+00:00,2004-01-01 10:51:15.471000+00:00,114930.0
id_12,channel_39,2003-12-31 19:22:45.471000+00:00,2004-01-01 15:00:15.471000+00:00,70650.0
id_12,channel_40,2003-12-31 14:39:15.471000+00:00,2004-01-08 12:00:00+00:00,681644.529
id_12,channel_41,2003-12-30 20:31:55.191000+00:00,2003-12-30 20:31:55.191000+00:00,0.0
id_12,channel_42,2003-12-30 20:31:55.191000+00:00,2003-12-30 20:31:55.191000+00:00,0.0
id_12,channel_43,2003-12-30 20:31:55.191000+00:00,2003-12-30 20:31:55.191000+00:00,0.0
id_12,channel_44,2003-12-30 20:31:55.191000+00:00,2003-12-30 20:31:55.191000+00:00,0.0
id_12,channel_45,2003-12-30 20:31:55.191000+00:00,2003-12-30 20:31:55.191000+00:00,0.0
id_12,channel_46,2003-12-30 20:31:55.191000+00:00,2003-12-30 20:31:55.191000+00:00,0.0
id_12,channel_47,2003-12-31 03:09:25.191000+00:00,2004-01-04 00:00:00+00:00,334234.809
id_12,channel_48,2003-12-31 03:09:25.191000+00:00,2004-01-04 00:00:00+00:00,334234.809
id_12,channel_49,2003-12-31 03:09:25.191000+00:00,2004-01-04 00:00:00+00:00,334234.809
id_12,channel_50,2003-12-31 03:10:07.569000+00:00,2004-01-04 00:00:00+00:00,334192.431
id_12,channel_51,2003-12-31 03:10:07.569000+00:00,2004-01-04 00:00:00+00:00,334192.431
id_12,channel_52,2003-12-31 03:10:07.569000+00:00,2004-01-04 00:00:00+00:00,334192.431
id_12,channel_57,2003-12-31 09:47:02.682000+00:00,2004-01-03 01:45:02.682000+00:00,230280.0
id_12,channel_58,2003-12-31 08:56:32.682000+00:00,2004-01-03 01:56:32.682000+00:00,234000.0
id_13,channel_12,2003-12-18 14:30:15.474000+00:00,2003-12-19 13:13:45.474000+00:00,81810.0
id_13,channel_13,2003-12-18 14:30:15.474000+00:00,2003-12-19 13:30:15.474000+00:00,82800.0
id_13,channel_16,2003-12-19 04:10:45.474000+00:00,2003-12-20 15:01:45.474000+00:00,125460.0
id_13,channel_17,2003-12-18 16:46:45.474000+00:00,2003-12-19 11:10:45.474000+00:00,66240.0
id_13,channel_18,2003-12-18 16:22:45.474000+00:00,2003-12-19 10:51:15.474000+00:00,66510.0
id_13,channel_19,2003-12-18 14:30:15.474000+00:00,2003-12-19 12:12:15.474000+00:00,78120.0
id_13,channel_20,2003-12-18 14:30:15.474000+00:00,2003-12-19 11:52:45.474000+00:00,76950.0
id_13,channel_24,2003-12-18 23:46:45.474000+00:00,2003-12-20 04:40:45.474000+00:00,104040.0
id_13,channel_25,2003-12-18 14:30:15.474000+00:00,2003-12-19 11:07:45.474000+00:00,74250.0
id_13,channel_26,2003-12-18 14:30:15.474000+00:00,2003-12-19 10:13:45.474000+00:00,71010.0
id_13,channel_27,2003-12-18 14:30:15.474000+00:00,2003-12-19 11:40:45.474000+00:00,76230.0
id_13,channel_28,2003-12-18 14:30:15.474000+00:00,2003-12-19 11:27:15.474000+00:00,75420.0
id_13,channel_32,2003-12-19 00:46:45.474000+00:00,2003-12-20 08:54:15.474000+00:00,115650.0
id_13,channel_33,2003-12-18 23:40:45.474000+00:00,2003-12-20 09:12:15.474000+00:00,120690.0
id_13,channel_34,2003-12-18 14:30:15.474000+00:00,2003-12-19 12:28:45.474000+00:00,79110.0
id_13,channel_35,2003-12-18 14:30:15.474000+00:00,2003-12-19 11:55:45.474000+00:00,77130.0
id_13,channel_36,2003-12-18 14:30:15.474000+00:00,2003-12-19 12:12:15.474000+00:00,78120.0
id_13,channel_37,2003-12-18 14:30:15.474000+00:00,2003-12-19 12:52:45.474000+00:00,80550.0
id_13,channel_40,2003-12-18 22:48:15.474000+00:00,2003-12-19 18:49:45.474000+00:00,72090.0
id_13,channel_47,2003-12-18 14:30:25.191000+00:00,2003-12-20 11:59:55.191000+00:00,163770.0
id_13,channel_48,2003-12-18 14:30:25.191000+00:00,2003-12-20 11:59:55.191000+00:00,163770.0
id_13,channel_49,2003-12-18 14:30:25.191000+00:00,2003-12-20 11:59:55.191000+00:00,163770.0
id_13,channel_50,2003-12-18 14:31:07.569000+00:00,2003-12-20 11:59:37.569000+00:00,163710.0
id_13,channel_51,2003-12-18 14:31:07.569000+00:00,2003-12-20 11:59:37.569000+00:00,163710.0
id_13,channel_52,2003-12-18 14:31:07.569000+00:00,2003-12-20 11:59:37.569000+00:00,163710.0
id_13,channel_57,2003-12-19 02:16:02.685000+00:00,2003-12-20 14:30:02.685000+00:00,130440.0
id_13,channel_58,2003-12-19 02:07:32.685000+00:00,2003-12-20 16:04:02.685000+00:00,136590.0
id_13,channel_59,2003-12-19 02:07:32.685000+00:00,2003-12-20 16:37:02.685000+00:00,138570.0
id_13,channel_60,2003-12-19 03:05:02.685000+00:00,2003-12-20 18:23:32.685000+00:00,141510.0
id_14,channel_14,2013-06-30 19:36:39.687000+00:00,2013-07-24 13:05:59.964000+00:00,2050160.277
id_14,channel_15,2013-06-30 19:36:39.687000+00:00,2013-07-21 13:05:59.964000+00:00,1790960.277
id_14,channel_16,2013-06-30 19:36:39.687000+00:00,2013-07-21 13:05:59.964000+00:00,1790960.277
id_14,channel_21,2013-06-30 19:36:39.687000+00:00,2013-07-24 13:05:59.964000+00:00,2050160.277
id_14,channel_22,2013-06-30 19:36:39.687000+00:00,2013-07-24 13:05:59.964000+00:00,2050160.277
id_14,channel_23,2013-06-30 19:36:39.687000+00:00,2013-07-22 02:08:59.964000+00:00,1837940.277
id_14,channel_24,2013-06-30 19:36:39.687000+00:00,2013-07-21 13:05:59.964000+00:00,1790960.277
id_14,channel_29,2013-06-30 19:36:39.687000+00:00,2013-07-21 13:05:59.964000+00:00,1790960.277
id_14,channel_30,2013-06-30 19:36:39.687000+00:00,2013-07-21 13:05:59.964000+00:00,1790960.277
id_14,channel_31,2013-06-30 19:36:39.687000+00:00,2013-07-21 13:05:59.964000+00:00,1790960.277
id_14,channel_32,2013-06-30 19:36:39.687000+00:00,2013-07-21 13:05:59.964000+00:00,1790960.277
id_14,channel_33,2013-06-30 19:36:39.687000+00:00,2013-07-21 13:05:59.964000+00:00,1790960.277
id_14,channel_38,2013-06-30 19:36:39.687000+00:00,2013-07-21 13:05:59.964000+00:00,1790960.277
id_14,channel_39,2013-06-30 19:36:39.687000+00:00,2013-07-21 13:05:59.964000+00:00,1790960.277
id_14,channel_40,2013-06-30 19:36:39.687000+00:00,2013-07-21 13:05:59.964000+00:00,1790960.277
id_14,channel_41,2013-06-30 19:36:39.687000+00:00,2013-07-20 16:49:09.684000+00:00,1717949.997
id_14,channel_42,2013-06-30 19:36:39.687000+00:00,2013-07-20 16:49:09.684000+00:00,1717949.997
id_14,channel_43,2013-06-30 19:36:39.687000+00:00,2013-07-20 16:49:09.684000+00:00,1717949.997
id_14,channel_44,2013-06-30 19:36:39.687000+00:00,2013-07-20 16:49:09.684000+00:00,1717949.997
id_14,channel_45,2013-06-30 19:36:39.687000+00:00,2013-07-20 16:49:09.684000+00:00,1717949.997
id_14,channel_46,2013-06-30 19:36:39.687000+00:00,2013-07-20 16:49:09.684000+00:00,1717949.997
id_14,channel_47,2013-06-30 19:36:39.687000+00:00,2013-07-20 19:25:39.684000+00:00,1727339.997
id_14,channel_48,2013-06-30 19:36:39.687000+00:00,2013-07-20 19:01:09.684000+00:00,1725869.997
id_14,channel_49,2013-06-30 19:36:39.687000+00:00,2013-07-20 19:21:39.684000+00:00,1727099.997
id_14,channel_50,2013-06-30 19:36:39.687000+00:00,2013-07-20 19:57:52.062000+00:00,1729272.375
id_14,channel_51,2013-06-30 19:36:39.687000+00:00,2013-07-20 20:18:52.062000+00:00,1730532.375
id_14,channel_52,2013-06-30 19:36:39.687000+00:00,2013-07-20 19:50:22.059000+00:00,1728822.372
id_15,channel_41,2007-04-25 15:00:25.035000+00:00,2007-04-25 15:02:55.035000+00:00,150.0
id_15,channel_41,2007-04-25 18:00:25.035000+00:00,2007-04-25 18:02:55.035000+00:00,150.0
id_15,channel_41,2007-04-25 21:00:25.035000+00:00,2007-04-25 21:02:55.035000+00:00,150.0
id_15,channel_41,2007-04-26 00:00:25.035000+00:00,2007-04-26 00:02:55.035000+00:00,150.0
id_15,channel_42,2007-04-25 15:00:25.035000+00:00,2007-04-25 15:02:55.035000+00:00,150.0
id_15,channel_42,2007-04-25 18:00:25.035000+00:00,2007-04-25 18:02:55.035000+00:00,150.0
id_15,channel_42,2007-04-25 21:00:25.035000+00:00,2007-04-25 21:02:55.035000+00:00,150.0
id_15,channel_42,2007-04-26 00:00:25.035000+00:00,2007-04-26 00:02:55.035000+00:00,150.0
id_15,channel_43,2007-04-25 15:00:25.035000+00:00,2007-04-25 15:02:55.035000+00:00,150.0
id_15,channel_43,2007-04-25 18:00:25.035000+00:00,2007-04-25 18:02:55.035000+00:00,150.0
id_15,channel_43,2007-04-25 21:00:25.035000+00:00,2007-04-25 21:02:55.035000+00:00,150.0
id_15,channel_43,2007-04-26 00:00:25.035000+00:00,2007-04-26 00:02:55.035000+00:00,150.0
id_15,channel_44,2007-04-25 15:00:25.035000+00:00,2007-04-25 15:02:55.035000+00:00,150.0
id_15,channel_44,2007-04-25 18:00:25.035000+00:00,2007-04-25 18:02:55.035000+00:00,150.0
id_15,channel_44,2007-04-25 21:00:25.035000+00:00,2007-04-25 21:02:55.035000+00:00,150.0
id_15,channel_44,2007-04-26 00:00:25.035000+00:00,2007-04-26 00:02:55.035000+00:00,150.0
id_15,channel_45,2007-04-25 15:00:25.035000+00:00,2007-04-25 15:02:55.035000+00:00,150.0
id_15,channel_45,2007-04-25 18:00:25.035000+00:00,2007-04-25 18:02:55.035000+00:00,150.0
id_15,channel_45,2007-04-25 21:00:25.035000+00:00,2007-04-25 21:02:55.035000+00:00,150.0
id_15,channel_45,2007-04-26 00:00:25.035000+00:00,2007-04-26 00:02:55.035000+00:00,150.0
id_15,channel_46,2007-04-25 15:00:25.035000+00:00,2007-04-25 15:02:55.035000+00:00,150.0
id_15,channel_46,2007-04-25 18:00:25.035000+00:00,2007-04-25 18:02:55.035000+00:00,150.0
id_15,channel_46,2007-04-25 21:00:25.035000+00:00,2007-04-25 21:02:55.035000+00:00,150.0
id_15,channel_46,2007-04-26 00:00:25.035000+00:00,2007-04-26 00:02:55.035000+00:00,150.0
id_15,channel_47,2007-04-25 21:01:55.035000+00:00,2007-04-25 21:13:25.035000+00:00,690.0
id_15,channel_47,2007-04-26 00:01:25.035000+00:00,2007-04-26 00:17:55.035000+00:00,990.0
id_15,channel_48,2007-04-25 21:02:25.035000+00:00,2007-04-25 21:12:55.035000+00:00,630.0
id_15,channel_48,2007-04-26 00:01:55.035000+00:00,2007-04-26 00:11:25.035000+00:00,570.0
id_15,channel_49,2007-04-25 21:02:25.035000+00:00,2007-04-25 21:11:25.035000+00:00,540.0
id_15,channel_49,2007-04-26 00:02:25.035000+00:00,2007-04-26 00:12:55.035000+00:00,630.0
id_15,channel_50,2007-04-25 21:02:07.410000+00:00,2007-04-25 21:09:37.413000+00:00,450.003
id_15,channel_50,2007-04-26 00:02:07.410000+00:00,2007-04-26 00:11:07.410000+00:00,540.0
id_15,channel_51,2007-04-25 21:00:37.413000+00:00,2007-04-25 21:12:37.413000+00:00,720.0
id_15,channel_51,2007-04-26 00:03:37.413000+00:00,2007-04-26 00:11:07.410000+00:00,449.997
id_15,channel_52,2007-04-25 21:03:37.413000+00:00,2007-04-25 21:09:37.413000+00:00,360.0
id_15,channel_52,2007-04-25 23:57:37.413000+00:00,2007-04-26 00:12:37.413000+00:00,900.0
id_16,channel_41,2005-07-07 22:55:07.119000+00:00,2005-07-07 23:42:07.119000+00:00,2820.0
id_16,channel_42,2005-07-07 22:56:07.119000+00:00,2005-07-07 23:42:07.119000+00:00,2760.0
id_16,channel_43,2005-07-07 22:55:07.119000+00:00,2005-07-07 23:42:07.119000+00:00,2820.0
id_16,channel_44,2005-07-07 22:55:07.119000+00:00,2005-07-07 23:42:07.119000+00:00,2820.0
id_16,channel_45,2005-07-07 22:54:37.119000+00:00,2005-07-07 23:42:07.119000+00:00,2850.0
id_16,channel_46,2005-07-07 22:55:07.119000+00:00,2005-07-07 23:42:07.119000+00:00,2820.0
id_16,channel_47,2005-07-07 22:58:07.119000+00:00,2005-07-07 23:49:07.119000+00:00,3060.0
id_16,channel_48,2005-07-07 22:56:07.119000+00:00,2005-07-08 00:02:37.119000+00:00,3990.0
id_16,channel_49,2005-07-07 22:55:37.119000+00:00,2005-07-08 00:02:37.119000+00:00,4020.0
id_16,channel_50,2005-07-07 22:57:49.500000+00:00,2005-07-07 23:50:19.500000+00:00,3150.0
id_16,channel_51,2005-07-07 22:54:49.500000+00:00,2005-07-08 00:05:19.500000+00:00,4230.0
id_16,channel_52,2005-07-07 22:57:49.500000+00:00,2005-07-08 00:00:49.500000+00:00,3780.0
id_17,channel_12,2005-01-16 21:45:00.423000+00:00,2005-01-16 23:59:57.423000+00:00,8097.0
id_17,channel_12,2005-01-17 03:22:45.423000+00:00,2005-01-17 03:37:45.423000+00:00,900.0
id_17,channel_12,2005-01-17 16:39:15.423000+00:00,2005-01-17 17:12:15.423000+00:00,1980.0
id_17,channel_12,2005-01-18 06:12:15.423000+00:00,2005-01-18 06:49:45.423000+00:00,2250.0
id_17,channel_12,2005-01-18 19:39:15.423000+00:00,2005-01-18 20:13:45.423000+00:00,2070.0
id_17,channel_12,2005-01-19 03:45:09.423000+00:00,2005-01-19 06:00:15.423000+00:00,8106.0
id_17,channel_12,2005-01-19 12:45:00.423000+00:00,2005-01-19 15:00:15.423000+00:00,8115.0
id_17,channel_13,2005-01-16 21:45:00.423000+00:00,2005-01-16 23:59:57.423000+00:00,8097.0
id_17,channel_13,2005-01-17 03:04:45.423000+00:00,2005-01-17 03:55:45.423000+00:00,3060.0
id_17,channel_13,2005-01-17 16:40:45.423000+00:00,2005-01-17 17:13:45.423000+00:00,1980.0
id_17,channel_13,2005-01-18 06:06:15.423000+00:00,2005-01-18 06:54:15.423000+00:00,2880.0
id_17,channel_13,2005-01-18 19:39:15.423000+00:00,2005-01-18 20:21:15.423000+00:00,2520.0
id_17,channel_13,2005-01-19 03:45:09.423000+00:00,2005-01-19 06:00:15.423000+00:00,8106.0
id_17,channel_13,2005-01-19 12:45:00.423000+00:00,2005-01-19 15:00:15.423000+00:00,8115.0
id_17,channel_14,2005-01-16 21:45:00.423000+00:00,2005-01-16 23:59:57.423000+00:00,8097.0
id_17,channel_14,2005-01-19 03:45:09.423000+00:00,2005-01-19 06:00:15.423000+00:00,8106.0
id_17,channel_14,2005-01-19 12:45:00.423000+00:00,2005-01-19 15:00:15.423000+00:00,8115.0
id_17,channel_15,2005-01-16 21:45:00.423000+00:00,2005-01-16 23:59:57.423000+00:00,8097.0
id_17,channel_15,2005-01-19 03:45:09.423000+00:00,2005-01-19 06:00:15.423000+00:00,8106.0
id_17,channel_15,2005-01-19 12:45:00.423000+00:00,2005-01-19 15:00:15.423000+00:00,8115.0
id_17,channel_16,2005-01-16 21:45:00.423000+00:00,2005-01-16 23:59:57.423000+00:00,8097.0
id_17,channel_16,2005-01-19 03:45:09.423000+00:00,2005-01-19 06:00:15.423000+00:00,8106.0
id_17,channel_16,2005-01-19 12:45:00.423000+00:00,2005-01-19 15:00:15.423000+00:00,8115.0
id_17,channel_17,2005-01-16 21:45:00.423000+00:00,2005-01-16 23:59:57.423000+00:00,8097.0
id_17,channel_17,2005-01-17 03:04:45.423000+00:00,2005-01-17 03:57:15.423000+00:00,3150.0
id_17,channel_17,2005-01-17 16:33:15.423000+00:00,2005-01-17 17:22:45.423000+00:00,2970.0
id_17,channel_17,2005-01-18 06:03:15.423000+00:00,2005-01-18 06:42:15.423000+00:00,2340.0
id_17,channel_17,2005-01-18 19:34:45.423000+00:00,2005-01-18 20:21:15.423000+00:00,2790.0
id_17,channel_17,2005-01-19 03:45:09.423000+00:00,2005-01-19 06:00:15.423000+00:00,8106.0
id_17,channel_17,2005-01-19 12:45:00.423000+00:00,2005-01-19 15:00:15.423000+00:00,8115.0
id_17,channel_18,2005-01-16 21:45:00.423000+00:00,2005-01-16 23:59:57.423000+00:00,8097.0
id_17,channel_18,2005-01-17 03:03:15.423000+00:00,2005-01-17 03:42:15.423000+00:00,2340.0
id_17,channel_18,2005-01-17 16:52:45.423000+00:00,2005-01-17 17:22:45.423000+00:00,1800.0
id_17,channel_18,2005-01-18 06:04:45.423000+00:00,2005-01-18 06:51:15.423000+00:00,2790.0
id_17,channel_18,2005-01-18 19:36:15.423000+00:00,2005-01-18 20:06:15.423000+00:00,1800.0
id_17,channel_18,2005-01-19 03:45:09.423000+00:00,2005-01-19 06:00:15.423000+00:00,8106.0
id_17,channel_18,2005-01-19 12:45:00.423000+00:00,2005-01-19 15:00:15.423000+00:00,8115.0
id_17,channel_19,2005-01-16 21:45:00.423000+00:00,2005-01-16 23:59:57.423000+00:00,8097.0
id_17,channel_19,2005-01-17 03:01:45.423000+00:00,2005-01-17 03:43:45.423000+00:00,2520.0
id_17,channel_19,2005-01-17 16:31:45.423000+00:00,2005-01-17 17:15:15.423000+00:00,2610.0
id_17,channel_19,2005-01-18 06:04:45.423000+00:00,2005-01-18 06:46:45.423000+00:00,2520.0
id_17,channel_19,2005-01-18 19:37:45.423000+00:00,2005-01-18 20:19:45.423000+00:00,2520.0
id_17,channel_19,2005-01-19 03:45:09.423000+00:00,2005-01-19 06:00:15.423000+00:00,8106.0
id_17,channel_19,2005-01-19 12:45:00.423000+00:00,2005-01-19 15:00:15.423000+00:00,8115.0
id_17,channel_20,2005-01-16 21:45:00.423000+00:00,2005-01-16 23:59:57.423000+00:00,8097.0
id_17,channel_20,2005-01-17 03:06:15.423000+00:00,2005-01-17 03:52:45.423000+00:00,2790.0
id_17,channel_20,2005-01-17 16:31:45.423000+00:00,2005-01-17 17:34:45.423000+00:00,3780.0
id_17,channel_20,2005-01-18 06:03:15.423000+00:00,2005-01-18 07:06:15.423000+00:00,3780.0
id_17,channel_20,2005-01-18 19:33:15.423000+00:00,2005-01-18 20:36:15.423000+00:00,3780.0
id_17,channel_20,2005-01-19 03:45:09.423000+00:00,2005-01-19 06:00:15.423000+00:00,8106.0
id_17,channel_20,2005-01-19 12:45:00.423000+00:00,2005-01-19 15:00:15.423000+00:00,8115.0
id_17,channel_21,2005-01-16 21:45:00.423000+00:00,2005-01-16 23:59:57.423000+00:00,8097.0
id_17,channel_21,2005-01-19 03:45:09.423000+00:00,2005-01-19 06:00:15.423000+00:00,8106.0
id_17,channel_21,2005-01-19 12:45:00.423000+00:00,2005-01-19 15:00:15.423000+00:00,8115.0
id_17,channel_22,2005-01-16 21:45:00.423000+00:00,2005-01-16 23:59:57.423000+00:00,8097.0
id_17,channel_22,2005-01-19 03:45:09.423000+00:00,2005-01-19 06:00:15.423000+00:00,8106.0
id_17,channel_22,2005-01-19 12:45:00.423000+00:00,2005-01-19 15:00:15.423000+00:00,8115.0
id_17,channel_23,2005-01-16 21:45:00.423000+00:00,2005-01-16 23:59:57.423000+00:00,8097.0
id_17,channel_23,2005-01-19 03:45:09.423000+00:00,2005-01-19 06:00:15.423000+00:00,8106.0
id_17,channel_23,2005-01-19 12:45:00.423000+00:00,2005-01-19 15:00:15.423000+00:00,8115.0
id_17,channel_24,2005-01-16 21:45:00.423000+00:00,2005-01-16 23:59:57.423000+00:00,8097.0
id_17,channel_24,2005-01-19 03:45:09.423000+00:00,2005-01-19 06:00:15.423000+00:00,8106.0
id_17,channel_24,2005-01-19 12:45:00.423000+00:00,2005-01-19 15:00:15.423000+00:00,8115.0
id_17,channel_25,2005-01-16 21:45:00.423000+00:00,2005-01-16 23:59:57.423000+00:00,8097.0
id_17,channel_25,2005-01-17 03:09:15.423000+00:00,2005-01-17 03:45:15.423000+00:00,2160.0
id_17,channel_25,2005-01-17 16:30:15.423000+00:00,2005-01-17 17:07:45.423000+00:00,2250.0
id_17,channel_25,2005-01-18 06:04:45.423000+00:00,2005-01-18 06:33:15.423000+00:00,1710.0
id_17,channel_25,2005-01-18 19:37:45.423000+00:00,2005-01-18 20:15:15.423000+00:00,2250.0
id_17,channel_25,2005-01-19 03:45:09.423000+00:00,2005-01-19 06:00:15.423000+00:00,8106.0
id_17,channel_25,2005-01-19 12:45:00.423000+00:00,2005-01-19 15:00:15.423000+00:00,8115.0
id_17,channel_26,2005-01-16 21:45:00.423000+00:00,2005-01-16 23:59:57.423000+00:00,8097.0
id_17,channel_26,2005-01-17 03:09:15.423000+00:00,2005-01-17 03:54:15.423000+00:00,2700.0
id_17,channel_26,2005-01-17 16:37:45.423000+00:00,2005-01-17 17:15:15.423000+00:00,2250.0
id_17,channel_26,2005-01-18 06:12:15.423000+00:00,2005-01-18 06:58:45.423000+00:00,2790.0
id_17,channel_26,2005-01-18 19:49:45.423000+00:00,2005-01-18 20:19:45.423000+00:00,1800.0
id_17,channel_26,2005-01-19 03:45:09.423000+00:00,2005-01-19 06:00:15.423000+00:00,8106.0
id_17,channel_26,2005-01-19 12:45:00.423000+00:00,2005-01-19 15:00:15.423000+00:00,8115.0
id_17,channel_27,2005-01-16 21:45:00.423000+00:00,2005-01-16 23:59:57.423000+00:00,8097.0
id_17,channel_27,2005-01-17 03:09:15.423000+00:00,2005-01-17 03:37:45.423000+00:00,1710.0
id_17,channel_27,2005-01-17 16:31:45.423000+00:00,2005-01-17 17:18:15.423000+00:00,2790.0
id_17,channel_27,2005-01-18 06:04:45.423000+00:00,2005-01-18 06:57:15.423000+00:00,3150.0
id_17,channel_27,2005-01-18 19:33:15.423000+00:00,2005-01-18 20:33:15.423000+00:00,3600.0
id_17,channel_27,2005-01-19 03:45:09.423000+00:00,2005-01-19 06:00:15.423000+00:00,8106.0
id_17,channel_27,2005-01-19 12:45:00.423000+00:00,2005-01-19 15:00:15.423000+00:00,8115.0
id_17,channel_28,2005-01-16 21:45:00.423000+00:00,2005-01-16 23:59:57.423000+00:00,8097.0
id_17,channel_28,2005-01-17 03:09:15.423000+00:00,2005-01-17 03:42:15.423000+00:00,1980.0
id_17,channel_28,2005-01-17 16:34:45.423000+00:00,2005-01-17 17:07:45.423000+00:00,1980.0
id_17,channel_28,2005-01-18 06:03:15.423000+00:00,2005-01-18 06:40:45.423000+00:00,2250.0
id_17,channel_28,2005-01-18 19:33:15.423000+00:00,2005-01-18 20:15:15.423000+00:00,2520.0
id_17,channel_28,2005-01-19 03:45:09.423000+00:00,2005-01-19 06:00:15.423000+00:00,8106.0
id_17,channel_28,2005-01-19 12:45:00.423000+00:00,2005-01-19 15:00:15.423000+00:00,8115.0
id_17,channel_29,2005-01-16 21:45:00.423000+00:00,2005-01-16 23:59:57.423000+00:00,8097.0
id_17,channel_29,2005-01-19 03:45:09.423000+00:00,2005-01-19 06:00:15.423000+00:00,8106.0
id_17,channel_29,2005-01-19 12:45:00.423000+00:00,2005-01-19 15:00:15.423000+00:00,8115.0
id_17,channel_30,2005-01-16 21:45:00.423000+00:00,2005-01-16 23:59:57.423000+00:00,8097.0
id_17,channel_30,2005-01-19 03:45:09.423000+00:00,2005-01-19 06:00:15.423000+00:00,8106.0
id_17,channel_30,2005-01-19 12:45:00.423000+00:00,2005-01-19 15:00:15.423000+00:00,8115.0
id_17,channel_31,2005-01-16 21:45:00.423000+00:00,2005-01-16 23:59:57.423000+00:00,8097.0
id_17,channel_31,2005-01-19 03:45:09.423000+00:00,2005-01-19 06:00:15.423000+00:00,8106.0
id_17,channel_31,2005-01-19 12:45:00.423000+00:00,2005-01-19 15:00:15.423000+00:00,8115.0
id_17,channel_32,2005-01-16 21:45:00.423000+00:00,2005-01-16 23:59:57.423000+00:00,8097.0
id_17,channel_32,2005-01-19 03:45:09.423000+00:00,2005-01-19 06:00:15.423000+00:00,8106.0
id_17,channel_32,2005-01-19 12:45:00.423000+00:00,2005-01-19 15:00:15.423000+00:00,8115.0
id_17,channel_33,2005-01-16 21:45:00.423000+00:00,2005-01-16 23:59:57.423000+00:00,8097.0
id_17,channel_33,2005-01-19 03:45:09.423000+00:00,2005-01-19 06:00:15.423000+00:00,8106.0
id_17,channel_33,2005-01-19 12:45:00.423000+00:00,2005-01-19 15:00:15.423000+00:00,8115.0
id_17,channel_34,2005-01-16 21:45:00.423000+00:00,2005-01-16 23:59:57.423000+00:00,8097.0
id_17,channel_34,2005-01-17 03:01:45.423000+00:00,2005-01-17 03:42:15.423000+00:00,2430.0
id_17,channel_34,2005-01-17 16:31:45.423000+00:00,2005-01-17 17:24:15.423000+00:00,3150.0
id_17,channel_34,2005-01-18 05:57:15.423000+00:00,2005-01-18 06:49:45.423000+00:00,3150.0
id_17,channel_34,2005-01-18 19:36:15.423000+00:00,2005-01-18 20:24:15.423000+00:00,2880.0
id_17,channel_34,2005-01-19 03:45:09.423000+00:00,2005-01-19 06:00:15.423000+00:00,8106.0
id_17,channel_34,2005-01-19 12:45:00.423000+00:00,2005-01-19 15:00:15.423000+00:00,8115.0
id_17,channel_35,2005-01-16 21:45:00.423000+00:00,2005-01-16 23:59:57.423000+00:00,8097.0
id_17,channel_35,2005-01-17 03:18:15.423000+00:00,2005-01-17 03:43:45.423000+00:00,1530.0
id_17,channel_35,2005-01-17 16:36:15.423000+00:00,2005-01-17 17:10:45.423000+00:00,2070.0
id_17,channel_35,2005-01-18 06:06:15.423000+00:00,2005-01-18 06:33:15.423000+00:00,1620.0
id_17,channel_35,2005-01-18 19:34:45.423000+00:00,2005-01-18 20:27:15.423000+00:00,3150.0
id_17,channel_35,2005-01-19 03:45:09.423000+00:00,2005-01-19 06:00:15.423000+00:00,8106.0
id_17,channel_35,2005-01-19 12:45:00.423000+00:00,2005-01-19 15:00:15.423000+00:00,8115.0
id_17,channel_36,2005-01-16 21:45:00.423000+00:00,2005-01-16 23:59:57.423000+00:00,8097.0
id_17,channel_36,2005-01-17 03:04:45.423000+00:00,2005-01-17 03:48:15.423000+00:00,2610.0
id_17,channel_36,2005-01-17 16:34:45.423000+00:00,2005-01-17 17:09:15.423000+00:00,2070.0
id_17,channel_36,2005-01-18 06:04:45.423000+00:00,2005-01-18 06:45:15.423000+00:00,2430.0
id_17,channel_36,2005-01-18 19:27:15.423000+00:00,2005-01-18 20:04:45.423000+00:00,2250.0
id_17,channel_36,2005-01-19 03:45:09.423000+00:00,2005-01-19 06:00:15.423000+00:00,8106.0
id_17,channel_36,2005-01-19 12:45:00.423000+00:00,2005-01-19 15:00:15.423000+00:00,8115.0
id_17,channel_37,2005-01-16 21:45:00.423000+00:00,2005-01-16 23:59:57.423000+00:00,8097.0
id_17,channel_37,2005-01-17 02:58:45.423000+00:00,2005-01-17 03:43:45.423000+00:00,2700.0
id_17,channel_37,2005-01-17 16:30:15.423000+00:00,2005-01-17 17:21:15.423000+00:00,3060.0
id_17,channel_37,2005-01-18 06:06:15.423000+00:00,2005-01-18 06:42:15.423000+00:00,2160.0
id_17,channel_37,2005-01-18 19:33:15.423000+00:00,2005-01-18 20:22:45.423000+00:00,2970.0
id_17,channel_37,2005-01-19 03:45:09.423000+00:00,2005-01-19 06:00:15.423000+00:00,8106.0
id_17,channel_37,2005-01-19 12:45:00.423000+00:00,2005-01-19 15:00:15.423000+00:00,8115.0
id_17,channel_38,2005-01-16 21:45:00.423000+00:00,2005-01-16 23:59:57.423000+00:00,8097.0
id_17,channel_38,2005-01-19 03:45:09.423000+00:00,2005-01-19 06:00:15.423000+00:00,8106.0
id_17,channel_38,2005-01-19 12:45:00.423000+00:00,2005-01-19 15:00:15.423000+00:00,8115.0
id_17,channel_39,2005-01-16 21:45:00.423000+00:00,2005-01-16 23:59:57.423000+00:00,8097.0
id_17,channel_39,2005-01-19 03:45:09.423000+00:00,2005-01-19 06:00:15.423000+00:00,8106.0
id_17,channel_39,2005-01-19 12:45:00.423000+00:00,2005-01-19 15:00:15.423000+00:00,8115.0
id_17,channel_40,2005-01-16 21:45:00.423000+00:00,2005-01-16 23:59:57.423000+00:00,8097.0
id_17,channel_40,2005-01-19 03:45:09.423000+00:00,2005-01-19 06:00:15.423000+00:00,8106.0
id_17,channel_40,2005-01-19 12:45:00.423000+00:00,2005-01-19 15:00:15.423000+00:00,8115.0
id_17,channel_41,2005-01-16 22:30:25.140000+00:00,2005-01-16 22:35:55.140000+00:00,330.0
id_17,channel_41,2005-01-17 03:00:25.140000+00:00,2005-01-17 03:29:55.140000+00:00,1770.0
id_17,channel_41,2005-01-17 16:30:25.140000+00:00,2005-01-17 16:59:55.140000+00:00,1770.0
id_17,channel_41,2005-01-18 06:00:25.140000+00:00,2005-01-18 06:29:55.140000+00:00,1770.0
id_17,channel_41,2005-01-18 19:30:25.140000+00:00,2005-01-18 19:59:55.140000+00:00,1770.0
id_17,channel_41,2005-01-19 04:30:25.140000+00:00,2005-01-19 04:32:55.140000+00:00,150.0
id_17,channel_41,2005-01-19 13:30:25.140000+00:00,2005-01-19 13:32:55.140000+00:00,150.0
id_17,channel_42,2005-01-16 22:30:25.140000+00:00,2005-01-16 22:35:55.140000+00:00,330.0
id_17,channel_42,2005-01-17 03:00:25.140000+00:00,2005-01-17 03:29:55.140000+00:00,1770.0
id_17,channel_42,2005-01-17 16:30:25.140000+00:00,2005-01-17 16:59:55.140000+00:00,1770.0
id_17,channel_42,2005-01-18 06:00:25.140000+00:00,2005-01-18 06:29:55.140000+00:00,1770.0
id_17,channel_42,2005-01-18 19:30:25.140000+00:00,2005-01-18 19:59:55.140000+00:00,1770.0
id_17,channel_42,2005-01-19 04:30:25.140000+00:00,2005-01-19 04:32:55.140000+00:00,150.0
id_17,channel_42,2005-01-19 12:54:25.140000+00:00,2005-01-19 12:54:25.140000+00:00,0.0
id_17,channel_42,2005-01-19 13:30:25.140000+00:00,2005-01-19 13:32:55.140000+00:00,150.0
id_17,channel_43,2005-01-16 22:29:55.140000+00:00,2005-01-16 22:35:55.140000+00:00,360.0
id_17,channel_43,2005-01-17 03:00:25.140000+00:00,2005-01-17 03:29:55.140000+00:00,1770.0
id_17,channel_43,2005-01-17 16:30:25.140000+00:00,2005-01-17 16:59:55.140000+00:00,1770.0
id_17,channel_43,2005-01-18 06:00:25.140000+00:00,2005-01-18 06:29:55.140000+00:00,1770.0
id_17,channel_43,2005-01-18 19:30:25.140000+00:00,2005-01-18 19:59:55.140000+00:00,1770.0
id_17,channel_43,2005-01-19 04:30:25.140000+00:00,2005-01-19 04:32:55.140000+00:00,150.0
id_17,channel_43,2005-01-19 13:30:25.140000+00:00,2005-01-19 13:32:55.140000+00:00,150.0
id_17,channel_44,2005-01-16 22:30:25.140000+00:00,2005-01-16 22:35:55.140000+00:00,330.0
id_17,channel_44,2005-01-17 03:00:25.140000+00:00,2005-01-17 03:29:55.140000+00:00,1770.0
id_17,channel_44,2005-01-17 16:30:25.140000+00:00,2005-01-17 16:59:55.140000+00:00,1770.0
id_17,channel_44,2005-01-18 06:00:25.140000+00:00,2005-01-18 06:29:55.140000+00:00,1770.0
id_17,channel_44,2005-01-18 19:30:25.140000+00:00,2005-01-18 19:59:55.140000+00:00,1770.0
id_17,channel_44,2005-01-19 04:30:25.140000+00:00,2005-01-19 04:32:55.140000+00:00,150.0
id_17,channel_44,2005-01-19 13:30:55.140000+00:00,2005-01-19 13:32:55.140000+00:00,120.0
id_17,channel_45,2005-01-16 22:30:25.140000+00:00,2005-01-16 22:35:55.140000+00:00,330.0
id_17,channel_45,2005-01-17 03:00:25.140000+00:00,2005-01-17 03:29:55.140000+00:00,1770.0
id_17,channel_45,2005-01-17 16:30:25.140000+00:00,2005-01-17 16:59:55.140000+00:00,1770.0
id_17,channel_45,2005-01-18 06:00:25.140000+00:00,2005-01-18 06:29:55.140000+00:00,1770.0
id_17,channel_45,2005-01-18 19:30:25.140000+00:00,2005-01-18 19:59:55.140000+00:00,1770.0
id_17,channel_45,2005-01-19 04:30:25.140000+00:00,2005-01-19 04:32:55.140000+00:00,150.0
id_17,channel_45,2005-01-19 13:30:25.140000+00:00,2005-01-19 13:32:55.140000+00:00,150.0
id_17,channel_46,2005-01-16 22:30:25.140000+00:00,2005-01-16 22:35:55.140000+00:00,330.0
id_17,channel_46,2005-01-17 03:00:25.140000+00:00,2005-01-17 03:29:55.140000+00:00,1770.0
id_17,channel_46,2005-01-17 16:30:25.140000+00:00,2005-01-17 16:59:55.140000+00:00,1770.0
id_17,channel_46,2005-01-18 06:00:25.140000+00:00,2005-01-18 06:29:55.140000+00:00,1770.0
id_17,channel_46,2005-01-18 19:30:25.140000+00:00,2005-01-18 19:59:55.140000+00:00,1770.0
id_17,channel_46,2005-01-19 04:30:25.140000+00:00,2005-01-19 04:32:55.140000+00:00,150.0
id_17,channel_46,2005-01-19 13:30:25.140000+00:00,2005-01-19 13:32:55.140000+00:00,150.0
id_17,channel_47,2005-01-16 22:32:25.140000+00:00,2005-01-16 22:46:55.140000+00:00,870.0
id_17,channel_47,2005-01-17 03:04:25.140000+00:00,2005-01-19 17:50:55.140000+00:00,225990.0
id_17,channel_48,2005-01-16 22:31:25.140000+00:00,2005-01-16 22:50:25.140000+00:00,1140.0
id_17,channel_48,2005-01-17 03:02:55.140000+00:00,2005-01-19 17:50:55.140000+00:00,226080.0
id_17,channel_49,2005-01-16 22:30:55.140000+00:00,2005-01-16 22:42:55.140000+00:00,720.0
id_17,channel_49,2005-01-17 03:09:55.140000+00:00,2005-01-19 17:50:55.140000+00:00,225660.0
id_17,channel_50,2005-01-16 22:32:37.521000+00:00,2005-01-16 22:44:37.521000+00:00,720.0
id_17,channel_50,2005-01-17 03:04:07.521000+00:00,2005-01-19 17:50:37.521000+00:00,225990.0
id_17,channel_51,2005-01-16 22:32:37.521000+00:00,2005-01-16 23:04:07.521000+00:00,1890.0
id_17,channel_51,2005-01-17 03:04:07.521000+00:00,2005-01-19 17:50:37.521000+00:00,225990.0
id_17,channel_52,2005-01-16 22:34:07.521000+00:00,2005-01-16 22:41:37.521000+00:00,450.0
id_17,channel_52,2005-01-17 03:04:07.521000+00:00,2005-01-19 17:50:37.521000+00:00,225990.0
id_18,channel_12,2008-09-08 14:16:15.243000+00:00,2008-09-08 16:38:45.243000+00:00,8550.0
id_18,channel_13,2008-09-08 14:13:15.243000+00:00,2008-09-08 16:20:45.243000+00:00,7650.0
id_18,channel_17,2008-09-08 14:22:15.243000+00:00,2008-09-08 16:41:45.243000+00:00,8370.0
id_18,channel_18,2008-09-08 14:10:15.243000+00:00,2008-09-08 16:17:45.243000+00:00,7650.0
id_18,channel_19,2008-09-08 14:16:15.243000+00:00,2008-09-08 16:38:45.243000+00:00,8550.0
id_18,channel_20,2008-09-08 14:25:15.243000+00:00,2008-09-08 16:34:15.243000+00:00,7740.0
id_18,channel_25,2008-09-08 14:16:15.243000+00:00,2008-09-08 16:07:15.243000+00:00,6660.0
id_18,channel_26,2008-09-08 14:16:15.243000+00:00,2008-09-08 16:07:15.243000+00:00,6660.0
id_18,channel_27,2008-09-08 14:16:15.243000+00:00,2008-09-08 16:07:15.243000+00:00,6660.0
id_18,channel_28,2008-09-08 14:16:15.243000+00:00,2008-09-08 16:07:15.243000+00:00,6660.0
id_18,channel_34,2008-09-08 14:19:15.243000+00:00,2008-09-08 16:34:15.243000+00:00,8100.0
id_18,channel_35,2008-09-08 14:19:15.243000+00:00,2008-09-08 16:34:15.243000+00:00,8100.0
id_18,channel_36,2008-09-08 14:19:15.243000+00:00,2008-09-08 16:34:15.243000+00:00,8100.0
id_18,channel_37,2008-09-08 14:19:15.243000+00:00,2008-09-08 16:34:15.243000+00:00,8100.0
id_18,channel_41,2008-09-08 13:46:47.460000+00:00,2008-09-08 16:13:24.963000+00:00,8797.503
id_18,channel_42,2008-09-08 13:46:47.460000+00:00,2008-09-08 16:13:24.963000+00:00,8797.503
id_18,channel_43,2008-09-08 13:46:47.460000+00:00,2008-09-08 16:13:24.963000+00:00,8797.503
id_18,channel_44,2008-09-08 13:46:47.460000+00:00,2008-09-08 16:13:24.963000+00:00,8797.503
id_18,channel_45,2008-09-08 13:49:24.963000+00:00,2008-09-08 16:13:24.963000+00:00,8640.0
id_18,channel_46,2008-09-08 13:46:47.460000+00:00,2008-09-08 16:13:24.963000+00:00,8797.503
id_18,channel_47,2008-09-08 14:16:24.960000+00:00,2008-09-08 16:43:54.963000+00:00,8850.003
id_18,channel_48,2008-09-08 14:16:24.960000+00:00,2008-09-08 16:55:24.963000+00:00,9540.003
id_18,channel_49,2008-09-08 14:16:24.960000+00:00,2008-09-08 16:57:54.963000+00:00,9690.003
id_18,channel_50,2008-09-08 14:18:37.338000+00:00,2008-09-08 17:09:37.341000+00:00,10260.003
id_18,channel_51,2008-09-08 14:18:37.338000+00:00,2008-09-08 16:53:07.338000+00:00,9270.0
id_18,channel_52,2008-09-08 14:18:37.338000+00:00,2008-09-08 16:53:07.338000+00:00,9270.0
id_18,channel_70,2008-09-08 13:45:44.073000+00:00,2008-09-08 16:16:44.073000+00:00,9060.0
id_18,channel_71,2008-09-08 13:45:44.073000+00:00,2008-09-08 16:16:44.073000+00:00,9060.0
id_18,channel_72,2008-09-08 13:45:44.073000+00:00,2008-09-08 16:16:44.073000+00:00,9060.0
id_18,channel_73,2008-09-08 13:45:44.073000+00:00,2008-09-08 16:16:44.073000+00:00,9060.0
id_18,channel_74,2008-09-08 13:45:44.073000+00:00,2008-09-08 16:16:44.073000+00:00,9060.0
id_18,channel_75,2008-09-08 13:45:44.073000+00:00,2008-09-08 16:16:44.073000+00:00,9060.0
id_18,channel_76,2008-09-08 13:45:44.073000+00:00,2008-09-08 16:16:44.073000+00:00,9060.0
id_19,channel_41,2003-06-18 18:25:25.212000+00:00,2003-06-18 21:28:55.212000+00:00,11010.0
id_19,channel_42,2003-06-18 18:45:25.212000+00:00,2003-06-18 21:26:55.212000+00:00,9690.0
id_19,channel_43,2003-06-18 18:25:25.212000+00:00,2003-06-18 21:28:55.212000+00:00,11010.0
id_19,channel_44,2003-06-18 18:33:55.212000+00:00,2003-06-18 21:28:55.212000+00:00,10500.0
id_19,channel_45,2003-06-18 18:25:25.212000+00:00,2003-06-18 21:33:55.212000+00:00,11310.0
id_19,channel_46,2003-06-18 18:27:17.712000+00:00,2003-06-18 21:35:55.212000+00:00,11317.5
id_19,channel_47,2003-06-18 18:27:25.212000+00:00,2003-06-18 23:23:25.212000+00:00,17760.0
id_19,channel_48,2003-06-18 18:27:25.212000+00:00,2003-06-18 23:15:25.212000+00:00,17280.0
id_19,channel_49,2003-06-18 18:29:25.212000+00:00,2003-06-18 23:27:55.212000+00:00,17910.0
id_19,channel_50,2003-06-18 18:35:37.590000+00:00,2003-06-18 23:41:37.590000+00:00,18360.0
id_19,channel_51,2003-06-18 18:28:07.590000+00:00,2003-06-18 23:05:37.590000+00:00,16650.0
id_19,channel_52,2003-06-18 18:28:07.590000+00:00,2003-06-18 23:01:07.590000+00:00,16380.0
id_20,channel_47,2008-01-30 03:20:24.993000+00:00,2008-02-04 18:33:54.993000+00:00,486810.0
id_20,channel_48,2008-01-30 03:20:24.993000+00:00,2008-02-04 18:33:54.993000+00:00,486810.0
id_20,channel_49,2008-01-30 03:20:24.993000+00:00,2008-02-04 18:33:54.993000+00:00,486810.0
id_20,channel_50,2008-01-30 03:21:37.374000+00:00,2008-02-04 18:33:37.371000+00:00,486719.997
id_20,channel_51,2008-01-30 03:21:37.374000+00:00,2008-02-04 18:33:37.371000+00:00,486719.997
id_20,channel_52,2008-01-30 03:21:37.374000+00:00,2008-02-04 18:33:37.371000+00:00,486719.997
id_20,channel_70,2008-01-30 03:20:14.103000+00:00,2008-02-04 18:34:14.103000+00:00,486840.0
id_20,channel_71,2008-01-30 03:20:27.987000+00:00,2008-02-04 18:33:57.987000+00:00,486810.0
id_20,channel_72,2008-01-30 03:20:41.862000+00:00,2008-02-04 18:34:11.862000+00:00,486810.0
id_20,channel_73,2008-01-30 03:20:25.737000+00:00,2008-02-04 18:33:55.734000+00:00,486809.997
id_20,channel_74,2008-01-30 03:20:39.612000+00:00,2008-02-04 18:34:09.612000+00:00,486810.0
id_20,channel_75,2008-01-30 03:20:23.487000+00:00,2008-02-04 18:33:53.487000+00:00,486810.0
id_20,channel_76,2008-01-30 03:20:37.362000+00:00,2008-02-04 18:34:07.362000+00:00,486810.0
id_21,channel_16,2001-04-01 00:13:21.585000+00:00,2001-04-07 00:04:06.585000+00:00,517845.0
id_21,channel_24,2001-04-01 00:13:21.585000+00:00,2001-04-07 00:04:06.585000+00:00,517845.0
id_21,channel_32,2001-04-01 00:13:21.585000+00:00,2001-04-07 00:04:06.585000+00:00,517845.0
id_21,channel_33,2001-04-01 00:13:21.585000+00:00,2001-04-07 00:04:06.585000+00:00,517845.0
id_21,channel_40,2001-04-01 00:13:21.585000+00:00,2001-04-07 00:04:06.585000+00:00,517845.0
id_21,channel_41,2001-03-21 21:18:28.305000+00:00,2001-03-21 22:00:28.305000+00:00,2520.0
id_21,channel_41,2001-03-30 09:03:28.305000+00:00,2001-03-30 09:17:58.305000+00:00,870.0
id_21,channel_41,2001-03-30 09:48:28.305000+00:00,2001-03-30 10:02:58.305000+00:00,870.0
id_21,channel_41,2001-03-30 10:33:28.305000+00:00,2001-03-30 10:47:58.305000+00:00,870.0
id_21,channel_41,2001-03-30 11:18:28.305000+00:00,2001-03-30 11:32:58.305000+00:00,870.0
id_21,channel_41,2001-03-30 12:03:28.305000+00:00,2001-03-30 12:32:58.305000+00:00,1770.0
id_21,channel_41,2001-03-30 15:03:28.302000+00:00,2001-03-30 15:32:58.302000+00:00,1770.0
id_21,channel_41,2001-03-30 18:03:28.302000+00:00,2001-03-30 18:17:58.305000+00:00,870.003
id_21,channel_41,2001-03-30 18:48:28.302000+00:00,2001-03-30 19:02:58.302000+00:00,870.0
id_21,channel_41,2001-03-30 19:33:28.302000+00:00,2001-03-30 19:47:58.302000+00:00,870.0
id_21,channel_41,2001-03-30 20:18:28.302000+00:00,2001-03-30 20:32:58.302000+00:00,870.0
id_21,channel_41,2001-03-30 21:03:28.302000+00:00,2001-03-30 21:32:58.302000+00:00,1770.0
id_21,channel_41,2001-03-31 00:03:28.302000+00:00,2001-03-31 00:32:58.302000+00:00,1770.0
id_21,channel_41,2001-03-31 09:03:28.302000+00:00,2001-03-31 09:32:58.302000+00:00,1770.0
id_21,channel_41,2001-03-31 12:03:28.302000+00:00,2001-03-31 12:32:58.302000+00:00,1770.0
id_21,channel_41,2001-03-31 15:03:28.302000+00:00,2001-03-31 15:17:58.302000+00:00,870.0
id_21,channel_41,2001-04-01 00:07:58.302000+00:00,2001-04-01 00:47:58.302000+00:00,2400.0
id_21,channel_41,2001-04-01 06:00:28.302000+00:00,2001-04-01 06:25:28.302000+00:00,1500.0
id_21,channel_42,2001-03-21 21:18:28.305000+00:00,2001-03-21 22:00:28.305000+00:00,2520.0
id_21,channel_42,2001-03-30 09:03:28.305000+00:00,2001-03-30 09:17:58.305000+00:00,870.0
id_21,channel_42,2001-03-30 09:48:28.305000+00:00,2001-03-30 10:02:58.305000+00:00,870.0
id_21,channel_42,2001-03-30 10:33:28.305000+00:00,2001-03-30 10:47:58.305000+00:00,870.0
id_21,channel_42,2001-03-30 11:18:28.305000+00:00,2001-03-30 11:32:58.305000+00:00,870.0
id_21,channel_42,2001-03-30 12:03:28.305000+00:00,2001-03-30 12:32:58.305000+00:00,1770.0
id_21,channel_42,2001-03-30 15:03:28.302000+00:00,2001-03-30 15:32:58.302000+00:00,1770.0
id_21,channel_42,2001-03-30 18:03:28.302000+00:00,2001-03-30 18:17:58.305000+00:00,870.003
id_21,channel_42,2001-03-30 18:48:28.302000+00:00,2001-03-30 19:02:58.302000+00:00,870.0
id_21,channel_42,2001-03-30 19:33:28.302000+00:00,2001-03-30 19:47:58.302000+00:00,870.0
id_21,channel_42,2001-03-30 20:18:28.302000+00:00,2001-03-30 20:32:58.302000+00:00,870.0
id_21,channel_42,2001-03-30 21:03:28.302000+00:00,2001-03-30 21:32:58.302000+00:00,1770.0
id_21,channel_42,2001-03-31 00:03:28.302000+00:00,2001-03-31 00:32:58.302000+00:00,1770.0
id_21,channel_42,2001-03-31 09:03:28.302000+00:00,2001-03-31 09:32:58.302000+00:00,1770.0
id_21,channel_42,2001-03-31 12:03:28.302000+00:00,2001-03-31 12:32:58.302000+00:00,1770.0
id_21,channel_42,2001-03-31 15:03:28.302000+00:00,2001-03-31 15:17:58.302000+00:00,870.0
id_21,channel_42,2001-04-01 00:07:58.302000+00:00,2001-04-01 00:47:58.302000+00:00,2400.0
id_21,channel_42,2001-04-01 06:00:28.302000+00:00,2001-04-01 06:25:28.302000+00:00,1500.0
id_21,channel_43,2001-03-21 21:18:28.305000+00:00,2001-03-21 22:00:28.305000+00:00,2520.0
id_21,channel_43,2001-03-30 09:03:28.305000+00:00,2001-03-30 09:17:58.305000+00:00,870.0
id_21,channel_43,2001-03-30 09:48:28.305000+00:00,2001-03-30 10:02:58.305000+00:00,870.0
id_21,channel_43,2001-03-30 10:33:28.305000+00:00,2001-03-30 10:47:58.305000+00:00,870.0
id_21,channel_43,2001-03-30 11:18:28.305000+00:00,2001-03-30 11:32:58.305000+00:00,870.0
id_21,channel_43,2001-03-30 12:03:28.305000+00:00,2001-03-30 12:32:58.305000+00:00,1770.0
id_21,channel_43,2001-03-30 15:03:28.302000+00:00,2001-03-30 15:32:58.302000+00:00,1770.0
id_21,channel_43,2001-03-30 18:03:28.302000+00:00,2001-03-30 18:17:58.305000+00:00,870.003
id_21,channel_43,2001-03-30 18:48:28.302000+00:00,2001-03-30 19:02:58.302000+00:00,870.0
id_21,channel_43,2001-03-30 19:33:28.302000+00:00,2001-03-30 19:47:58.302000+00:00,870.0
id_21,channel_43,2001-03-30 20:18:28.302000+00:00,2001-03-30 20:32:58.302000+00:00,870.0
id_21,channel_43,2001-03-30 21:03:28.302000+00:00,2001-03-30 21:32:58.302000+00:00,1770.0
id_21,channel_43,2001-03-31 00:03:28.302000+00:00,2001-03-31 00:32:58.302000+00:00,1770.0
id_21,channel_43,2001-03-31 09:03:28.302000+00:00,2001-03-31 09:32:58.302000+00:00,1770.0
id_21,channel_43,2001-03-31 12:03:28.302000+00:00,2001-03-31 12:32:58.302000+00:00,1770.0
id_21,channel_43,2001-03-31 15:03:28.302000+00:00,2001-03-31 15:17:58.302000+00:00,870.0
id_21,channel_43,2001-04-01 00:07:58.302000+00:00,2001-04-01 00:47:58.302000+00:00,2400.0
id_21,channel_43,2001-04-01 06:00:28.302000+00:00,2001-04-01 06:25:28.302000+00:00,1500.0
id_21,channel_44,2001-03-21 21:18:28.305000+00:00,2001-03-21 22:00:28.305000+00:00,2520.0
id_21,channel_44,2001-03-30 09:03:28.305000+00:00,2001-03-30 09:17:58.305000+00:00,870.0
id_21,channel_44,2001-03-30 09:48:28.305000+00:00,2001-03-30 10:02:58.305000+00:00,870.0
id_21,channel_44,2001-03-30 10:33:28.305000+00:00,2001-03-30 10:47:58.305000+00:00,870.0
id_21,channel_44,2001-03-30 11:18:28.305000+00:00,2001-03-30 11:32:58.305000+00:00,870.0
id_21,channel_44,2001-03-30 12:03:28.305000+00:00,2001-03-30 12:32:58.305000+00:00,1770.0
id_21,channel_44,2001-03-30 15:03:28.302000+00:00,2001-03-30 15:32:58.302000+00:00,1770.0
id_21,channel_44,2001-03-30 18:03:28.302000+00:00,2001-03-30 18:17:58.305000+00:00,870.003
id_21,channel_44,2001-03-30 18:48:28.302000+00:00,2001-03-30 19:02:58.302000+00:00,870.0
id_21,channel_44,2001-03-30 19:33:28.302000+00:00,2001-03-30 19:47:58.302000+00:00,870.0
id_21,channel_44,2001-03-30 20:18:28.302000+00:00,2001-03-30 20:32:58.302000+00:00,870.0
id_21,channel_44,2001-03-30 21:03:28.302000+00:00,2001-03-30 21:32:58.302000+00:00,1770.0
id_21,channel_44,2001-03-31 00:03:28.302000+00:00,2001-03-31 00:32:58.302000+00:00,1770.0
id_21,channel_44,2001-03-31 09:03:28.302000+00:00,2001-03-31 09:32:58.302000+00:00,1770.0
id_21,channel_44,2001-03-31 12:03:28.302000+00:00,2001-03-31 12:32:58.302000+00:00,1770.0
id_21,channel_44,2001-03-31 15:03:28.302000+00:00,2001-03-31 15:17:58.302000+00:00,870.0
id_21,channel_44,2001-04-01 00:07:58.302000+00:00,2001-04-01 00:47:58.302000+00:00,2400.0
id_21,channel_44,2001-04-01 06:00:28.302000+00:00,2001-04-01 06:25:28.302000+00:00,1500.0
id_21,channel_45,2001-03-21 21:18:28.305000+00:00,2001-03-21 22:00:28.305000+00:00,2520.0
id_21,channel_45,2001-03-30 09:03:28.305000+00:00,2001-03-30 09:17:58.305000+00:00,870.0
id_21,channel_45,2001-03-30 09:48:28.305000+00:00,2001-03-30 10:02:58.305000+00:00,870.0
id_21,channel_45,2001-03-30 10:33:28.305000+00:00,2001-03-30 10:47:58.305000+00:00,870.0
id_21,channel_45,2001-03-30 11:18:28.305000+00:00,2001-03-30 11:32:58.305000+00:00,870.0
id_21,channel_45,2001-03-30 12:03:28.305000+00:00,2001-03-30 12:32:58.305000+00:00,1770.0
id_21,channel_45,2001-03-30 15:03:28.302000+00:00,2001-03-30 15:32:58.302000+00:00,1770.0
id_21,channel_45,2001-03-30 18:03:28.302000+00:00,2001-03-30 18:17:58.305000+00:00,870.003
id_21,channel_45,2001-03-30 18:48:28.302000+00:00,2001-03-30 19:02:58.302000+00:00,870.0
id_21,channel_45,2001-03-30 19:33:28.302000+00:00,2001-03-30 19:47:58.302000+00:00,870.0
id_21,channel_45,2001-03-30 20:18:28.302000+00:00,2001-03-30 20:32:58.302000+00:00,870.0
id_21,channel_45,2001-03-30 21:03:28.302000+00:00,2001-03-30 21:32:58.302000+00:00,1770.0
id_21,channel_45,2001-03-31 00:03:28.302000+00:00,2001-03-31 00:32:58.302000+00:00,1770.0
id_21,channel_45,2001-03-31 09:03:28.302000+00:00,2001-03-31 09:32:58.302000+00:00,1770.0
id_21,channel_45,2001-03-31 12:03:28.302000+00:00,2001-03-31 12:32:58.302000+00:00,1770.0
id_21,channel_45,2001-03-31 15:03:28.302000+00:00,2001-03-31 15:17:58.302000+00:00,870.0
id_21,channel_45,2001-04-01 00:07:58.302000+00:00,2001-04-01 00:47:58.302000+00:00,2400.0
id_21,channel_45,2001-04-01 06:00:28.302000+00:00,2001-04-01 06:25:28.302000+00:00,1500.0
id_21,channel_46,2001-03-21 21:18:28.305000+00:00,2001-03-21 22:00:28.305000+00:00,2520.0
id_21,channel_46,2001-03-30 09:03:28.305000+00:00,2001-03-30 09:17:58.305000+00:00,870.0
id_21,channel_46,2001-03-30 09:48:28.305000+00:00,2001-03-30 10:02:58.305000+00:00,870.0
id_21,channel_46,2001-03-30 10:33:28.305000+00:00,2001-03-30 10:47:58.305000+00:00,870.0
id_21,channel_46,2001-03-30 11:18:28.305000+00:00,2001-03-30 11:32:58.305000+00:00,870.0
id_21,channel_46,2001-03-30 12:03:28.305000+00:00,2001-03-30 12:32:58.305000+00:00,1770.0
id_21,channel_46,2001-03-30 15:03:28.302000+00:00,2001-03-30 15:32:58.302000+00:00,1770.0
id_21,channel_46,2001-03-30 18:03:28.302000+00:00,2001-03-30 18:17:58.305000+00:00,870.003
id_21,channel_46,2001-03-30 18:48:28.302000+00:00,2001-03-30 19:02:58.302000+00:00,870.0
id_21,channel_46,2001-03-30 19:33:28.302000+00:00,2001-03-30 19:47:58.302000+00:00,870.0
id_21,channel_46,2001-03-30 20:18:28.302000+00:00,2001-03-30 20:32:58.302000+00:00,870.0
id_21,channel_46,2001-03-30 21:03:28.302000+00:00,2001-03-30 21:32:58.302000+00:00,1770.0
id_21,channel_46,2001-03-31 00:03:28.302000+00:00,2001-03-31 00:32:58.302000+00:00,1770.0
id_21,channel_46,2001-03-31 09:03:28.302000+00:00,2001-03-31 09:32:58.302000+00:00,1770.0
id_21,channel_46,2001-03-31 12:03:28.302000+00:00,2001-03-31 12:32:58.302000+00:00,1770.0
id_21,channel_46,2001-03-31 15:03:28.302000+00:00,2001-03-31 15:17:58.302000+00:00,870.0
id_21,channel_46,2001-04-01 00:07:58.302000+00:00,2001-04-01 00:47:58.302000+00:00,2400.0
id_21,channel_46,2001-04-01 06:00:28.302000+00:00,2001-04-01 06:25:28.302000+00:00,1500.0
id_21,channel_47,2001-03-21 20:50:58.305000+00:00,2001-03-22 15:21:58.305000+00:00,66660.0
id_21,channel_47,2001-03-30 09:03:58.305000+00:00,2001-04-02 11:09:28.302000+00:00,266729.997
id_21,channel_48,2001-03-21 20:50:58.305000+00:00,2001-03-22 15:21:58.305000+00:00,66660.0
id_21,channel_48,2001-03-30 09:03:58.305000+00:00,2001-04-02 11:09:28.302000+00:00,266729.997
id_21,channel_49,2001-03-21 20:50:58.305000+00:00,2001-03-22 15:21:58.305000+00:00,66660.0
id_21,channel_49,2001-03-30 09:03:58.305000+00:00,2001-04-02 11:09:28.302000+00:00,266729.997
id_21,channel_50,2001-03-21 20:52:10.683000+00:00,2001-03-22 15:20:40.683000+00:00,66510.0
id_21,channel_50,2001-03-30 09:03:46.680000+00:00,2001-04-02 11:08:40.683000+00:00,266694.003
id_21,channel_51,2001-03-21 20:52:10.683000+00:00,2001-03-22 15:20:40.683000+00:00,66510.0
id_21,channel_51,2001-03-30 09:03:46.680000+00:00,2001-04-02 11:08:40.683000+00:00,266694.003
id_21,channel_52,2001-03-21 20:52:10.683000+00:00,2001-03-22 15:20:40.683000+00:00,66510.0
id_21,channel_52,2001-03-30 09:03:46.680000+00:00,2001-04-02 11:08:40.683000+00:00,266694.003
id_22,channel_41,2000-07-27 19:48:58.329000+00:00,2000-07-28 06:55:58.329000+00:00,40020.0
id_22,channel_42,2000-07-27 19:48:58.329000+00:00,2000-07-28 06:55:58.329000+00:00,40020.0
id_22,channel_43,2000-07-27 19:48:58.329000+00:00,2000-07-28 06:55:58.329000+00:00,40020.0
id_22,channel_44,2000-07-27 19:48:58.329000+00:00,2000-07-28 06:55:58.329000+00:00,40020.0
id_22,channel_45,2000-07-27 19:49:28.329000+00:00,2000-07-28 06:55:58.329000+00:00,39990.0
id_22,channel_46,2000-07-27 19:48:58.329000+00:00,2000-07-28 06:55:58.329000+00:00,40020.0
id_22,channel_47,2000-07-27 19:50:28.329000+00:00,2000-07-28 16:02:58.329000+00:00,72750.0
id_22,channel_48,2000-07-27 19:49:58.329000+00:00,2000-07-28 11:00:28.329000+00:00,54630.0
id_22,channel_49,2000-07-27 19:51:28.329000+00:00,2000-07-28 12:27:28.329000+00:00,59760.0
id_22,channel_50,2000-07-27 19:50:40.707000+00:00,2000-07-28 16:04:10.707000+00:00,72810.0
id_22,channel_51,2000-07-27 19:58:10.707000+00:00,2000-07-28 16:58:10.707000+00:00,75600.0
id_22,channel_52,2000-07-27 20:02:40.707000+00:00,2000-07-28 16:47:40.707000+00:00,74700.0
id_23,channel_41,2000-07-31 03:33:28.329000+00:00,2000-07-31 04:16:58.329000+00:00,2610.0
id_23,channel_42,2000-07-31 03:33:28.329000+00:00,2000-07-31 04:16:58.329000+00:00,2610.0
id_23,channel_43,2000-07-31 03:33:28.329000+00:00,2000-07-31 04:16:58.329000+00:00,2610.0
id_23,channel_44,2000-07-31 03:33:28.329000+00:00,2000-07-31 04:16:58.329000+00:00,2610.0
id_23,channel_45,2000-07-31 03:33:28.329000+00:00,2000-07-31 04:16:58.329000+00:00,2610.0
id_23,channel_46,2000-07-31 03:33:28.329000+00:00,2000-07-31 04:16:58.329000+00:00,2610.0
id_23,channel_47,2000-07-31 03:33:28.329000+00:00,2000-07-31 07:16:58.329000+00:00,13410.0
id_23,channel_48,2000-07-31 03:35:28.329000+00:00,2000-07-31 07:16:58.329000+00:00,13290.0
id_23,channel_49,2000-07-31 03:38:58.329000+00:00,2000-07-31 07:16:58.329000+00:00,13080.0
id_23,channel_50,2000-07-31 03:40:10.707000+00:00,2000-07-31 07:16:10.707000+00:00,12960.0
id_23,channel_51,2000-07-31 03:38:40.707000+00:00,2000-07-31 07:16:10.707000+00:00,13050.0
id_23,channel_52,2000-07-31 03:35:40.707000+00:00,2000-07-31 07:16:10.707000+00:00,13230.0
id_24,channel_41,2012-12-18 06:32:09.723000+00:00,2012-12-18 06:47:39.723000+00:00,930.0
id_24,channel_41,2012-12-19 00:30:09.723000+00:00,2012-12-19 00:38:39.723000+00:00,510.0
id_24,channel_42,2012-12-18 06:32:09.723000+00:00,2012-12-18 06:46:39.723000+00:00,870.0
id_24,channel_42,2012-12-18 11:55:39.723000+00:00,2012-12-18 12:03:09.723000+00:00,450.0
id_24,channel_42,2012-12-19 00:29:09.723000+00:00,2012-12-19 00:36:39.723000+00:00,450.0
id_24,channel_42,2012-12-19 05:49:09.723000+00:00,2012-12-19 06:01:39.723000+00:00,750.0
id_24,channel_43,2012-12-18 11:50:09.723000+00:00,2012-12-18 12:02:09.723000+00:00,720.0
id_24,channel_43,2012-12-19 00:28:09.723000+00:00,2012-12-19 00:39:09.723000+00:00,660.0
id_24,channel_43,2012-12-19 05:47:09.723000+00:00,2012-12-19 06:01:39.723000+00:00,870.0
id_24,channel_44,2012-12-18 06:32:09.723000+00:00,2012-12-18 06:47:02.223000+00:00,892.5
id_24,channel_44,2012-12-18 11:56:09.723000+00:00,2012-12-18 12:03:09.723000+00:00,420.0
id_24,channel_44,2012-12-19 00:28:39.723000+00:00,2012-12-19 00:38:39.723000+00:00,600.0
id_24,channel_45,2012-12-18 11:52:39.723000+00:00,2012-12-18 12:02:39.723000+00:00,600.0
id_24,channel_45,2012-12-19 00:28:09.723000+00:00,2012-12-19 00:38:39.723000+00:00,630.0
id_24,channel_46,2012-12-18 11:55:39.723000+00:00,2012-12-18 12:02:39.723000+00:00,420.0
id_24,channel_46,2012-12-19 00:28:09.723000+00:00,2012-12-19 00:38:39.723000+00:00,630.0
id_25,channel_12,2002-07-17 01:30:15.534000+00:00,2002-07-18 08:25:45.534000+00:00,111330.0
id_25,channel_13,2002-07-17 01:30:15.534000+00:00,2002-07-18 08:09:15.534000+00:00,110340.0
id_25,channel_16,2002-07-17 04:30:15.534000+00:00,2002-07-25 00:00:00+00:00,674984.466
id_25,channel_17,2002-07-17 01:30:15.534000+00:00,2002-07-18 09:19:45.534000+00:00,114570.0
id_25,channel_18,2002-07-17 01:30:15.534000+00:00,2002-07-18 06:34:45.534000+00:00,104670.0
id_25,channel_19,2002-07-17 01:30:15.534000+00:00,2002-07-18 07:19:45.534000+00:00,107370.0
id_25,channel_20,2002-07-17 01:30:15.534000+00:00,2002-07-18 07:51:15.534000+00:00,109260.0
id_25,channel_24,2002-07-17 14:30:15.534000+00:00,2002-07-25 00:00:00+00:00,638984.466
id_25,channel_25,2002-07-17 01:30:15.534000+00:00,2002-07-18 09:18:15.534000+00:00,114480.0
id_25,channel_26,2002-07-17 01:30:15.534000+00:00,2002-07-18 08:09:15.534000+00:00,110340.0
id_25,channel_27,2002-07-17 01:30:15.534000+00:00,2002-07-18 07:42:15.534000+00:00,108720.0
id_25,channel_28,2002-07-17 01:30:15.534000+00:00,2002-07-18 08:30:15.534000+00:00,111600.0
id_25,channel_32,2002-07-17 12:19:45.534000+00:00,2002-07-25 00:00:00+00:00,646814.466
id_25,channel_33,2002-07-17 12:24:15.534000+00:00,2002-07-25 00:00:00+00:00,646544.466
id_25,channel_34,2002-07-17 01:30:15.534000+00:00,2002-07-18 09:00:15.534000+00:00,113400.0
id_25,channel_35,2002-07-17 01:30:15.534000+00:00,2002-07-18 07:55:45.534000+00:00,109530.0
id_25,channel_36,2002-07-17 01:30:15.534000+00:00,2002-07-18 08:12:15.534000+00:00,110520.0
id_25,channel_37,2002-07-17 01:30:15.534000+00:00,2002-07-18 08:04:45.534000+00:00,110070.0
id_25,channel_40,2002-07-17 11:33:15.534000+00:00,2002-07-25 00:00:00+00:00,649604.466
id_25,channel_47,2002-07-17 01:30:25.251000+00:00,2002-07-21 06:29:55.251000+00:00,363570.0
id_25,channel_48,2002-07-17 01:30:25.251000+00:00,2002-07-21 06:29:55.251000+00:00,363570.0
id_25,channel_49,2002-07-17 01:30:25.251000+00:00,2002-07-21 06:29:55.251000+00:00,363570.0
id_25,channel_50,2002-07-17 01:31:07.632000+00:00,2002-07-21 06:29:37.632000+00:00,363510.0
id_25,channel_51,2002-07-17 01:31:07.632000+00:00,2002-07-21 06:29:37.632000+00:00,363510.0
id_25,channel_52,2002-07-17 01:31:07.632000+00:00,2002-07-21 06:29:37.632000+00:00,363510.0
id_25,channel_57,2002-07-17 01:33:32.745000+00:00,2002-07-19 08:13:02.745000+00:00,196770.0
id_25,channel_58,2002-07-17 01:30:32.745000+00:00,2002-07-19 07:41:32.745000+00:00,195060.0
id_25,channel_59,2002-07-17 01:30:32.745000+00:00,2002-07-19 06:51:32.745000+00:00,192060.0
id_25,channel_60,2002-07-17 01:30:32.745000+00:00,2002-07-19 06:51:32.745000+00:00,192060.0
id_25,channel_66,2002-07-17 14:38:33.450000+00:00,2002-07-20 12:29:33.450000+00:00,251460.0
id_26,channel_41,2007-10-09 21:20:55.008000+00:00,2007-10-10 00:42:55.008000+00:00,12120.0
id_26,channel_42,2007-10-09 21:20:55.008000+00:00,2007-10-10 00:42:55.008000+00:00,12120.0
id_26,channel_43,2007-10-09 21:20:55.008000+00:00,2007-10-10 00:42:55.008000+00:00,12120.0
id_26,channel_44,2007-10-09 21:20:55.008000+00:00,2007-10-10 00:42:55.008000+00:00,12120.0
id_26,channel_45,2007-10-09 21:20:55.008000+00:00,2007-10-10 00:42:55.008000+00:00,12120.0
id_26,channel_46,2007-10-09 21:20:55.008000+00:00,2007-10-10 00:42:55.008000+00:00,12120.0
id_26,channel_47,2007-10-09 21:20:55.008000+00:00,2007-10-10 00:37:25.008000+00:00,11790.0
id_26,channel_48,2007-10-09 21:20:55.008000+00:00,2007-10-10 00:37:25.008000+00:00,11790.0
id_26,channel_49,2007-10-09 21:20:55.008000+00:00,2007-10-10 00:37:25.008000+00:00,11790.0
id_26,channel_57,2007-10-09 21:21:02.502000+00:00,2007-10-10 00:37:32.502000+00:00,11790.0
id_26,channel_58,2007-10-09 21:21:02.502000+00:00,2007-10-10 00:37:32.502000+00:00,11790.0
id_26,channel_59,2007-10-09 21:21:02.502000+00:00,2007-10-10 00:37:32.502000+00:00,11790.0
id_26,channel_60,2007-10-09 21:21:02.502000+00:00,2007-10-10 00:37:32.502000+00:00,11790.0
id_26,channel_70,2007-10-09 21:21:14.118000+00:00,2007-10-10 00:43:14.118000+00:00,12120.0
id_26,channel_71,2007-10-09 21:20:58.002000+00:00,2007-10-10 00:43:28.002000+00:00,12150.0
id_26,channel_72,2007-10-09 21:21:11.877000+00:00,2007-10-10 00:43:11.877000+00:00,12120.0
id_26,channel_73,2007-10-09 21:20:55.752000+00:00,2007-10-10 00:43:25.752000+00:00,12150.0
id_26,channel_74,2007-10-09 21:21:09.627000+00:00,2007-10-10 00:43:09.627000+00:00,12120.0
id_26,channel_75,2007-10-09 21:20:53.502000+00:00,2007-10-10 00:43:23.502000+00:00,12150.0
id_26,channel_76,2007-10-09 21:21:07.377000+00:00,2007-10-10 00:43:37.377000+00:00,12150.0
id_27,channel_12,2007-10-26 12:40:15.288000+00:00,2007-10-26 16:22:15.288000+00:00,13320.0
id_27,channel_13,2007-10-26 12:40:15.288000+00:00,2007-10-26 16:22:15.288000+00:00,13320.0
id_27,channel_14,2007-10-26 12:40:15.288000+00:00,2007-10-26 16:22:15.288000+00:00,13320.0
id_27,channel_15,2007-10-26 12:40:15.288000+00:00,2007-10-26 16:22:15.288000+00:00,13320.0
id_27,channel_16,2007-10-26 12:40:15.288000+00:00,2007-10-26 16:22:15.288000+00:00,13320.0
id_27,channel_17,2007-10-26 12:40:15.288000+00:00,2007-10-26 16:22:15.288000+00:00,13320.0
id_27,channel_18,2007-10-26 12:40:15.288000+00:00,2007-10-26 16:22:15.288000+00:00,13320.0
id_27,channel_19,2007-10-26 12:40:15.288000+00:00,2007-10-26 16:22:15.288000+00:00,13320.0
id_27,channel_20,2007-10-26 12:40:15.288000+00:00,2007-10-26 16:22:15.288000+00:00,13320.0
id_27,channel_21,2007-10-26 12:40:15.288000+00:00,2007-10-26 16:22:15.288000+00:00,13320.0
id_27,channel_22,2007-10-26 12:40:15.288000+00:00,2007-10-26 16:22:15.288000+00:00,13320.0
id_27,channel_23,2007-10-26 12:40:15.288000+00:00,2007-10-26 16:22:15.288000+00:00,13320.0
id_27,channel_24,2007-10-26 12:40:15.288000+00:00,2007-10-26 16:22:15.288000+00:00,13320.0
id_27,channel_25,2007-10-26 12:40:15.288000+00:00,2007-10-26 16:22:15.288000+00:00,13320.0
id_27,channel_26,2007-10-26 12:40:15.288000+00:00,2007-10-26 16:22:15.288000+00:00,13320.0
id_27,channel_27,2007-10-26 12:40:15.288000+00:00,2007-10-26 16:22:15.288000+00:00,13320.0
id_27,channel_28,2007-10-26 12:40:15.288000+00:00,2007-10-26 16:22:15.288000+00:00,13320.0
id_27,channel_29,2007-10-26 12:40:15.288000+00:00,2007-10-26 16:22:15.288000+00:00,13320.0
id_27,channel_30,2007-10-26 12:40:15.288000+00:00,2007-10-26 16:22:15.288000+00:00,13320.0
id_27,channel_31,2007-10-26 12:40:15.288000+00:00,2007-10-26 16:22:15.288000+00:00,13320.0
id_27,channel_32,2007-10-26 12:40:15.288000+00:00,2007-10-26 16:22:15.288000+00:00,13320.0
id_27,channel_33,2007-10-26 12:40:15.288000+00:00,2007-10-26 16:22:15.288000+00:00,13320.0
id_27,channel_34,2007-10-26 12:40:15.288000+00:00,2007-10-26 16:22:15.288000+00:00,13320.0
id_27,channel_35,2007-10-26 12:40:15.288000+00:00,2007-10-26 16:22:15.288000+00:00,13320.0
id_27,channel_36,2007-10-26 12:40:15.288000+00:00,2007-10-26 16:22:15.288000+00:00,13320.0
id_27,channel_37,2007-10-26 12:40:15.288000+00:00,2007-10-26 16:22:15.288000+00:00,13320.0
id_27,channel_38,2007-10-26 12:40:15.288000+00:00,2007-10-26 16:22:15.288000+00:00,13320.0
id_27,channel_39,2007-10-26 12:40:15.288000+00:00,2007-10-26 16:22:15.288000+00:00,13320.0
id_27,channel_40,2007-10-26 12:40:15.288000+00:00,2007-10-26 16:22:15.288000+00:00,13320.0
id_27,channel_41,2007-10-26 12:26:47.505000+00:00,2007-10-26 16:30:25.008000+00:00,14617.503
id_27,channel_42,2007-10-26 12:26:47.505000+00:00,2007-10-26 16:30:25.008000+00:00,14617.503
id_27,channel_43,2007-10-26 12:26:47.505000+00:00,2007-10-26 16:30:25.008000+00:00,14617.503
id_27,channel_44,2007-10-26 12:26:47.505000+00:00,2007-10-26 16:30:25.008000+00:00,14617.503
id_27,channel_45,2007-10-26 12:26:47.505000+00:00,2007-10-26 16:30:25.008000+00:00,14617.503
id_27,channel_46,2007-10-26 12:26:47.505000+00:00,2007-10-26 16:30:25.008000+00:00,14617.503
id_27,channel_47,2007-10-26 12:40:25.008000+00:00,2007-10-26 16:30:25.008000+00:00,13800.0
id_27,channel_48,2007-10-26 12:40:25.008000+00:00,2007-10-26 16:30:25.008000+00:00,13800.0
id_27,channel_49,2007-10-26 12:40:25.008000+00:00,2007-10-26 16:30:25.008000+00:00,13800.0
id_27,channel_50,2007-10-26 12:39:37.383000+00:00,2007-10-26 16:30:37.386000+00:00,13860.003
id_27,channel_51,2007-10-26 12:39:37.383000+00:00,2007-10-26 16:30:37.386000+00:00,13860.003
id_27,channel_52,2007-10-26 12:39:37.383000+00:00,2007-10-26 16:30:37.386000+00:00,13860.003
id_27,channel_57,2007-10-26 12:40:32.499000+00:00,2007-10-26 16:30:32.499000+00:00,13800.0
id_27,channel_58,2007-10-26 12:40:32.499000+00:00,2007-10-26 16:30:32.499000+00:00,13800.0
id_27,channel_59,2007-10-26 12:40:32.499000+00:00,2007-10-26 16:30:32.499000+00:00,13800.0
id_27,channel_60,2007-10-26 12:40:32.499000+00:00,2007-10-26 16:30:32.499000+00:00,13800.0
id_27,channel_70,2007-10-26 12:21:14.118000+00:00,2007-10-26 16:30:44.118000+00:00,14970.0
id_27,channel_71,2007-10-26 12:20:57.999000+00:00,2007-10-26 16:30:27.999000+00:00,14970.0
id_27,channel_72,2007-10-26 12:21:11.874000+00:00,2007-10-26 16:30:41.874000+00:00,14970.0
id_27,channel_73,2007-10-26 12:20:55.749000+00:00,2007-10-26 16:30:25.749000+00:00,14970.0
id_27,channel_74,2007-10-26 12:21:09.624000+00:00,2007-10-26 16:30:39.624000+00:00,14970.0
id_27,channel_75,2007-10-26 12:20:53.499000+00:00,2007-10-26 16:30:53.499000+00:00,15000.0
id_27,channel_76,2007-10-26 12:21:07.374000+00:00,2007-10-26 16:30:37.374000+00:00,14970.0
id_28,channel_12,2007-12-24 02:34:15.282000+00:00,2007-12-24 05:16:15.282000+00:00,9720.0
id_28,channel_13,2007-12-24 02:34:15.282000+00:00,2007-12-24 05:16:15.282000+00:00,9720.0
id_28,channel_14,2007-12-24 02:34:15.282000+00:00,2007-12-24 05:16:15.282000+00:00,9720.0
id_28,channel_15,2007-12-24 02:34:15.282000+00:00,2007-12-24 05:16:15.282000+00:00,9720.0
id_28,channel_16,2007-12-24 02:34:15.282000+00:00,2007-12-24 05:16:15.282000+00:00,9720.0
id_28,channel_17,2007-12-24 02:34:15.282000+00:00,2007-12-24 05:16:15.282000+00:00,9720.0
id_28,channel_18,2007-12-24 02:34:15.282000+00:00,2007-12-24 05:16:15.282000+00:00,9720.0
id_28,channel_19,2007-12-24 02:34:15.282000+00:00,2007-12-24 05:16:15.282000+00:00,9720.0
id_28,channel_20,2007-12-24 02:34:15.282000+00:00,2007-12-24 05:16:15.282000+00:00,9720.0
id_28,channel_21,2007-12-24 02:34:15.282000+00:00,2007-12-24 05:16:15.282000+00:00,9720.0
id_28,channel_22,2007-12-24 02:34:15.282000+00:00,2007-12-24 05:16:15.282000+00:00,9720.0
id_28,channel_23,2007-12-24 02:34:15.282000+00:00,2007-12-24 05:16:15.282000+00:00,9720.0
id_28,channel_24,2007-12-24 02:34:15.282000+00:00,2007-12-24 05:16:15.282000+00:00,9720.0
id_28,channel_25,2007-12-24 02:34:15.282000+00:00,2007-12-24 05:16:15.282000+00:00,9720.0
id_28,channel_26,2007-12-24 02:34:15.282000+00:00,2007-12-24 05:16:15.282000+00:00,9720.0
id_28,channel_27,2007-12-24 02:34:15.282000+00:00,2007-12-24 05:16:15.282000+00:00,9720.0
id_28,channel_28,2007-12-24 02:34:15.282000+00:00,2007-12-24 05:16:15.282000+00:00,9720.0
id_28,channel_29,2007-12-24 02:34:15.282000+00:00,2007-12-24 05:16:15.282000+00:00,9720.0
id_28,channel_30,2007-12-24 02:34:15.282000+00:00,2007-12-24 05:16:15.282000+00:00,9720.0
id_28,channel_31,2007-12-24 02:34:15.282000+00:00,2007-12-24 05:16:15.282000+00:00,9720.0
id_28,channel_32,2007-12-24 02:34:15.282000+00:00,2007-12-24 05:16:15.282000+00:00,9720.0
id_28,channel_33,2007-12-24 02:34:15.282000+00:00,2007-12-24 05:16:15.282000+00:00,9720.0
id_28,channel_34,2007-12-24 02:34:15.282000+00:00,2007-12-24 05:16:15.282000+00:00,9720.0
id_28,channel_35,2007-12-24 02:34:15.282000+00:00,2007-12-24 05:16:15.282000+00:00,9720.0
id_28,channel_36,2007-12-24 02:34:15.282000+00:00,2007-12-24 05:16:15.282000+00:00,9720.0
id_28,channel_37,2007-12-24 02:34:15.282000+00:00,2007-12-24 05:16:15.282000+00:00,9720.0
id_28,channel_38,2007-12-24 02:34:15.282000+00:00,2007-12-24 05:16:15.282000+00:00,9720.0
id_28,channel_39,2007-12-24 02:34:15.282000+00:00,2007-12-24 05:16:15.282000+00:00,9720.0
id_28,channel_40,2007-12-24 02:34:15.282000+00:00,2007-12-24 05:16:15.282000+00:00,9720.0
id_28,channel_41,2007-12-24 02:34:24.999000+00:00,2007-12-24 05:16:24.999000+00:00,9720.0
id_28,channel_42,2007-12-24 02:34:24.999000+00:00,2007-12-24 05:16:24.999000+00:00,9720.0
id_28,channel_43,2007-12-24 02:34:24.999000+00:00,2007-12-24 05:16:24.999000+00:00,9720.0
id_28,channel_44,2007-12-24 02:34:24.999000+00:00,2007-12-24 05:16:24.999000+00:00,9720.0
id_28,channel_45,2007-12-24 02:34:24.999000+00:00,2007-12-24 05:16:24.999000+00:00,9720.0
id_28,channel_46,2007-12-24 02:34:24.999000+00:00,2007-12-24 05:16:24.999000+00:00,9720.0
id_28,channel_47,2007-12-24 02:34:24.999000+00:00,2007-12-24 05:16:24.999000+00:00,9720.0
id_28,channel_48,2007-12-24 02:34:24.999000+00:00,2007-12-24 05:16:24.999000+00:00,9720.0
id_28,channel_49,2007-12-24 02:34:24.999000+00:00,2007-12-24 05:16:24.999000+00:00,9720.0
id_28,channel_50,2007-12-24 02:33:37.374000+00:00,2007-12-24 05:12:37.374000+00:00,9540.0
id_28,channel_51,2007-12-24 02:33:37.374000+00:00,2007-12-24 05:12:37.374000+00:00,9540.0
id_28,channel_52,2007-12-24 02:33:37.374000+00:00,2007-12-24 05:12:37.374000+00:00,9540.0
id_28,channel_57,2007-12-24 02:34:32.493000+00:00,2007-12-24 05:16:32.493000+00:00,9720.0
id_28,channel_58,2007-12-24 02:34:32.493000+00:00,2007-12-24 05:16:32.493000+00:00,9720.0
id_28,channel_59,2007-12-24 02:34:32.493000+00:00,2007-12-24 05:16:32.493000+00:00,9720.0
id_28,channel_60,2007-12-24 02:34:32.493000+00:00,2007-12-24 05:16:32.493000+00:00,9720.0
id_28,channel_70,2007-12-24 02:30:44.109000+00:00,2007-12-24 05:16:44.109000+00:00,9960.0
id_28,channel_71,2007-12-24 02:30:27.993000+00:00,2007-12-24 05:16:27.993000+00:00,9960.0
id_28,channel_72,2007-12-24 02:30:41.868000+00:00,2007-12-24 05:16:41.868000+00:00,9960.0
id_28,channel_73,2007-12-24 02:30:25.740000+00:00,2007-12-24 05:16:25.740000+00:00,9960.0
id_28,channel_74,2007-12-24 02:30:39.618000+00:00,2007-12-24 05:16:39.618000+00:00,9960.0
id_28,channel_75,2007-12-24 02:30:23.493000+00:00,2007-12-24 05:16:53.493000+00:00,9990.0
id_28,channel_76,2007-12-24 02:30:37.368000+00:00,2007-12-24 05:16:37.368000+00:00,9960.0
id_29,channel_12,2008-06-07 15:40:15.258000+00:00,2008-06-07 16:34:15.258000+00:00,3240.0
id_29,channel_13,2008-06-07 15:40:15.258000+00:00,2008-06-07 16:34:15.258000+00:00,3240.0
id_29,channel_14,2008-06-07 15:40:15.258000+00:00,2008-06-07 16:34:15.258000+00:00,3240.0
id_29,channel_15,2008-06-07 15:40:15.258000+00:00,2008-06-07 16:34:15.258000+00:00,3240.0
id_29,channel_16,2008-06-07 15:40:15.258000+00:00,2008-06-07 16:34:15.258000+00:00,3240.0
id_29,channel_17,2008-06-07 15:40:15.258000+00:00,2008-06-07 16:34:15.258000+00:00,3240.0
id_29,channel_18,2008-06-07 15:40:15.258000+00:00,2008-06-07 16:34:15.258000+00:00,3240.0
id_29,channel_19,2008-06-07 15:40:15.258000+00:00,2008-06-07 16:34:15.258000+00:00,3240.0
id_29,channel_20,2008-06-07 15:40:15.258000+00:00,2008-06-07 16:34:15.258000+00:00,3240.0
id_29,channel_21,2008-06-07 15:40:15.258000+00:00,2008-06-07 16:34:15.258000+00:00,3240.0
id_29,channel_22,2008-06-07 15:40:15.258000+00:00,2008-06-07 16:34:15.258000+00:00,3240.0
id_29,channel_23,2008-06-07 15:40:15.258000+00:00,2008-06-07 16:34:15.258000+00:00,3240.0
id_29,channel_24,2008-06-07 15:40:15.258000+00:00,2008-06-07 16:34:15.258000+00:00,3240.0
id_29,channel_25,2008-06-07 15:40:15.258000+00:00,2008-06-07 16:34:15.258000+00:00,3240.0
id_29,channel_26,2008-06-07 15:40:15.258000+00:00,2008-06-07 16:34:15.258000+00:00,3240.0
id_29,channel_27,2008-06-07 15:40:15.258000+00:00,2008-06-07 16:34:15.258000+00:00,3240.0
id_29,channel_28,2008-06-07 15:40:15.258000+00:00,2008-06-07 16:34:15.258000+00:00,3240.0
id_29,channel_29,2008-06-07 15:40:15.258000+00:00,2008-06-07 16:34:15.258000+00:00,3240.0
id_29,channel_30,2008-06-07 15:40:15.258000+00:00,2008-06-07 16:34:15.258000+00:00,3240.0
id_29,channel_31,2008-06-07 15:40:15.258000+00:00,2008-06-07 16:34:15.258000+00:00,3240.0
id_29,channel_32,2008-06-07 15:40:15.258000+00:00,2008-06-07 16:34:15.258000+00:00,3240.0
id_29,channel_33,2008-06-07 15:40:15.258000+00:00,2008-06-07 16:34:15.258000+00:00,3240.0
id_29,channel_34,2008-06-07 15:40:15.258000+00:00,2008-06-07 16:34:15.258000+00:00,3240.0
id_29,channel_35,2008-06-07 15:40:15.258000+00:00,2008-06-07 16:34:15.258000+00:00,3240.0
id_29,channel_36,2008-06-07 15:40:15.258000+00:00,2008-06-07 16:34:15.258000+00:00,3240.0
id_29,channel_37,2008-06-07 15:40:15.258000+00:00,2008-06-07 16:34:15.258000+00:00,3240.0
id_29,channel_38,2008-06-07 15:40:15.258000+00:00,2008-06-07 16:34:15.258000+00:00,3240.0
id_29,channel_39,2008-06-07 15:40:15.258000+00:00,2008-06-07 16:34:15.258000+00:00,3240.0
id_29,channel_40,2008-06-07 15:40:15.258000+00:00,2008-06-07 16:34:15.258000+00:00,3240.0
id_29,channel_41,2008-06-07 15:36:47.475000+00:00,2008-06-07 16:42:54.975000+00:00,3967.5
id_29,channel_42,2008-06-07 15:36:47.475000+00:00,2008-06-07 16:42:54.975000+00:00,3967.5
id_29,channel_43,2008-06-07 15:36:47.475000+00:00,2008-06-07 16:42:54.975000+00:00,3967.5
id_29,channel_44,2008-06-07 15:36:47.475000+00:00,2008-06-07 16:42:54.975000+00:00,3967.5
id_29,channel_45,2008-06-07 15:36:47.475000+00:00,2008-06-07 16:42:54.975000+00:00,3967.5
id_29,channel_46,2008-06-07 15:36:47.475000+00:00,2008-06-07 16:42:54.975000+00:00,3967.5
id_29,channel_47,2008-06-07 15:40:24.975000+00:00,2008-06-07 16:42:54.975000+00:00,3750.0
id_29,channel_48,2008-06-07 15:40:24.975000+00:00,2008-06-07 16:42:54.975000+00:00,3750.0
id_29,channel_49,2008-06-07 15:40:24.975000+00:00,2008-06-07 16:42:54.975000+00:00,3750.0
id_29,channel_50,2008-06-07 15:39:37.350000+00:00,2008-06-07 16:42:37.350000+00:00,3780.0
id_29,channel_51,2008-06-07 15:39:37.350000+00:00,2008-06-07 16:42:37.350000+00:00,3780.0
id_29,channel_52,2008-06-07 15:39:37.350000+00:00,2008-06-07 16:42:37.350000+00:00,3780.0
id_29,channel_57,2008-06-07 15:40:32.469000+00:00,2008-06-07 16:34:32.469000+00:00,3240.0
id_29,channel_58,2008-06-07 15:40:32.469000+00:00,2008-06-07 16:34:32.469000+00:00,3240.0
id_29,channel_59,2008-06-07 15:40:32.469000+00:00,2008-06-07 16:34:32.469000+00:00,3240.0
id_29,channel_60,2008-06-07 15:40:32.469000+00:00,2008-06-07 16:34:32.469000+00:00,3240.0
id_29,channel_70,2008-06-07 15:36:14.085000+00:00,2008-06-07 16:43:14.085000+00:00,4020.0
id_29,channel_71,2008-06-07 15:35:57.969000+00:00,2008-06-07 16:43:27.969000+00:00,4050.0
id_29,channel_72,2008-06-07 15:36:11.844000+00:00,2008-06-07 16:43:11.844000+00:00,4020.0
id_29,channel_73,2008-06-07 15:35:55.716000+00:00,2008-06-07 16:43:25.716000+00:00,4050.0
id_29,channel_74,2008-06-07 15:36:09.594000+00:00,2008-06-07 16:43:09.594000+00:00,4020.0
id_29,channel_75,2008-06-07 15:35:53.469000+00:00,2008-06-07 16:43:23.469000+00:00,4050.0
id_29,channel_76,2008-06-07 15:36:07.344000+00:00,2008-06-07 16:43:37.344000+00:00,4050.0
id_30,channel_14,2000-02-27 08:28:36.627000+00:00,2000-02-27 14:06:06.627000+00:00,20250.0
id_30,channel_21,2000-02-27 08:27:06.627000+00:00,2000-02-27 13:39:06.627000+00:00,18720.0
id_30,channel_29,2000-02-27 08:45:06.627000+00:00,2000-02-27 13:43:36.627000+00:00,17910.0
id_31,channel_12,2008-06-10 16:25:15.258000+00:00,2008-06-10 19:34:15.258000+00:00,11340.0
id_31,channel_13,2008-06-10 16:25:15.258000+00:00,2008-06-10 19:34:15.258000+00:00,11340.0
id_31,channel_14,2008-06-10 16:25:15.258000+00:00,2008-06-10 19:34:15.258000+00:00,11340.0
id_31,channel_15,2008-06-10 16:25:15.258000+00:00,2008-06-10 19:34:15.258000+00:00,11340.0
id_31,channel_16,2008-06-10 16:25:15.258000+00:00,2008-06-10 19:34:15.258000+00:00,11340.0
id_31,channel_17,2008-06-10 16:25:15.258000+00:00,2008-06-10 19:34:15.258000+00:00,11340.0
id_31,channel_18,2008-06-10 16:25:15.258000+00:00,2008-06-10 19:34:15.258000+00:00,11340.0
id_31,channel_19,2008-06-10 16:25:15.258000+00:00,2008-06-10 19:34:15.258000+00:00,11340.0
id_31,channel_20,2008-06-10 16:25:15.258000+00:00,2008-06-10 19:34:15.258000+00:00,11340.0
id_31,channel_21,2008-06-10 16:25:15.258000+00:00,2008-06-10 19:34:15.258000+00:00,11340.0
id_31,channel_22,2008-06-10 16:25:15.258000+00:00,2008-06-10 19:34:15.258000+00:00,11340.0
id_31,channel_23,2008-06-10 16:25:15.258000+00:00,2008-06-10 19:34:15.258000+00:00,11340.0
id_31,channel_24,2008-06-10 16:25:15.258000+00:00,2008-06-10 19:34:15.258000+00:00,11340.0
id_31,channel_25,2008-06-10 16:25:15.258000+00:00,2008-06-10 19:34:15.258000+00:00,11340.0
id_31,channel_26,2008-06-10 16:25:15.258000+00:00,2008-06-10 19:34:15.258000+00:00,11340.0
id_31,channel_27,2008-06-10 16:25:15.258000+00:00,2008-06-10 19:34:15.258000+00:00,11340.0
id_31,channel_28,2008-06-10 16:25:15.258000+00:00,2008-06-10 19:34:15.258000+00:00,11340.0
id_31,channel_29,2008-06-10 16:25:15.258000+00:00,2008-06-10 19:34:15.258000+00:00,11340.0
id_31,channel_30,2008-06-10 16:25:15.258000+00:00,2008-06-10 19:34:15.258000+00:00,11340.0
id_31,channel_31,2008-06-10 16:25:15.258000+00:00,2008-06-10 19:34:15.258000+00:00,11340.0
id_31,channel_32,2008-06-10 16:25:15.258000+00:00,2008-06-10 19:34:15.258000+00:00,11340.0
id_31,channel_33,2008-06-10 16:25:15.258000+00:00,2008-06-10 19:34:15.258000+00:00,11340.0
id_31,channel_34,2008-06-10 16:25:15.258000+00:00,2008-06-10 19:34:15.258000+00:00,11340.0
id_31,channel_35,2008-06-10 16:25:15.258000+00:00,2008-06-10 19:34:15.258000+00:00,11340.0
id_31,channel_36,2008-06-10 16:25:15.258000+00:00,2008-06-10 19:34:15.258000+00:00,11340.0
id_31,channel_37,2008-06-10 16:25:15.258000+00:00,2008-06-10 19:34:15.258000+00:00,11340.0
id_31,channel_38,2008-06-10 16:25:15.258000+00:00,2008-06-10 19:34:15.258000+00:00,11340.0
id_31,channel_39,2008-06-10 16:25:15.258000+00:00,2008-06-10 19:34:15.258000+00:00,11340.0
id_31,channel_40,2008-06-10 16:25:15.258000+00:00,2008-06-10 19:34:15.258000+00:00,11340.0
id_31,channel_41,2008-06-10 16:20:54.975000+00:00,2008-06-10 19:42:54.975000+00:00,12120.0
id_31,channel_42,2008-06-10 16:20:54.975000+00:00,2008-06-10 19:42:54.975000+00:00,12120.0
id_31,channel_43,2008-06-10 16:20:54.975000+00:00,2008-06-10 19:42:54.975000+00:00,12120.0
id_31,channel_44,2008-06-10 16:20:54.975000+00:00,2008-06-10 19:42:54.975000+00:00,12120.0
id_31,channel_45,2008-06-10 16:20:54.975000+00:00,2008-06-10 19:42:54.975000+00:00,12120.0
id_31,channel_46,2008-06-10 16:20:54.975000+00:00,2008-06-10 19:42:54.975000+00:00,12120.0
id_31,channel_47,2008-06-10 16:20:54.975000+00:00,2008-06-10 19:42:54.975000+00:00,12120.0
id_31,channel_48,2008-06-10 16:20:54.975000+00:00,2008-06-10 19:42:54.975000+00:00,12120.0
id_31,channel_49,2008-06-10 16:20:54.975000+00:00,2008-06-10 19:42:54.975000+00:00,12120.0
id_31,channel_50,2008-06-10 16:20:07.350000+00:00,2008-06-10 19:42:37.350000+00:00,12150.0
id_31,channel_51,2008-06-10 16:20:07.350000+00:00,2008-06-10 19:42:37.350000+00:00,12150.0
id_31,channel_52,2008-06-10 16:20:07.350000+00:00,2008-06-10 19:42:37.350000+00:00,12150.0
id_31,channel_57,2008-06-10 16:25:32.469000+00:00,2008-06-10 19:34:32.469000+00:00,11340.0
id_31,channel_58,2008-06-10 16:25:32.469000+00:00,2008-06-10 19:34:32.469000+00:00,11340.0
id_31,channel_59,2008-06-10 16:25:32.469000+00:00,2008-06-10 19:34:32.469000+00:00,11340.0
id_31,channel_60,2008-06-10 16:25:32.469000+00:00,2008-06-10 19:34:32.469000+00:00,11340.0
id_31,channel_70,2008-06-10 16:21:14.085000+00:00,2008-06-10 19:43:14.085000+00:00,12120.0
id_31,channel_71,2008-06-10 16:20:57.969000+00:00,2008-06-10 19:43:27.969000+00:00,12150.0
id_31,channel_72,2008-06-10 16:21:11.844000+00:00,2008-06-10 19:43:11.844000+00:00,12120.0
id_31,channel_73,2008-06-10 16:20:55.716000+00:00,2008-06-10 19:43:25.716000+00:00,12150.0
id_31,channel_74,2008-06-10 16:21:09.594000+00:00,2008-06-10 19:43:09.594000+00:00,12120.0
id_31,channel_75,2008-06-10 16:20:53.469000+00:00,2008-06-10 19:43:23.469000+00:00,12150.0
id_31,channel_76,2008-06-10 16:21:07.344000+00:00,2008-06-10 19:43:37.344000+00:00,12150.0
id_32,channel_12,2008-10-15 20:28:15.237000+00:00,2008-10-15 23:31:15.237000+00:00,10980.0
id_32,channel_13,2008-10-15 20:28:15.237000+00:00,2008-10-15 23:31:15.237000+00:00,10980.0
id_32,channel_14,2008-10-15 20:28:15.237000+00:00,2008-10-15 23:31:15.237000+00:00,10980.0
id_32,channel_15,2008-10-15 20:28:15.237000+00:00,2008-10-15 23:31:15.237000+00:00,10980.0
id_32,channel_16,2008-10-15 20:28:15.237000+00:00,2008-10-15 23:31:15.237000+00:00,10980.0
id_32,channel_17,2008-10-15 20:28:15.237000+00:00,2008-10-15 23:31:15.237000+00:00,10980.0
id_32,channel_18,2008-10-15 20:28:15.237000+00:00,2008-10-15 23:31:15.237000+00:00,10980.0
id_32,channel_19,2008-10-15 20:28:15.237000+00:00,2008-10-15 23:31:15.237000+00:00,10980.0
id_32,channel_20,2008-10-15 20:28:15.237000+00:00,2008-10-15 23:31:15.237000+00:00,10980.0
id_32,channel_21,2008-10-15 20:28:15.237000+00:00,2008-10-15 23:31:15.237000+00:00,10980.0
id_32,channel_22,2008-10-15 20:28:15.237000+00:00,2008-10-15 23:31:15.237000+00:00,10980.0
id_32,channel_23,2008-10-15 20:28:15.237000+00:00,2008-10-15 23:31:15.237000+00:00,10980.0
id_32,channel_24,2008-10-15 20:28:15.237000+00:00,2008-10-15 23:31:15.237000+00:00,10980.0
id_32,channel_25,2008-10-15 20:28:15.237000+00:00,2008-10-15 23:31:15.237000+00:00,10980.0
id_32,channel_26,2008-10-15 20:28:15.237000+00:00,2008-10-15 23:31:15.237000+00:00,10980.0
id_32,channel_27,2008-10-15 20:28:15.237000+00:00,2008-10-15 23:31:15.237000+00:00,10980.0
id_32,channel_28,2008-10-15 20:28:15.237000+00:00,2008-10-15 23:31:15.237000+00:00,10980.0
id_32,channel_29,2008-10-15 20:28:15.237000+00:00,2008-10-15 23:31:15.237000+00:00,10980.0
id_32,channel_30,2008-10-15 20:28:15.237000+00:00,2008-10-15 23:31:15.237000+00:00,10980.0
id_32,channel_31,2008-10-15 20:28:15.237000+00:00,2008-10-15 23:31:15.237000+00:00,10980.0
id_32,channel_32,2008-10-15 20:28:15.237000+00:00,2008-10-15 23:31:15.237000+00:00,10980.0
id_32,channel_33,2008-10-15 20:28:15.237000+00:00,2008-10-15 23:31:15.237000+00:00,10980.0
id_32,channel_34,2008-10-15 20:28:15.237000+00:00,2008-10-15 23:31:15.237000+00:00,10980.0
id_32,channel_35,2008-10-15 20:28:15.237000+00:00,2008-10-15 23:31:15.237000+00:00,10980.0
id_32,channel_36,2008-10-15 20:28:15.237000+00:00,2008-10-15 23:31:15.237000+00:00,10980.0
id_32,channel_37,2008-10-15 20:28:15.237000+00:00,2008-10-15 23:31:15.237000+00:00,10980.0
id_32,channel_38,2008-10-15 20:28:15.237000+00:00,2008-10-15 23:31:15.237000+00:00,10980.0
id_32,channel_39,2008-10-15 20:28:15.237000+00:00,2008-10-15 23:31:15.237000+00:00,10980.0
id_32,channel_40,2008-10-15 20:28:15.237000+00:00,2008-10-15 23:31:15.237000+00:00,10980.0
id_32,channel_41,2008-10-15 20:23:54.957000+00:00,2008-10-15 23:36:47.457000+00:00,11572.5
id_32,channel_42,2008-10-15 20:23:54.957000+00:00,2008-10-15 23:36:47.457000+00:00,11572.5
id_32,channel_43,2008-10-15 20:23:54.957000+00:00,2008-10-15 23:36:47.457000+00:00,11572.5
id_32,channel_44,2008-10-15 20:23:54.957000+00:00,2008-10-15 23:36:47.457000+00:00,11572.5
id_32,channel_45,2008-10-15 20:23:54.957000+00:00,2008-10-15 23:36:47.457000+00:00,11572.5
id_32,channel_46,2008-10-15 20:23:54.957000+00:00,2008-10-15 23:36:47.457000+00:00,11572.5
id_32,channel_47,2008-10-15 20:23:54.957000+00:00,2008-10-15 23:31:24.957000+00:00,11250.0
id_32,channel_48,2008-10-15 20:23:54.957000+00:00,2008-10-15 23:31:24.957000+00:00,11250.0
id_32,channel_49,2008-10-15 20:23:54.957000+00:00,2008-10-15 23:31:24.957000+00:00,11250.0
id_32,channel_50,2008-10-15 20:27:37.332000+00:00,2008-10-15 23:36:37.332000+00:00,11340.0
id_32,channel_51,2008-10-15 20:27:37.332000+00:00,2008-10-15 23:36:37.332000+00:00,11340.0
id_32,channel_52,2008-10-15 20:27:37.332000+00:00,2008-10-15 23:36:37.332000+00:00,11340.0
id_32,channel_57,2008-10-15 20:28:32.451000+00:00,2008-10-15 23:31:32.451000+00:00,10980.0
id_32,channel_58,2008-10-15 20:28:32.451000+00:00,2008-10-15 23:31:32.451000+00:00,10980.0
id_32,channel_59,2008-10-15 20:28:32.451000+00:00,2008-10-15 23:31:32.451000+00:00,10980.0
id_32,channel_60,2008-10-15 20:28:32.451000+00:00,2008-10-15 23:31:32.451000+00:00,10980.0
id_32,channel_70,2008-10-15 20:24:14.067000+00:00,2008-10-15 23:37:14.067000+00:00,11580.0
id_32,channel_71,2008-10-15 20:23:57.948000+00:00,2008-10-15 23:37:27.948000+00:00,11610.0
id_32,channel_72,2008-10-15 20:24:11.823000+00:00,2008-10-15 23:37:11.823000+00:00,11580.0
id_32,channel_73,2008-10-15 20:23:55.698000+00:00,2008-10-15 23:37:25.698000+00:00,11610.0
id_32,channel_74,2008-10-15 20:24:09.573000+00:00,2008-10-15 23:37:09.573000+00:00,11580.0
id_32,channel_75,2008-10-15 20:23:53.451000+00:00,2008-10-15 23:37:23.451000+00:00,11610.0
id_32,channel_76,2008-10-15 20:24:07.323000+00:00,2008-10-15 23:37:37.323000+00:00,11610.0
id_33,channel_12,2009-03-08 10:37:15.216000+00:00,2009-03-08 13:46:15.216000+00:00,11340.0
id_33,channel_13,2009-03-08 10:37:15.216000+00:00,2009-03-08 13:46:15.216000+00:00,11340.0
id_33,channel_14,2009-03-08 10:37:15.216000+00:00,2009-03-08 13:46:15.216000+00:00,11340.0
id_33,channel_15,2009-03-08 10:37:15.216000+00:00,2009-03-08 13:46:15.216000+00:00,11340.0
id_33,channel_16,2009-03-08 10:37:15.216000+00:00,2009-03-08 13:46:15.216000+00:00,11340.0
id_33,channel_17,2009-03-08 10:37:15.216000+00:00,2009-03-08 13:46:15.216000+00:00,11340.0
id_33,channel_18,2009-03-08 10:37:15.216000+00:00,2009-03-08 13:46:15.216000+00:00,11340.0
id_33,channel_19,2009-03-08 10:37:15.216000+00:00,2009-03-08 13:46:15.216000+00:00,11340.0
id_33,channel_20,2009-03-08 10:37:15.216000+00:00,2009-03-08 13:46:15.216000+00:00,11340.0
id_33,channel_21,2009-03-08 10:37:15.216000+00:00,2009-03-08 13:46:15.216000+00:00,11340.0
id_33,channel_22,2009-03-08 10:37:15.216000+00:00,2009-03-08 13:46:15.216000+00:00,11340.0
id_33,channel_23,2009-03-08 10:37:15.216000+00:00,2009-03-08 13:46:15.216000+00:00,11340.0
id_33,channel_24,2009-03-08 10:37:15.216000+00:00,2009-03-08 13:46:15.216000+00:00,11340.0
id_33,channel_25,2009-03-08 10:37:15.216000+00:00,2009-03-08 13:46:15.216000+00:00,11340.0
id_33,channel_26,2009-03-08 10:37:15.216000+00:00,2009-03-08 13:46:15.216000+00:00,11340.0
id_33,channel_27,2009-03-08 10:37:15.216000+00:00,2009-03-08 13:46:15.216000+00:00,11340.0
id_33,channel_28,2009-03-08 10:37:15.216000+00:00,2009-03-08 13:46:15.216000+00:00,11340.0
id_33,channel_29,2009-03-08 10:37:15.216000+00:00,2009-03-08 13:46:15.216000+00:00,11340.0
id_33,channel_30,2009-03-08 10:37:15.216000+00:00,2009-03-08 13:46:15.216000+00:00,11340.0
id_33,channel_31,2009-03-08 10:37:15.216000+00:00,2009-03-08 13:46:15.216000+00:00,11340.0
id_33,channel_32,2009-03-08 10:37:15.216000+00:00,2009-03-08 13:46:15.216000+00:00,11340.0
id_33,channel_33,2009-03-08 10:37:15.216000+00:00,2009-03-08 13:46:15.216000+00:00,11340.0
id_33,channel_34,2009-03-08 10:37:15.216000+00:00,2009-03-08 13:46:15.216000+00:00,11340.0
id_33,channel_35,2009-03-08 10:37:15.216000+00:00,2009-03-08 13:46:15.216000+00:00,11340.0
id_33,channel_36,2009-03-08 10:37:15.216000+00:00,2009-03-08 13:46:15.216000+00:00,11340.0
id_33,channel_37,2009-03-08 10:37:15.216000+00:00,2009-03-08 13:46:15.216000+00:00,11340.0
id_33,channel_38,2009-03-08 10:37:15.216000+00:00,2009-03-08 13:46:15.216000+00:00,11340.0
id_33,channel_39,2009-03-08 10:37:15.216000+00:00,2009-03-08 13:46:15.216000+00:00,11340.0
id_33,channel_40,2009-03-08 10:37:15.216000+00:00,2009-03-08 13:46:15.216000+00:00,11340.0
id_33,channel_41,2009-03-08 10:32:54.936000+00:00,2009-03-08 13:51:54.936000+00:00,11940.0
id_33,channel_42,2009-03-08 10:32:54.936000+00:00,2009-03-08 13:51:54.936000+00:00,11940.0
id_33,channel_43,2009-03-08 10:32:54.936000+00:00,2009-03-08 13:51:54.936000+00:00,11940.0
id_33,channel_44,2009-03-08 10:32:54.936000+00:00,2009-03-08 13:51:54.936000+00:00,11940.0
id_33,channel_45,2009-03-08 10:32:54.936000+00:00,2009-03-08 13:51:54.936000+00:00,11940.0
id_33,channel_46,2009-03-08 10:32:54.936000+00:00,2009-03-08 13:51:54.936000+00:00,11940.0
id_33,channel_47,2009-03-08 10:32:54.936000+00:00,2009-03-08 13:51:54.936000+00:00,11940.0
id_33,channel_48,2009-03-08 10:32:54.936000+00:00,2009-03-08 13:51:54.936000+00:00,11940.0
id_33,channel_49,2009-03-08 10:32:54.936000+00:00,2009-03-08 13:51:54.936000+00:00,11940.0
id_33,channel_50,2009-03-08 10:36:37.311000+00:00,2009-03-08 13:51:37.311000+00:00,11700.0
id_33,channel_51,2009-03-08 10:36:37.311000+00:00,2009-03-08 13:51:37.311000+00:00,11700.0
id_33,channel_52,2009-03-08 10:36:37.311000+00:00,2009-03-08 13:51:37.311000+00:00,11700.0
id_33,channel_57,2009-03-08 10:37:32.430000+00:00,2009-03-08 13:46:32.430000+00:00,11340.0
id_33,channel_58,2009-03-08 10:37:32.430000+00:00,2009-03-08 13:46:32.430000+00:00,11340.0
id_33,channel_59,2009-03-08 10:37:32.430000+00:00,2009-03-08 13:46:32.430000+00:00,11340.0
id_33,channel_60,2009-03-08 10:37:32.430000+00:00,2009-03-08 13:46:32.430000+00:00,11340.0
id_33,channel_64,2009-03-08 13:47:03.135000+00:00,2009-03-08 13:47:03.135000+00:00,0.0
id_33,channel_65,2009-03-08 13:47:03.135000+00:00,2009-03-08 13:47:03.135000+00:00,0.0
id_33,channel_66,2009-03-08 13:47:03.135000+00:00,2009-03-08 13:47:03.135000+00:00,0.0
id_33,channel_70,2009-03-08 10:33:14.046000+00:00,2009-03-08 13:52:14.046000+00:00,11940.0
id_33,channel_71,2009-03-08 10:32:57.927000+00:00,2009-03-08 13:52:27.927000+00:00,11970.0
id_33,channel_72,2009-03-08 10:33:11.802000+00:00,2009-03-08 13:52:11.802000+00:00,11940.0
id_33,channel_73,2009-03-08 10:32:55.677000+00:00,2009-03-08 13:52:25.677000+00:00,11970.0
id_33,channel_74,2009-03-08 10:33:09.552000+00:00,2009-03-08 13:52:09.552000+00:00,11940.0
id_33,channel_75,2009-03-08 10:32:53.430000+00:00,2009-03-08 13:52:23.430000+00:00,11970.0
id_33,channel_76,2009-03-08 10:33:07.302000+00:00,2009-03-08 13:52:37.302000+00:00,11970.0
id_34,channel_12,2009-06-10 20:07:30.204000+00:00,2009-06-10 23:37:30.204000+00:00,12600.0
id_34,channel_13,2009-06-10 20:07:30.204000+00:00,2009-06-10 23:37:30.204000+00:00,12600.0
id_34,channel_14,2009-06-10 20:07:30.204000+00:00,2009-06-10 23:37:30.204000+00:00,12600.0
id_34,channel_15,2009-06-10 20:07:30.204000+00:00,2009-06-10 23:37:30.204000+00:00,12600.0
id_34,channel_16,2009-06-10 20:07:30.204000+00:00,2009-06-10 23:37:30.204000+00:00,12600.0
id_34,channel_17,2009-06-10 20:07:30.204000+00:00,2009-06-10 23:37:30.204000+00:00,12600.0
id_34,channel_18,2009-06-10 20:07:30.204000+00:00,2009-06-10 23:37:30.204000+00:00,12600.0
id_34,channel_19,2009-06-10 20:07:30.204000+00:00,2009-06-10 23:37:30.204000+00:00,12600.0
id_34,channel_20,2009-06-10 20:07:30.204000+00:00,2009-06-10 23:37:30.204000+00:00,12600.0
id_34,channel_21,2009-06-10 20:07:30.204000+00:00,2009-06-10 23:37:30.204000+00:00,12600.0
id_34,channel_22,2009-06-10 20:07:30.204000+00:00,2009-06-10 23:37:30.204000+00:00,12600.0
id_34,channel_23,2009-06-10 20:07:30.204000+00:00,2009-06-10 23:37:30.204000+00:00,12600.0
id_34,channel_24,2009-06-10 20:07:30.204000+00:00,2009-06-10 23:37:30.204000+00:00,12600.0
id_34,channel_25,2009-06-10 20:07:30.204000+00:00,2009-06-10 23:37:30.204000+00:00,12600.0
id_34,channel_26,2009-06-10 20:07:30.204000+00:00,2009-06-10 23:37:30.204000+00:00,12600.0
id_34,channel_27,2009-06-10 20:07:30.204000+00:00,2009-06-10 23:37:30.204000+00:00,12600.0
id_34,channel_28,2009-06-10 20:07:30.204000+00:00,2009-06-10 23:37:30.204000+00:00,12600.0
id_34,channel_29,2009-06-10 20:07:30.204000+00:00,2009-06-10 23:37:30.204000+00:00,12600.0
id_34,channel_30,2009-06-10 20:07:30.204000+00:00,2009-06-10 23:37:30.204000+00:00,12600.0
id_34,channel_31,2009-06-10 20:07:30.204000+00:00,2009-06-10 23:37:30.204000+00:00,12600.0
id_34,channel_32,2009-06-10 20:07:30.204000+00:00,2009-06-10 23:37:30.204000+00:00,12600.0
id_34,channel_33,2009-06-10 20:07:30.204000+00:00,2009-06-10 23:37:30.204000+00:00,12600.0
id_34,channel_34,2009-06-10 20:07:30.204000+00:00,2009-06-10 23:37:30.204000+00:00,12600.0
id_34,channel_35,2009-06-10 20:07:30.204000+00:00,2009-06-10 23:37:30.204000+00:00,12600.0
id_34,channel_36,2009-06-10 20:07:30.204000+00:00,2009-06-10 23:37:30.204000+00:00,12600.0
id_34,channel_37,2009-06-10 20:07:30.204000+00:00,2009-06-10 23:37:30.204000+00:00,12600.0
id_34,channel_38,2009-06-10 20:07:30.204000+00:00,2009-06-10 23:37:30.204000+00:00,12600.0
id_34,channel_39,2009-06-10 20:07:30.204000+00:00,2009-06-10 23:37:30.204000+00:00,12600.0
id_34,channel_40,2009-06-10 20:07:30.204000+00:00,2009-06-10 23:37:30.204000+00:00,12600.0
id_34,channel_41,2009-06-10 20:07:39.921000+00:00,2009-06-10 23:34:39.921000+00:00,12420.0
id_34,channel_42,2009-06-10 20:07:39.921000+00:00,2009-06-10 23:34:39.921000+00:00,12420.0
id_34,channel_43,2009-06-10 20:07:39.921000+00:00,2009-06-10 23:34:39.921000+00:00,12420.0
id_34,channel_44,2009-06-10 20:07:39.921000+00:00,2009-06-10 23:34:39.921000+00:00,12420.0
id_34,channel_45,2009-06-10 20:07:39.921000+00:00,2009-06-10 23:34:39.921000+00:00,12420.0
id_34,channel_46,2009-06-10 20:07:39.921000+00:00,2009-06-10 23:34:39.921000+00:00,12420.0
id_34,channel_47,2009-06-10 20:07:39.921000+00:00,2009-06-10 23:34:39.921000+00:00,12420.0
id_34,channel_48,2009-06-10 20:07:39.921000+00:00,2009-06-10 23:34:39.921000+00:00,12420.0
id_34,channel_49,2009-06-10 20:07:39.921000+00:00,2009-06-10 23:34:39.921000+00:00,12420.0
id_34,channel_50,2009-06-10 20:06:52.299000+00:00,2009-06-10 23:33:52.296000+00:00,12419.997
id_34,channel_51,2009-06-10 20:06:52.299000+00:00,2009-06-10 23:33:52.296000+00:00,12419.997
id_34,channel_52,2009-06-10 20:06:52.299000+00:00,2009-06-10 23:33:52.296000+00:00,12419.997
id_34,channel_57,2009-06-10 20:07:47.415000+00:00,2009-06-10 23:34:47.415000+00:00,12420.0
id_34,channel_58,2009-06-10 20:07:47.415000+00:00,2009-06-10 23:34:47.415000+00:00,12420.0
id_34,channel_59,2009-06-10 20:07:47.415000+00:00,2009-06-10 23:34:47.415000+00:00,12420.0
id_34,channel_60,2009-06-10 20:07:47.415000+00:00,2009-06-10 23:34:47.415000+00:00,12420.0
id_34,channel_61,2009-06-10 20:07:29.031000+00:00,2009-06-10 23:35:59.031000+00:00,12510.0
id_34,channel_62,2009-06-10 20:07:29.031000+00:00,2009-06-10 23:35:59.031000+00:00,12510.0
id_34,channel_63,2009-06-10 20:07:29.031000+00:00,2009-06-10 23:35:59.031000+00:00,12510.0
id_34,channel_65,2009-06-10 20:08:18.120000+00:00,2009-06-10 23:35:18.120000+00:00,12420.0
id_34,channel_70,2009-06-10 20:07:29.031000+00:00,2009-06-10 23:35:59.031000+00:00,12510.0
id_34,channel_71,2009-06-10 20:07:42.915000+00:00,2009-06-10 23:36:12.915000+00:00,12510.0
id_34,channel_72,2009-06-10 20:07:26.790000+00:00,2009-06-10 23:36:26.790000+00:00,12540.0
id_34,channel_73,2009-06-10 20:07:40.662000+00:00,2009-06-10 23:36:10.662000+00:00,12510.0
id_34,channel_74,2009-06-10 20:07:24.540000+00:00,2009-06-10 23:36:24.540000+00:00,12540.0
id_34,channel_75,2009-06-10 20:07:38.415000+00:00,2009-06-10 23:36:08.415000+00:00,12510.0
id_34,channel_76,2009-06-10 20:07:52.290000+00:00,2009-06-10 23:36:22.290000+00:00,12510.0
id_35,channel_12,2000-10-22 23:48:05.853000+00:00,2000-10-23 00:19:05.478000+00:00,1859.625
id_35,channel_13,2000-10-22 23:48:05.853000+00:00,2000-10-23 00:19:05.478000+00:00,1859.625
id_35,channel_14,2000-10-22 23:48:05.853000+00:00,2000-10-23 00:19:05.478000+00:00,1859.625
id_35,channel_15,2000-10-22 23:48:05.853000+00:00,2000-10-23 00:19:05.478000+00:00,1859.625
id_35,channel_16,2000-10-22 23:48:05.853000+00:00,2000-10-23 00:19:05.478000+00:00,1859.625
id_35,channel_17,2000-10-22 23:48:05.853000+00:00,2000-10-23 00:19:05.478000+00:00,1859.625
id_35,channel_18,2000-10-22 23:48:05.853000+00:00,2000-10-23 00:19:05.478000+00:00,1859.625
id_35,channel_19,2000-10-22 23:48:05.853000+00:00,2000-10-23 00:19:05.478000+00:00,1859.625
id_35,channel_20,2000-10-22 23:48:05.853000+00:00,2000-10-23 00:19:05.478000+00:00,1859.625
id_35,channel_21,2000-10-22 23:48:05.853000+00:00,2000-10-23 00:19:05.478000+00:00,1859.625
id_35,channel_22,2000-10-22 23:48:05.853000+00:00,2000-10-23 00:19:05.478000+00:00,1859.625
id_35,channel_23,2000-10-22 23:48:05.853000+00:00,2000-10-23 00:19:05.478000+00:00,1859.625
id_35,channel_24,2000-10-22 23:48:05.853000+00:00,2000-10-23 00:19:05.478000+00:00,1859.625
id_35,channel_25,2000-10-22 23:48:05.853000+00:00,2000-10-23 00:19:05.478000+00:00,1859.625
id_35,channel_26,2000-10-22 23:48:05.853000+00:00,2000-10-23 00:19:05.478000+00:00,1859.625
id_35,channel_27,2000-10-22 23:48:05.853000+00:00,2000-10-23 00:19:05.478000+00:00,1859.625
id_35,channel_28,2000-10-22 23:48:05.853000+00:00,2000-10-23 00:19:05.478000+00:00,1859.625
id_35,channel_29,2000-10-22 23:48:05.853000+00:00,2000-10-23 00:19:05.478000+00:00,1859.625
id_35,channel_30,2000-10-22 23:48:05.853000+00:00,2000-10-23 00:19:05.478000+00:00,1859.625
id_35,channel_31,2000-10-22 23:48:05.853000+00:00,2000-10-23 00:19:05.478000+00:00,1859.625
id_35,channel_32,2000-10-22 23:48:05.853000+00:00,2000-10-23 00:19:05.478000+00:00,1859.625
id_35,channel_33,2000-10-22 23:48:05.853000+00:00,2000-10-23 00:19:05.478000+00:00,1859.625
id_35,channel_34,2000-10-22 23:48:05.853000+00:00,2000-10-23 00:19:05.478000+00:00,1859.625
id_35,channel_35,2000-10-22 23:48:05.853000+00:00,2000-10-23 00:19:05.478000+00:00,1859.625
id_35,channel_36,2000-10-22 23:48:05.853000+00:00,2000-10-23 00:19:05.478000+00:00,1859.625
id_35,channel_37,2000-10-22 23:48:05.853000+00:00,2000-10-23 00:19:05.478000+00:00,1859.625
id_35,channel_38,2000-10-22 23:48:05.853000+00:00,2000-10-23 00:19:05.478000+00:00,1859.625
id_35,channel_39,2000-10-22 23:48:05.853000+00:00,2000-10-23 00:19:05.478000+00:00,1859.625
id_35,channel_40,2000-10-22 23:48:05.853000+00:00,2000-10-23 00:19:05.478000+00:00,1859.625
id_35,channel_41,2000-10-22 22:57:58.320000+00:00,2000-10-22 23:06:28.320000+00:00,510.0
id_35,channel_42,2000-10-22 22:57:58.320000+00:00,2000-10-22 23:05:58.320000+00:00,480.0
id_35,channel_43,2000-10-22 22:57:58.320000+00:00,2000-10-22 23:06:28.320000+00:00,510.0
id_35,channel_44,2000-10-22 22:57:58.320000+00:00,2000-10-22 23:06:28.320000+00:00,510.0
id_35,channel_45,2000-10-22 22:57:58.320000+00:00,2000-10-22 23:06:28.320000+00:00,510.0
id_35,channel_46,2000-10-22 22:58:28.320000+00:00,2000-10-22 23:06:28.320000+00:00,480.0
id_36,channel_14,2000-08-16 10:07:48.609000+00:00,2000-08-16 15:06:18.609000+00:00,17910.0
id_36,channel_21,2000-08-16 10:03:18.609000+00:00,2000-08-16 15:04:48.609000+00:00,18090.0
id_36,channel_29,2000-08-16 09:58:48.609000+00:00,2000-08-16 15:27:18.609000+00:00,19710.0
id_37,channel_41,2001-07-25 23:38:25.290000+00:00,2001-07-25 23:57:55.290000+00:00,1170.0
id_37,channel_42,2001-07-25 23:26:55.290000+00:00,2001-07-25 23:49:25.290000+00:00,1350.0
id_37,channel_43,2001-07-25 23:26:55.290000+00:00,2001-07-25 23:53:25.290000+00:00,1590.0
id_37,channel_44,2001-07-25 23:34:25.290000+00:00,2001-07-25 23:57:25.290000+00:00,1380.0
id_37,channel_45,2001-07-25 23:19:55.290000+00:00,2001-07-25 23:40:55.290000+00:00,1260.0
id_37,channel_46,2001-07-25 23:21:55.290000+00:00,2001-07-25 23:49:25.290000+00:00,1650.0
id_38,channel_41,2001-10-05 12:11:55.281000+00:00,2001-10-05 13:44:55.281000+00:00,5580.0
id_38,channel_42,2001-10-05 12:05:55.281000+00:00,2001-10-05 13:23:55.281000+00:00,4680.0
id_38,channel_43,2001-10-05 11:39:55.281000+00:00,2001-10-05 13:23:25.281000+00:00,6210.0
id_38,channel_44,2001-10-05 11:58:25.281000+00:00,2001-10-05 13:43:25.281000+00:00,6300.0
id_38,channel_45,2001-10-05 12:09:25.281000+00:00,2001-10-05 13:35:55.281000+00:00,5190.0
id_38,channel_47,2001-10-05 12:22:55.281000+00:00,2001-10-06 01:13:25.281000+00:00,46230.0
id_38,channel_48,2001-10-05 12:25:25.281000+00:00,2001-10-06 00:48:25.281000+00:00,44580.0
id_38,channel_49,2001-10-05 12:29:25.281000+00:00,2001-10-05 23:56:25.281000+00:00,41220.0
id_38,channel_50,2001-10-05 12:43:07.662000+00:00,2001-10-05 23:35:37.662000+00:00,39150.0
id_38,channel_51,2001-10-05 12:28:07.662000+00:00,2001-10-06 00:46:07.662000+00:00,44280.0
id_38,channel_52,2001-10-05 12:31:07.662000+00:00,2001-10-05 23:56:37.662000+00:00,41130.0
id_39,channel_41,2004-08-23 00:12:25.161000+00:00,2004-08-23 01:24:25.161000+00:00,4320.0
id_39,channel_42,2004-08-23 00:12:25.161000+00:00,2004-08-23 01:24:25.161000+00:00,4320.0
id_39,channel_43,2004-08-23 00:12:25.161000+00:00,2004-08-23 01:24:25.161000+00:00,4320.0
id_39,channel_44,2004-08-23 00:12:25.161000+00:00,2004-08-23 01:24:25.161000+00:00,4320.0
id_39,channel_45,2004-08-23 00:12:25.161000+00:00,2004-08-23 01:23:55.161000+00:00,4290.0
id_39,channel_46,2004-08-23 00:12:25.161000+00:00,2004-08-23 01:24:25.161000+00:00,4320.0
id_39,channel_47,2004-08-23 00:18:25.161000+00:00,2004-08-23 03:00:55.161000+00:00,9750.0
id_39,channel_48,2004-08-23 00:14:55.161000+00:00,2004-08-23 03:30:25.161000+00:00,11730.0
id_39,channel_49,2004-08-23 00:16:25.161000+00:00,2004-08-23 02:49:55.161000+00:00,9210.0
id_39,channel_50,2004-08-23 00:17:37.539000+00:00,2004-08-23 03:32:37.539000+00:00,11700.0
id_39,channel_51,2004-08-23 00:17:37.539000+00:00,2004-08-23 03:37:07.539000+00:00,11970.0
id_39,channel_52,2004-08-23 00:22:07.539000+00:00,2004-08-23 02:46:07.539000+00:00,8640.0
id_40,channel_41,2009-09-20 14:33:09.906000+00:00,2009-09-20 14:39:39.906000+00:00,390.0
id_40,channel_42,2009-09-20 14:39:09.906000+00:00,2009-09-20 14:39:39.906000+00:00,30.0
id_40,channel_43,2009-09-20 14:33:09.906000+00:00,2009-09-20 14:40:09.906000+00:00,420.0
id_40,channel_44,2009-09-20 14:33:09.906000+00:00,2009-09-20 14:39:39.906000+00:00,390.0
id_40,channel_45,2009-09-20 14:33:09.906000+00:00,2009-09-20 14:39:39.906000+00:00,390.0
id_40,channel_46,2009-09-20 14:33:09.906000+00:00,2009-09-20 14:43:09.906000+00:00,600.0
id_40,channel_47,2009-09-20 14:38:09.906000+00:00,2009-09-20 14:48:39.906000+00:00,630.0
id_40,channel_48,2009-09-20 14:36:39.906000+00:00,2009-09-20 14:48:39.906000+00:00,720.0
id_40,channel_49,2009-09-20 14:36:39.906000+00:00,2009-09-20 14:44:09.906000+00:00,450.0
id_40,channel_50,2009-09-20 14:36:52.284000+00:00,2009-09-20 14:42:52.284000+00:00,360.0
id_40,channel_51,2009-09-20 14:36:52.284000+00:00,2009-09-20 14:48:52.284000+00:00,720.0
id_40,channel_52,2009-09-20 14:38:22.284000+00:00,2009-09-20 14:42:52.284000+00:00,270.0
id_41,channel_41,2004-09-15 17:42:25.158000+00:00,2004-09-15 17:47:25.158000+00:00,300.0
id_41,channel_42,2004-09-15 17:42:25.158000+00:00,2004-09-15 17:48:55.158000+00:00,390.0
id_41,channel_45,2004-09-15 17:42:25.158000+00:00,2004-09-15 17:47:25.158000+00:00,300.0
id_41,channel_46,2004-09-15 17:41:55.158000+00:00,2004-09-15 17:47:55.158000+00:00,360.0
id_41,channel_70,2004-09-15 17:44:44.268000+00:00,2004-09-15 17:47:44.268000+00:00,180.0
id_41,channel_72,2004-09-15 17:44:12.024000+00:00,2004-09-15 17:47:42.024000+00:00,210.0
id_41,channel_73,2004-09-15 17:43:55.899000+00:00,2004-09-15 17:47:25.899000+00:00,210.0
id_41,channel_74,2004-09-15 17:43:09.774000+00:00,2004-09-15 17:47:39.774000+00:00,270.0
id_41,channel_75,2004-09-15 17:43:53.649000+00:00,2004-09-15 17:47:53.649000+00:00,240.0
id_41,channel_76,2004-09-15 17:44:07.524000+00:00,2004-09-15 17:47:37.524000+00:00,210.0
id_42,channel_41,2012-12-06 18:34:09.723000+00:00,2012-12-06 18:34:09.723000+00:00,0.0
id_43,channel_61,2008-11-27 15:12:23.775000+00:00,2008-11-30 15:12:23.775000+00:00,259200.0
id_43,channel_62,2008-11-27 15:12:23.775000+00:00,2008-11-30 15:12:23.775000+00:00,259200.0
id_43,channel_63,2008-11-27 15:12:23.775000+00:00,2008-11-30 15:12:23.775000+00:00,259200.0
id_44,channel_41,2010-05-22 18:03:09.870000+00:00,2010-05-22 18:18:09.870000+00:00,900.0
id_44,channel_42,2010-05-22 18:03:09.870000+00:00,2010-05-22 18:18:09.870000+00:00,900.0
id_44,channel_43,2010-05-22 18:03:09.870000+00:00,2010-05-22 18:18:09.870000+00:00,900.0
id_44,channel_44,2010-05-22 18:03:09.870000+00:00,2010-05-22 18:18:09.870000+00:00,900.0
id_44,channel_45,2010-05-22 18:03:09.870000+00:00,2010-05-22 18:18:09.870000+00:00,900.0
id_44,channel_46,2010-05-22 18:03:09.870000+00:00,2010-05-22 18:18:09.870000+00:00,900.0
id_44,channel_47,2010-05-22 18:04:09.870000+00:00,2010-05-23 11:22:09.870000+00:00,62280.0
id_44,channel_48,2010-05-22 18:06:09.870000+00:00,2010-05-23 11:09:39.870000+00:00,61410.0
id_44,channel_49,2010-05-22 18:05:39.870000+00:00,2010-05-23 00:11:39.870000+00:00,21960.0
id_44,channel_50,2010-05-22 18:05:22.248000+00:00,2010-05-23 00:35:22.248000+00:00,23400.0
id_44,channel_51,2010-05-22 18:05:22.248000+00:00,2010-05-23 05:45:52.251000+00:00,42030.003
id_44,channel_52,2010-05-22 18:05:22.248000+00:00,2010-05-23 06:12:52.251000+00:00,43650.003
id_44,channel_76,2010-05-22 18:03:22.236000+00:00,2010-05-22 18:18:52.236000+00:00,930.0
id_45,channel_14,2001-03-12 20:59:59.838000+00:00,2001-03-13 00:31:48.588000+00:00,12708.75
id_45,channel_21,2001-03-12 20:59:59.838000+00:00,2001-03-13 00:54:18.588000+00:00,14058.75
id_45,channel_22,2001-03-12 20:57:18.588000+00:00,2001-03-13 00:42:18.588000+00:00,13500.0
id_45,channel_29,2001-03-12 20:58:48.588000+00:00,2001-03-13 00:22:48.588000+00:00,12240.0
id_45,channel_31,2001-03-12 20:58:48.588000+00:00,2001-03-13 01:21:18.588000+00:00,15750.0
id_45,channel_39,2001-03-12 20:59:59.838000+00:00,2001-03-13 01:34:48.588000+00:00,16488.75
id_46,channel_14,2012-09-17 03:22:30.018000+00:00,2012-09-20 14:40:30.018000+00:00,299880.0
id_46,channel_21,2012-09-17 03:22:30.018000+00:00,2012-09-20 14:40:30.018000+00:00,299880.0
id_46,channel_29,2012-09-17 03:21:00.018000+00:00,2012-09-20 14:40:30.018000+00:00,299970.0
id_47,channel_41,2010-03-07 11:29:09.882000+00:00,2010-03-07 13:35:39.882000+00:00,7590.0
id_47,channel_42,2010-03-07 11:29:09.882000+00:00,2010-03-07 13:35:39.882000+00:00,7590.0
id_47,channel_43,2010-03-07 11:29:09.882000+00:00,2010-03-07 13:35:39.882000+00:00,7590.0
id_47,channel_44,2010-03-07 11:29:09.882000+00:00,2010-03-07 13:35:39.882000+00:00,7590.0
id_47,channel_45,2010-03-07 11:29:09.882000+00:00,2010-03-07 13:35:39.882000+00:00,7590.0
id_47,channel_46,2010-03-07 11:29:09.882000+00:00,2010-03-07 13:35:39.882000+00:00,7590.0
id_47,channel_47,2010-03-07 11:33:09.882000+00:00,2010-03-07 14:15:09.882000+00:00,9720.0
id_47,channel_48,2010-03-07 11:36:39.882000+00:00,2010-03-07 14:15:09.882000+00:00,9510.0
id_47,channel_49,2010-03-07 11:34:39.882000+00:00,2010-03-07 14:33:09.882000+00:00,10710.0
id_47,channel_50,2010-03-07 11:36:52.260000+00:00,2010-03-07 14:23:22.257000+00:00,9989.997
id_47,channel_51,2010-03-07 11:35:22.257000+00:00,2010-03-07 14:08:22.257000+00:00,9180.0
id_47,channel_52,2010-03-07 11:32:22.257000+00:00,2010-03-07 14:23:22.257000+00:00,10260.0
id_48,channel_41,2009-11-22 12:45:09.897000+00:00,2009-11-22 13:51:39.897000+00:00,3990.0
id_48,channel_42,2009-11-22 12:45:09.897000+00:00,2009-11-22 13:51:39.897000+00:00,3990.0
id_48,channel_43,2009-11-22 12:45:09.897000+00:00,2009-11-22 13:51:39.897000+00:00,3990.0
id_48,channel_44,2009-11-22 12:45:09.897000+00:00,2009-11-22 13:51:39.897000+00:00,3990.0
id_48,channel_45,2009-11-22 12:45:09.897000+00:00,2009-11-22 13:51:39.897000+00:00,3990.0
id_48,channel_46,2009-11-22 12:45:09.897000+00:00,2009-11-22 13:51:39.897000+00:00,3990.0
id_48,channel_47,2009-11-22 12:45:39.897000+00:00,2009-11-22 14:25:39.897000+00:00,6000.0
id_48,channel_48,2009-11-22 12:51:39.897000+00:00,2009-11-22 15:08:09.897000+00:00,8190.0
id_48,channel_49,2009-11-22 12:46:39.897000+00:00,2009-11-22 14:31:09.897000+00:00,6270.0
id_48,channel_50,2009-11-22 12:38:22.275000+00:00,2009-11-22 14:26:22.275000+00:00,6480.0
id_48,channel_51,2009-11-22 12:47:22.275000+00:00,2009-11-22 14:56:22.275000+00:00,7740.0
id_48,channel_52,2009-11-22 12:45:52.275000+00:00,2009-11-22 17:33:52.275000+00:00,17280.0
id_49,channel_41,2011-10-08 07:15:06.792000+00:00,2011-10-08 08:47:09.792000+00:00,5523.0
id_49,channel_42,2011-10-08 07:15:06.792000+00:00,2011-10-08 08:47:09.792000+00:00,5523.0
id_49,channel_43,2011-10-08 07:15:06.792000+00:00,2011-10-08 08:47:09.792000+00:00,5523.0
id_49,channel_44,2011-10-08 07:15:06.792000+00:00,2011-10-08 08:47:09.792000+00:00,5523.0
id_49,channel_45,2011-10-08 07:15:06.792000+00:00,2011-10-08 08:47:09.792000+00:00,5523.0
id_49,channel_46,2011-10-08 07:15:06.792000+00:00,2011-10-08 08:47:09.792000+00:00,5523.0
id_49,channel_47,2011-10-08 07:08:39.792000+00:00,2011-10-08 17:33:09.792000+00:00,37470.0
id_49,channel_48,2011-10-08 07:15:09.792000+00:00,2011-10-08 15:44:09.792000+00:00,30540.0
id_49,channel_49,2011-10-08 07:12:39.792000+00:00,2011-10-08 17:00:09.792000+00:00,35250.0
id_49,channel_50,2011-10-08 07:12:52.170000+00:00,2011-10-08 17:32:22.170000+00:00,37170.0
id_49,channel_51,2011-10-08 07:23:22.170000+00:00,2011-10-08 15:44:22.170000+00:00,30060.0
id_49,channel_52,2011-10-08 07:21:52.170000+00:00,2011-10-08 16:30:52.170000+00:00,32940.0
id_50,channel_41,2007-07-30 04:27:55.020000+00:00,2007-07-30 05:46:47.520000+00:00,4732.5
id_50,channel_42,2007-07-30 04:27:55.020000+00:00,2007-07-30 05:46:47.520000+00:00,4732.5
id_50,channel_43,2007-07-30 04:27:55.020000+00:00,2007-07-30 05:46:47.520000+00:00,4732.5
id_50,channel_44,2007-07-30 04:27:55.020000+00:00,2007-07-30 05:46:47.520000+00:00,4732.5
id_50,channel_45,2007-07-30 04:27:55.020000+00:00,2007-07-30 05:46:47.520000+00:00,4732.5
id_50,channel_46,2007-07-30 04:27:55.020000+00:00,2007-07-30 05:46:47.520000+00:00,4732.5
id_50,channel_47,2007-07-30 04:27:55.020000+00:00,2007-07-30 06:40:25.020000+00:00,7950.0
id_50,channel_48,2007-07-30 04:30:10.020000+00:00,2007-07-30 06:06:55.020000+00:00,5805.0
id_50,channel_49,2007-07-30 04:29:55.020000+00:00,2007-07-30 06:16:55.020000+00:00,6420.0
id_50,channel_50,2007-07-30 05:03:37.398000+00:00,2007-07-30 06:11:07.395000+00:00,4049.997
id_50,channel_51,2007-07-30 04:39:37.398000+00:00,2007-07-30 06:50:07.395000+00:00,7829.997
id_50,channel_52,2007-07-30 04:29:07.395000+00:00,2007-07-30 06:18:37.398000+00:00,6570.003
id_51,channel_14,2011-08-14 23:21:00.084000+00:00,2011-08-15 08:34:30.084000+00:00,33210.0
id_51,channel_21,2011-08-14 23:21:00.084000+00:00,2011-08-15 06:16:30.084000+00:00,24930.0
id_51,channel_29,2011-08-14 23:31:30.084000+00:00,2011-08-15 06:27:00.084000+00:00,24930.0
id_51,channel_41,2011-08-14 19:12:39.801000+00:00,2011-08-14 20:31:09.801000+00:00,4710.0
id_51,channel_42,2011-08-14 19:12:39.801000+00:00,2011-08-14 20:31:39.801000+00:00,4740.0
id_51,channel_43,2011-08-14 19:12:39.801000+00:00,2011-08-14 20:31:39.801000+00:00,4740.0
id_51,channel_44,2011-08-14 19:12:39.801000+00:00,2011-08-14 20:31:39.801000+00:00,4740.0
id_51,channel_45,2011-08-14 19:12:39.801000+00:00,2011-08-14 20:31:39.801000+00:00,4740.0
id_51,channel_46,2011-08-14 19:12:39.801000+00:00,2011-08-14 20:31:39.801000+00:00,4740.0
id_51,channel_47,2011-08-14 19:14:39.801000+00:00,2011-08-14 20:45:39.801000+00:00,5460.0
id_51,channel_48,2011-08-14 19:15:09.801000+00:00,2011-08-14 20:44:09.801000+00:00,5340.0
id_51,channel_49,2011-08-14 19:16:39.801000+00:00,2011-08-14 20:42:39.801000+00:00,5160.0
id_51,channel_50,2011-08-14 19:15:52.179000+00:00,2011-08-14 20:36:52.179000+00:00,4860.0
id_51,channel_51,2011-08-14 19:17:22.176000+00:00,2011-08-14 20:38:22.176000+00:00,4860.0
id_51,channel_52,2011-08-14 19:17:22.176000+00:00,2011-08-14 20:39:52.179000+00:00,4950.003
id_52,channel_12,2001-05-27 18:48:18.579000+00:00,2001-05-28 14:30:18.579000+00:00,70920.0
id_52,channel_13,2001-05-27 18:48:18.579000+00:00,2001-05-28 14:30:18.579000+00:00,70920.0
id_52,channel_14,2001-05-27 18:48:18.579000+00:00,2001-05-28 14:30:18.579000+00:00,70920.0
id_52,channel_15,2001-05-27 18:48:18.579000+00:00,2001-05-28 14:30:18.579000+00:00,70920.0
id_52,channel_16,2001-05-27 18:48:18.579000+00:00,2001-05-28 14:30:18.579000+00:00,70920.0
id_52,channel_17,2001-05-27 18:48:18.579000+00:00,2001-05-28 14:30:18.579000+00:00,70920.0
id_52,channel_18,2001-05-27 18:48:18.579000+00:00,2001-05-28 14:30:18.579000+00:00,70920.0
id_52,channel_19,2001-05-27 18:48:18.579000+00:00,2001-05-28 14:30:18.579000+00:00,70920.0
id_52,channel_20,2001-05-27 18:48:18.579000+00:00,2001-05-28 14:30:18.579000+00:00,70920.0
id_52,channel_21,2001-05-27 18:48:18.579000+00:00,2001-05-28 14:30:18.579000+00:00,70920.0
id_52,channel_22,2001-05-27 18:48:18.579000+00:00,2001-05-28 14:30:18.579000+00:00,70920.0
id_52,channel_23,2001-05-27 18:48:18.579000+00:00,2001-05-28 14:30:18.579000+00:00,70920.0
id_52,channel_24,2001-05-27 18:48:18.579000+00:00,2001-05-28 14:30:18.579000+00:00,70920.0
id_52,channel_25,2001-05-27 18:48:18.579000+00:00,2001-05-28 14:30:18.579000+00:00,70920.0
id_52,channel_26,2001-05-27 18:48:18.579000+00:00,2001-05-28 14:30:18.579000+00:00,70920.0
id_52,channel_27,2001-05-27 18:48:18.579000+00:00,2001-05-28 14:30:18.579000+00:00,70920.0
id_52,channel_28,2001-05-27 18:48:18.579000+00:00,2001-05-28 14:30:18.579000+00:00,70920.0
id_52,channel_29,2001-05-27 18:48:18.579000+00:00,2001-05-28 14:30:18.579000+00:00,70920.0
id_52,channel_30,2001-05-27 18:48:18.579000+00:00,2001-05-28 14:30:18.579000+00:00,70920.0
id_52,channel_31,2001-05-27 18:48:18.579000+00:00,2001-05-28 14:30:18.579000+00:00,70920.0
id_52,channel_32,2001-05-27 18:48:18.579000+00:00,2001-05-28 14:30:18.579000+00:00,70920.0
id_52,channel_33,2001-05-27 18:48:18.579000+00:00,2001-05-28 14:30:18.579000+00:00,70920.0
id_52,channel_34,2001-05-27 18:48:18.579000+00:00,2001-05-28 14:30:18.579000+00:00,70920.0
id_52,channel_35,2001-05-27 18:48:18.579000+00:00,2001-05-28 14:30:18.579000+00:00,70920.0
id_52,channel_36,2001-05-27 18:48:18.579000+00:00,2001-05-28 14:30:18.579000+00:00,70920.0
id_52,channel_37,2001-05-27 18:48:18.579000+00:00,2001-05-28 14:30:18.579000+00:00,70920.0
id_52,channel_38,2001-05-27 18:48:18.579000+00:00,2001-05-28 14:30:18.579000+00:00,70920.0
id_52,channel_39,2001-05-27 18:48:18.579000+00:00,2001-05-28 14:30:18.579000+00:00,70920.0
id_52,channel_40,2001-05-27 18:48:18.579000+00:00,2001-05-28 14:30:18.579000+00:00,70920.0
id_52,channel_41,2001-05-27 18:45:58.296000+00:00,2001-05-28 14:30:28.296000+00:00,71070.0
id_52,channel_42,2001-05-27 18:45:58.296000+00:00,2001-05-28 14:30:28.296000+00:00,71070.0
id_52,channel_43,2001-05-27 18:45:58.296000+00:00,2001-05-28 14:30:28.296000+00:00,71070.0
id_52,channel_44,2001-05-27 18:45:58.296000+00:00,2001-05-28 14:30:28.296000+00:00,71070.0
id_52,channel_45,2001-05-27 18:45:58.296000+00:00,2001-05-28 14:30:28.296000+00:00,71070.0
id_52,channel_46,2001-05-27 18:45:58.296000+00:00,2001-05-28 14:30:28.296000+00:00,71070.0
id_52,channel_47,2001-05-27 18:45:58.296000+00:00,2001-05-28 14:30:28.296000+00:00,71070.0
id_52,channel_48,2001-05-27 18:45:58.296000+00:00,2001-05-28 14:30:28.296000+00:00,71070.0
id_52,channel_49,2001-05-27 18:45:58.296000+00:00,2001-05-28 14:30:28.296000+00:00,71070.0
id_52,channel_50,2001-05-27 18:46:10.677000+00:00,2001-05-28 14:28:10.677000+00:00,70920.0
id_52,channel_51,2001-05-27 18:46:10.677000+00:00,2001-05-28 14:28:10.677000+00:00,70920.0
id_52,channel_52,2001-05-27 18:46:10.677000+00:00,2001-05-28 14:28:10.677000+00:00,70920.0
id_52,channel_57,2001-05-27 18:46:05.790000+00:00,2001-05-28 14:30:05.790000+00:00,71040.0
id_52,channel_58,2001-05-27 18:46:05.790000+00:00,2001-05-28 14:30:05.790000+00:00,71040.0
id_52,channel_59,2001-05-27 18:46:05.790000+00:00,2001-05-28 14:30:05.790000+00:00,71040.0
id_52,channel_60,2001-05-27 18:46:05.790000+00:00,2001-05-28 14:30:05.790000+00:00,71040.0
id_52,channel_70,2001-05-27 18:46:17.406000+00:00,2001-05-28 14:30:17.406000+00:00,71040.0
id_52,channel_71,2001-05-27 18:46:01.290000+00:00,2001-05-28 14:30:31.290000+00:00,71070.0
id_52,channel_72,2001-05-27 18:46:15.165000+00:00,2001-05-28 14:30:15.165000+00:00,71040.0
id_52,channel_73,2001-05-27 18:45:59.037000+00:00,2001-05-28 14:30:29.037000+00:00,71070.0
id_52,channel_74,2001-05-27 18:46:12.915000+00:00,2001-05-28 14:30:12.915000+00:00,71040.0
id_52,channel_75,2001-05-27 18:45:56.790000+00:00,2001-05-28 14:30:26.790000+00:00,71070.0
id_52,channel_76,2001-05-27 18:46:10.665000+00:00,2001-05-28 14:30:10.665000+00:00,71040.0
id_53,channel_12,2001-06-27 08:13:45.576000+00:00,2001-06-27 09:00:15.576000+00:00,2790.0
id_53,channel_13,2001-06-27 08:13:45.576000+00:00,2001-06-27 09:00:15.576000+00:00,2790.0
id_53,channel_14,2001-06-27 08:13:45.576000+00:00,2001-06-27 09:00:15.576000+00:00,2790.0
id_53,channel_15,2001-06-27 08:13:45.576000+00:00,2001-06-27 09:00:15.576000+00:00,2790.0
id_53,channel_16,2001-06-27 08:13:45.576000+00:00,2001-06-27 09:00:15.576000+00:00,2790.0
id_53,channel_17,2001-06-27 08:13:45.576000+00:00,2001-06-27 09:00:15.576000+00:00,2790.0
id_53,channel_18,2001-06-27 08:13:45.576000+00:00,2001-06-27 09:00:15.576000+00:00,2790.0
id_53,channel_19,2001-06-27 08:13:45.576000+00:00,2001-06-27 09:00:15.576000+00:00,2790.0
id_53,channel_20,2001-06-27 08:13:45.576000+00:00,2001-06-27 09:00:15.576000+00:00,2790.0
id_53,channel_21,2001-06-27 08:13:45.576000+00:00,2001-06-27 09:00:15.576000+00:00,2790.0
id_53,channel_22,2001-06-27 08:13:45.576000+00:00,2001-06-27 09:00:15.576000+00:00,2790.0
id_53,channel_23,2001-06-27 08:13:45.576000+00:00,2001-06-27 09:00:15.576000+00:00,2790.0
id_53,channel_24,2001-06-27 08:13:45.576000+00:00,2001-06-27 09:00:15.576000+00:00,2790.0
id_53,channel_25,2001-06-27 08:13:45.576000+00:00,2001-06-27 09:00:15.576000+00:00,2790.0
id_53,channel_26,2001-06-27 08:13:45.576000+00:00,2001-06-27 09:00:15.576000+00:00,2790.0
id_53,channel_27,2001-06-27 08:13:45.576000+00:00,2001-06-27 09:00:15.576000+00:00,2790.0
id_53,channel_28,2001-06-27 08:13:45.576000+00:00,2001-06-27 09:00:15.576000+00:00,2790.0
id_53,channel_29,2001-06-27 08:13:45.576000+00:00,2001-06-27 09:00:15.576000+00:00,2790.0
id_53,channel_30,2001-06-27 08:13:45.576000+00:00,2001-06-27 09:00:15.576000+00:00,2790.0
id_53,channel_31,2001-06-27 08:13:45.576000+00:00,2001-06-27 09:00:15.576000+00:00,2790.0
id_53,channel_32,2001-06-27 08:13:45.576000+00:00,2001-06-27 09:00:15.576000+00:00,2790.0
id_53,channel_33,2001-06-27 08:13:45.576000+00:00,2001-06-27 09:00:15.576000+00:00,2790.0
id_53,channel_34,2001-06-27 08:13:45.576000+00:00,2001-06-27 09:00:15.576000+00:00,2790.0
id_53,channel_35,2001-06-27 08:13:45.576000+00:00,2001-06-27 09:00:15.576000+00:00,2790.0
id_53,channel_36,2001-06-27 08:13:45.576000+00:00,2001-06-27 09:00:15.576000+00:00,2790.0
id_53,channel_37,2001-06-27 08:13:45.576000+00:00,2001-06-27 09:00:15.576000+00:00,2790.0
id_53,channel_38,2001-06-27 08:13:45.576000+00:00,2001-06-27 09:00:15.576000+00:00,2790.0
id_53,channel_39,2001-06-27 08:13:45.576000+00:00,2001-06-27 09:00:15.576000+00:00,2790.0
id_53,channel_40,2001-06-27 08:13:45.576000+00:00,2001-06-27 09:00:15.576000+00:00,2790.0
id_53,channel_41,2001-06-27 08:13:55.296000+00:00,2001-06-27 09:02:25.296000+00:00,2910.0
id_53,channel_42,2001-06-27 08:13:55.296000+00:00,2001-06-27 09:02:25.296000+00:00,2910.0
id_53,channel_43,2001-06-27 08:13:55.296000+00:00,2001-06-27 09:02:25.296000+00:00,2910.0
id_53,channel_44,2001-06-27 08:13:55.296000+00:00,2001-06-27 09:02:25.296000+00:00,2910.0
id_53,channel_45,2001-06-27 08:13:55.296000+00:00,2001-06-27 09:02:25.296000+00:00,2910.0
id_53,channel_46,2001-06-27 08:13:55.296000+00:00,2001-06-27 09:02:25.296000+00:00,2910.0
id_53,channel_47,2001-06-27 08:13:55.296000+00:00,2001-06-27 09:02:25.296000+00:00,2910.0
id_53,channel_48,2001-06-27 08:13:55.296000+00:00,2001-06-27 09:02:25.296000+00:00,2910.0
id_53,channel_49,2001-06-27 08:13:55.296000+00:00,2001-06-27 09:02:25.296000+00:00,2910.0
id_53,channel_50,2001-06-27 08:16:07.674000+00:00,2001-06-27 08:59:37.674000+00:00,2610.0
id_53,channel_51,2001-06-27 08:16:07.674000+00:00,2001-06-27 08:59:37.674000+00:00,2610.0
id_53,channel_52,2001-06-27 08:16:07.674000+00:00,2001-06-27 08:59:37.674000+00:00,2610.0
id_53,channel_57,2001-06-27 08:14:02.787000+00:00,2001-06-27 09:02:32.790000+00:00,2910.003
id_53,channel_58,2001-06-27 08:14:02.787000+00:00,2001-06-27 09:02:32.790000+00:00,2910.003
id_53,channel_59,2001-06-27 08:14:02.787000+00:00,2001-06-27 09:02:32.790000+00:00,2910.003
id_53,channel_60,2001-06-27 08:14:02.787000+00:00,2001-06-27 09:02:32.790000+00:00,2910.003
id_53,channel_70,2001-06-27 08:13:44.406000+00:00,2001-06-27 09:02:44.406000+00:00,2940.0
id_53,channel_71,2001-06-27 08:13:58.287000+00:00,2001-06-27 09:02:28.287000+00:00,2910.0
id_53,channel_72,2001-06-27 08:13:42.162000+00:00,2001-06-27 09:02:42.162000+00:00,2940.0
id_53,channel_73,2001-06-27 08:13:56.037000+00:00,2001-06-27 09:02:26.037000+00:00,2910.0
id_53,channel_74,2001-06-27 08:14:09.912000+00:00,2001-06-27 09:02:39.912000+00:00,2910.0
id_53,channel_75,2001-06-27 08:13:53.787000+00:00,2001-06-27 09:02:23.787000+00:00,2910.0
id_53,channel_76,2001-06-27 08:14:07.662000+00:00,2001-06-27 09:02:37.662000+00:00,2910.0
id_54,channel_12,2002-10-16 05:58:45.525000+00:00,2002-10-16 11:54:15.525000+00:00,21330.0
id_54,channel_13,2002-10-16 05:58:45.525000+00:00,2002-10-16 11:54:15.525000+00:00,21330.0
id_54,channel_14,2002-10-16 05:58:45.525000+00:00,2002-10-16 11:54:15.525000+00:00,21330.0
id_54,channel_15,2002-10-16 05:58:45.525000+00:00,2002-10-16 11:54:15.525000+00:00,21330.0
id_54,channel_16,2002-10-16 05:58:45.525000+00:00,2002-10-16 11:54:15.525000+00:00,21330.0
id_54,channel_17,2002-10-16 05:58:45.525000+00:00,2002-10-16 11:54:15.525000+00:00,21330.0
id_54,channel_18,2002-10-16 05:58:45.525000+00:00,2002-10-16 11:54:15.525000+00:00,21330.0
id_54,channel_19,2002-10-16 05:58:45.525000+00:00,2002-10-16 11:54:15.525000+00:00,21330.0
id_54,channel_20,2002-10-16 05:58:45.525000+00:00,2002-10-16 11:54:15.525000+00:00,21330.0
id_54,channel_21,2002-10-16 05:58:45.525000+00:00,2002-10-16 11:54:15.525000+00:00,21330.0
id_54,channel_22,2002-10-16 05:58:45.525000+00:00,2002-10-16 11:54:15.525000+00:00,21330.0
id_54,channel_23,2002-10-16 05:58:45.525000+00:00,2002-10-16 11:54:15.525000+00:00,21330.0
id_54,channel_24,2002-10-16 05:58:45.525000+00:00,2002-10-16 11:54:15.525000+00:00,21330.0
id_54,channel_25,2002-10-16 05:58:45.525000+00:00,2002-10-16 11:54:15.525000+00:00,21330.0
id_54,channel_26,2002-10-16 05:58:45.525000+00:00,2002-10-16 11:54:15.525000+00:00,21330.0
id_54,channel_27,2002-10-16 05:58:45.525000+00:00,2002-10-16 11:54:15.525000+00:00,21330.0
id_54,channel_28,2002-10-16 05:58:45.525000+00:00,2002-10-16 11:54:15.525000+00:00,21330.0
id_54,channel_29,2002-10-16 05:58:45.525000+00:00,2002-10-16 11:54:15.525000+00:00,21330.0
id_54,channel_30,2002-10-16 05:58:45.525000+00:00,2002-10-16 11:54:15.525000+00:00,21330.0
id_54,channel_31,2002-10-16 05:58:45.525000+00:00,2002-10-16 11:54:15.525000+00:00,21330.0
id_54,channel_32,2002-10-16 05:58:45.525000+00:00,2002-10-16 11:54:15.525000+00:00,21330.0
id_54,channel_33,2002-10-16 05:58:45.525000+00:00,2002-10-16 11:54:15.525000+00:00,21330.0
id_54,channel_34,2002-10-16 05:58:45.525000+00:00,2002-10-16 11:54:15.525000+00:00,21330.0
id_54,channel_35,2002-10-16 05:58:45.525000+00:00,2002-10-16 11:54:15.525000+00:00,21330.0
id_54,channel_36,2002-10-16 05:58:45.525000+00:00,2002-10-16 11:54:15.525000+00:00,21330.0
id_54,channel_37,2002-10-16 05:58:45.525000+00:00,2002-10-16 11:54:15.525000+00:00,21330.0
id_54,channel_38,2002-10-16 05:58:45.525000+00:00,2002-10-16 11:54:15.525000+00:00,21330.0
id_54,channel_39,2002-10-16 05:58:45.525000+00:00,2002-10-16 11:54:15.525000+00:00,21330.0
id_54,channel_40,2002-10-16 05:58:45.525000+00:00,2002-10-16 11:54:15.525000+00:00,21330.0
id_54,channel_41,2002-10-16 05:59:55.242000+00:00,2002-10-16 11:54:25.242000+00:00,21270.0
id_54,channel_42,2002-10-16 05:59:55.242000+00:00,2002-10-16 11:54:25.242000+00:00,21270.0
id_54,channel_43,2002-10-16 05:59:55.242000+00:00,2002-10-16 11:54:25.242000+00:00,21270.0
id_54,channel_44,2002-10-16 05:59:55.242000+00:00,2002-10-16 11:54:25.242000+00:00,21270.0
id_54,channel_45,2002-10-16 05:59:55.242000+00:00,2002-10-16 11:54:25.242000+00:00,21270.0
id_54,channel_46,2002-10-16 05:59:55.242000+00:00,2002-10-16 11:54:25.242000+00:00,21270.0
id_54,channel_47,2002-10-16 05:59:55.242000+00:00,2002-10-16 11:54:25.242000+00:00,21270.0
id_54,channel_48,2002-10-16 05:59:55.242000+00:00,2002-10-16 11:54:25.242000+00:00,21270.0
id_54,channel_49,2002-10-16 05:59:55.242000+00:00,2002-10-16 11:54:25.242000+00:00,21270.0
id_54,channel_50,2002-10-16 05:59:37.623000+00:00,2002-10-16 11:55:07.620000+00:00,21329.997
id_54,channel_51,2002-10-16 05:59:37.623000+00:00,2002-10-16 11:55:07.620000+00:00,21329.997
id_54,channel_52,2002-10-16 05:59:37.623000+00:00,2002-10-16 11:55:07.620000+00:00,21329.997
id_54,channel_57,2002-10-16 05:59:32.736000+00:00,2002-10-16 11:54:02.736000+00:00,21270.0
id_54,channel_58,2002-10-16 05:59:32.736000+00:00,2002-10-16 11:54:02.736000+00:00,21270.0
id_54,channel_59,2002-10-16 05:59:32.736000+00:00,2002-10-16 11:54:02.736000+00:00,21270.0
id_54,channel_60,2002-10-16 05:59:32.736000+00:00,2002-10-16 11:54:02.736000+00:00,21270.0
id_54,channel_70,2002-10-16 05:59:44.352000+00:00,2002-10-16 11:54:14.352000+00:00,21270.0
id_54,channel_71,2002-10-16 05:59:58.236000+00:00,2002-10-16 11:54:28.236000+00:00,21270.0
id_54,channel_72,2002-10-16 05:59:42.111000+00:00,2002-10-16 11:54:12.111000+00:00,21270.0
id_54,channel_73,2002-10-16 05:59:55.983000+00:00,2002-10-16 11:54:25.983000+00:00,21270.0
id_54,channel_74,2002-10-16 05:59:39.861000+00:00,2002-10-16 11:54:09.861000+00:00,21270.0
id_54,channel_75,2002-10-16 05:59:53.736000+00:00,2002-10-16 11:54:23.736000+00:00,21270.0
id_54,channel_76,2002-10-16 05:59:37.611000+00:00,2002-10-16 11:54:07.611000+00:00,21270.0
id_55,channel_41,2011-04-23 08:19:39.819000+00:00,2011-04-23 08:19:39.819000+00:00,0.0
id_55,channel_43,2011-04-23 08:19:39.819000+00:00,2011-04-23 08:19:39.819000+00:00,0.0
id_55,channel_45,2011-04-23 08:19:39.819000+00:00,2011-04-23 08:19:39.819000+00:00,0.0
id_56,channel_14,2001-05-15 22:40:48.579000+00:00,2001-05-17 17:58:48.579000+00:00,155880.0
id_56,channel_21,2001-05-15 22:40:48.579000+00:00,2001-05-17 17:58:48.579000+00:00,155880.0
id_56,channel_29,2001-05-15 22:43:48.579000+00:00,2001-05-17 17:58:48.579000+00:00,155700.0
id_57,channel_12,2001-05-30 22:24:18.579000+00:00,2001-05-31 11:27:18.579000+00:00,46980.0
id_57,channel_13,2001-05-30 22:24:18.579000+00:00,2001-05-31 11:27:18.579000+00:00,46980.0
id_57,channel_14,2001-05-30 22:24:18.579000+00:00,2001-05-31 11:27:18.579000+00:00,46980.0
id_57,channel_15,2001-05-30 22:24:18.579000+00:00,2001-05-31 11:27:18.579000+00:00,46980.0
id_57,channel_16,2001-05-30 22:24:18.579000+00:00,2001-05-31 11:27:18.579000+00:00,46980.0
id_57,channel_17,2001-05-30 22:24:18.579000+00:00,2001-05-31 11:27:18.579000+00:00,46980.0
id_57,channel_18,2001-05-30 22:24:18.579000+00:00,2001-05-31 11:27:18.579000+00:00,46980.0
id_57,channel_19,2001-05-30 22:24:18.579000+00:00,2001-05-31 11:27:18.579000+00:00,46980.0
id_57,channel_20,2001-05-30 22:24:18.579000+00:00,2001-05-31 11:27:18.579000+00:00,46980.0
id_57,channel_21,2001-05-30 22:24:18.579000+00:00,2001-05-31 11:27:18.579000+00:00,46980.0
id_57,channel_22,2001-05-30 22:24:18.579000+00:00,2001-05-31 11:27:18.579000+00:00,46980.0
id_57,channel_23,2001-05-30 22:24:18.579000+00:00,2001-05-31 11:27:18.579000+00:00,46980.0
id_57,channel_24,2001-05-30 22:24:18.579000+00:00,2001-05-31 11:27:18.579000+00:00,46980.0
id_57,channel_25,2001-05-30 22:24:18.579000+00:00,2001-05-31 11:27:18.579000+00:00,46980.0
id_57,channel_26,2001-05-30 22:24:18.579000+00:00,2001-05-31 11:27:18.579000+00:00,46980.0
id_57,channel_27,2001-05-30 22:24:18.579000+00:00,2001-05-31 11:27:18.579000+00:00,46980.0
id_57,channel_28,2001-05-30 22:24:18.579000+00:00,2001-05-31 11:27:18.579000+00:00,46980.0
id_57,channel_29,2001-05-30 22:24:18.579000+00:00,2001-05-31 11:27:18.579000+00:00,46980.0
id_57,channel_30,2001-05-30 22:24:18.579000+00:00,2001-05-31 11:27:18.579000+00:00,46980.0
id_57,channel_31,2001-05-30 22:24:18.579000+00:00,2001-05-31 11:27:18.579000+00:00,46980.0
id_57,channel_32,2001-05-30 22:24:18.579000+00:00,2001-05-31 11:27:18.579000+00:00,46980.0
id_57,channel_33,2001-05-30 22:24:18.579000+00:00,2001-05-31 11:27:18.579000+00:00,46980.0
id_57,channel_34,2001-05-30 22:24:18.579000+00:00,2001-05-31 11:27:18.579000+00:00,46980.0
id_57,channel_35,2001-05-30 22:24:18.579000+00:00,2001-05-31 11:27:18.579000+00:00,46980.0
id_57,channel_36,2001-05-30 22:24:18.579000+00:00,2001-05-31 11:27:18.579000+00:00,46980.0
id_57,channel_37,2001-05-30 22:24:18.579000+00:00,2001-05-31 11:27:18.579000+00:00,46980.0
id_57,channel_38,2001-05-30 22:24:18.579000+00:00,2001-05-31 11:27:18.579000+00:00,46980.0
id_57,channel_39,2001-05-30 22:24:18.579000+00:00,2001-05-31 11:27:18.579000+00:00,46980.0
id_57,channel_40,2001-05-30 22:24:18.579000+00:00,2001-05-31 11:27:18.579000+00:00,46980.0
id_57,channel_41,2001-05-30 22:24:28.296000+00:00,2001-05-31 11:27:58.296000+00:00,47010.0
id_57,channel_42,2001-05-30 22:24:28.296000+00:00,2001-05-31 11:27:58.296000+00:00,47010.0
id_57,channel_43,2001-05-30 22:24:28.296000+00:00,2001-05-31 11:27:58.296000+00:00,47010.0
id_57,channel_44,2001-05-30 22:24:28.296000+00:00,2001-05-31 11:27:58.296000+00:00,47010.0
id_57,channel_45,2001-05-30 22:24:28.296000+00:00,2001-05-31 11:27:58.296000+00:00,47010.0
id_57,channel_46,2001-05-30 22:24:28.296000+00:00,2001-05-31 11:27:58.296000+00:00,47010.0
id_57,channel_47,2001-05-30 22:24:28.296000+00:00,2001-05-31 11:27:58.296000+00:00,47010.0
id_57,channel_48,2001-05-30 22:24:28.296000+00:00,2001-05-31 11:27:58.296000+00:00,47010.0
id_57,channel_49,2001-05-30 22:24:28.296000+00:00,2001-05-31 11:27:58.296000+00:00,47010.0
id_57,channel_50,2001-05-30 22:25:10.674000+00:00,2001-05-31 11:29:40.674000+00:00,47070.0
id_57,channel_51,2001-05-30 22:25:10.674000+00:00,2001-05-31 11:29:40.674000+00:00,47070.0
id_57,channel_52,2001-05-30 22:25:10.674000+00:00,2001-05-31 11:29:40.674000+00:00,47070.0
id_57,channel_57,2001-05-30 22:24:35.790000+00:00,2001-05-31 11:27:35.790000+00:00,46980.0
id_57,channel_58,2001-05-30 22:24:35.790000+00:00,2001-05-31 11:27:35.790000+00:00,46980.0
id_57,channel_59,2001-05-30 22:24:35.790000+00:00,2001-05-31 11:27:35.790000+00:00,46980.0
id_57,channel_60,2001-05-30 22:24:35.790000+00:00,2001-05-31 11:27:35.790000+00:00,46980.0
id_57,channel_70,2001-05-30 22:24:17.406000+00:00,2001-05-31 11:29:47.406000+00:00,47130.0
id_57,channel_71,2001-05-30 22:24:01.290000+00:00,2001-05-31 11:28:01.290000+00:00,47040.0
id_57,channel_72,2001-05-30 22:24:15.165000+00:00,2001-05-31 11:29:45.165000+00:00,47130.0
id_57,channel_73,2001-05-30 22:24:29.037000+00:00,2001-05-31 11:27:59.037000+00:00,47010.0
id_57,channel_74,2001-05-30 22:24:12.915000+00:00,2001-05-31 11:29:42.915000+00:00,47130.0
id_57,channel_75,2001-05-30 22:24:26.790000+00:00,2001-05-31 11:29:56.790000+00:00,47130.0
id_57,channel_76,2001-05-30 22:24:10.665000+00:00,2001-05-31 11:29:40.665000+00:00,47130.0
id_58,channel_14,2001-05-23 07:12:18.579000+00:00,2001-05-23 14:21:18.579000+00:00,25740.0
id_58,channel_21,2001-05-23 07:00:18.579000+00:00,2001-05-23 14:13:48.579000+00:00,26010.0
id_58,channel_29,2001-05-23 07:24:18.579000+00:00,2001-05-23 14:09:18.579000+00:00,24300.0
id_59,channel_12,2000-10-13 22:41:59.856000+00:00,2000-10-13 23:55:48.603000+00:00,4428.747
id_59,channel_13,2000-10-13 22:41:59.856000+00:00,2000-10-13 23:55:48.603000+00:00,4428.747
id_59,channel_14,2000-10-13 22:41:59.856000+00:00,2000-10-14 02:04:48.603000+00:00,12168.747
id_59,channel_15,2000-10-13 22:31:48.603000+00:00,2000-10-14 23:33:18.603000+00:00,90090.0
id_59,channel_16,2000-10-13 22:41:59.856000+00:00,2000-10-13 23:55:48.603000+00:00,4428.747
id_59,channel_17,2000-10-13 22:41:59.856000+00:00,2000-10-13 23:55:48.603000+00:00,4428.747
id_59,channel_18,2000-10-13 22:41:59.856000+00:00,2000-10-13 23:55:48.603000+00:00,4428.747
id_59,channel_19,2000-10-13 22:41:59.856000+00:00,2000-10-13 23:55:48.603000+00:00,4428.747
id_59,channel_20,2000-10-13 22:41:59.856000+00:00,2000-10-13 23:55:48.603000+00:00,4428.747
id_59,channel_21,2000-10-13 22:41:59.856000+00:00,2000-10-14 02:04:48.603000+00:00,12168.747
id_59,channel_22,2000-10-13 22:31:48.603000+00:00,2000-10-22 03:03:18.603000+00:00,707490.0
id_59,channel_23,2000-10-13 22:41:59.856000+00:00,2000-10-14 18:28:48.603000+00:00,71208.747
id_59,channel_24,2000-10-13 22:41:59.856000+00:00,2000-10-13 23:55:48.603000+00:00,4428.747
id_59,channel_25,2000-10-13 22:41:59.856000+00:00,2000-10-13 23:55:48.603000+00:00,4428.747
id_59,channel_26,2000-10-13 22:41:59.856000+00:00,2000-10-13 23:55:48.603000+00:00,4428.747
id_59,channel_27,2000-10-13 22:41:59.856000+00:00,2000-10-13 23:55:48.603000+00:00,4428.747
id_59,channel_28,2000-10-13 22:41:59.856000+00:00,2000-10-13 23:55:48.603000+00:00,4428.747
id_59,channel_29,2000-10-13 22:41:59.856000+00:00,2000-10-14 02:04:48.603000+00:00,12168.747
id_59,channel_30,2000-10-13 22:41:59.856000+00:00,2000-10-22 22:43:48.603000+00:00,777708.747
id_59,channel_31,2000-10-13 22:31:48.603000+00:00,2000-10-22 05:16:48.603000+00:00,715500.0
id_59,channel_32,2000-10-13 22:41:59.856000+00:00,2000-10-13 23:55:48.603000+00:00,4428.747
id_59,channel_33,2000-10-13 22:41:59.856000+00:00,2000-10-13 23:55:48.603000+00:00,4428.747
id_59,channel_34,2000-10-13 22:41:59.856000+00:00,2000-10-13 23:55:48.603000+00:00,4428.747
id_59,channel_35,2000-10-13 22:41:59.856000+00:00,2000-10-13 23:55:48.603000+00:00,4428.747
id_59,channel_36,2000-10-13 22:41:59.856000+00:00,2000-10-13 23:55:48.603000+00:00,4428.747
id_59,channel_37,2000-10-13 22:41:59.856000+00:00,2000-10-13 23:55:48.603000+00:00,4428.747
id_59,channel_38,2000-10-13 22:41:59.856000+00:00,2000-10-22 22:09:18.603000+00:00,775638.747
id_59,channel_39,2000-10-13 22:41:59.856000+00:00,2000-10-22 08:03:18.603000+00:00,724878.747
id_59,channel_40,2000-10-13 22:41:59.856000+00:00,2000-10-13 23:55:48.603000+00:00,4428.747
id_59,channel_41,2000-10-13 22:41:28.323000+00:00,2000-10-13 22:49:28.323000+00:00,480.0
id_59,channel_41,2000-10-13 23:19:28.323000+00:00,2000-10-13 23:25:28.323000+00:00,360.0
id_59,channel_41,2000-10-13 23:39:28.323000+00:00,2000-10-13 23:40:28.323000+00:00,60.0
id_59,channel_41,2000-10-13 23:46:58.323000+00:00,2000-10-13 23:46:58.323000+00:00,0.0
id_59,channel_42,2000-10-13 22:41:28.323000+00:00,2000-10-13 22:49:28.323000+00:00,480.0
id_59,channel_42,2000-10-13 23:19:28.323000+00:00,2000-10-13 23:24:58.323000+00:00,330.0
id_59,channel_42,2000-10-13 23:39:28.323000+00:00,2000-10-13 23:40:28.323000+00:00,60.0
id_59,channel_42,2000-10-13 23:46:58.323000+00:00,2000-10-13 23:46:58.323000+00:00,0.0
id_59,channel_42,2000-10-14 00:17:28.323000+00:00,2000-10-14 00:18:28.323000+00:00,60.0
id_59,channel_43,2000-10-13 22:41:58.323000+00:00,2000-10-13 22:49:28.323000+00:00,450.0
id_59,channel_43,2000-10-13 23:19:28.323000+00:00,2000-10-13 23:21:28.323000+00:00,120.0
id_59,channel_43,2000-10-13 23:39:58.323000+00:00,2000-10-13 23:40:28.323000+00:00,30.0
id_59,channel_43,2000-10-13 23:46:58.323000+00:00,2000-10-13 23:46:58.323000+00:00,0.0
id_59,channel_44,2000-10-13 22:41:58.323000+00:00,2000-10-13 22:48:58.323000+00:00,420.0
id_59,channel_44,2000-10-13 23:19:28.323000+00:00,2000-10-13 23:24:58.323000+00:00,330.0
id_59,channel_44,2000-10-13 23:39:28.323000+00:00,2000-10-13 23:40:28.323000+00:00,60.0
id_59,channel_44,2000-10-13 23:46:58.323000+00:00,2000-10-13 23:46:58.323000+00:00,0.0
id_59,channel_45,2000-10-13 22:41:28.323000+00:00,2000-10-13 22:49:58.323000+00:00,510.0
id_59,channel_45,2000-10-13 23:19:28.323000+00:00,2000-10-13 23:24:58.323000+00:00,330.0
id_59,channel_45,2000-10-13 23:39:28.323000+00:00,2000-10-13 23:40:28.323000+00:00,60.0
id_59,channel_45,2000-10-13 23:46:58.323000+00:00,2000-10-13 23:46:58.323000+00:00,0.0
id_59,channel_46,2000-10-13 22:42:58.323000+00:00,2000-10-13 22:54:58.323000+00:00,720.0
id_59,channel_46,2000-10-13 23:19:28.323000+00:00,2000-10-13 23:21:28.323000+00:00,120.0
id_59,channel_46,2000-10-13 23:39:28.323000+00:00,2000-10-13 23:40:28.323000+00:00,60.0
id_59,channel_46,2000-10-13 23:46:58.323000+00:00,2000-10-13 23:46:58.323000+00:00,0.0
id_59,channel_46,2000-10-14 00:17:28.323000+00:00,2000-10-14 00:18:28.323000+00:00,60.0
id_60,channel_74,2000-10-16 20:37:54.939000+00:00,2000-10-16 20:47:24.939000+00:00,570.0
id_61,channel_73,2000-11-11 10:14:59.061000+00:00,2000-11-11 10:22:59.061000+00:00,480.0
id_62,channel_73,2000-11-13 02:09:29.061000+00:00,2000-11-13 02:17:29.061000+00:00,480.0
id_63,channel_76,2000-11-15 05:50:10.686000+00:00,2000-11-15 05:58:40.686000+00:00,510.0
id_64,channel_75,2000-11-18 20:11:26.811000+00:00,2000-11-18 20:19:56.811000+00:00,510.0
id_65,channel_73,2000-11-21 08:23:59.061000+00:00,2000-11-21 08:32:29.061000+00:00,510.0
id_66,channel_76,2000-11-24 02:48:40.686000+00:00,2000-11-24 02:56:40.683000+00:00,479.997
id_67,channel_75,2000-11-24 08:20:56.811000+00:00,2000-11-24 08:28:56.811000+00:00,480.0
id_68,channel_75,2000-12-04 00:25:56.811000+00:00,2000-12-04 00:33:56.811000+00:00,480.0
id_69,channel_74,2000-12-06 14:31:48.933000+00:00,2000-12-06 14:40:30.933000+00:00,522.0
id_70,channel_70,2000-12-15 17:21:47.424000+00:00,2000-12-15 17:26:47.424000+00:00,300.0
id_71,channel_71,2000-12-15 21:32:01.308000+00:00,2000-12-15 21:37:01.308000+00:00,300.0
id_72,channel_72,2000-12-16 02:47:45.180000+00:00,2000-12-16 02:52:45.180000+00:00,300.0
id_73,channel_41,2000-12-22 17:37:58.314000+00:00,2000-12-24 20:48:58.314000+00:00,184260.0
id_73,channel_42,2000-12-22 17:13:28.314000+00:00,2000-12-24 21:52:58.314000+00:00,189570.0
id_73,channel_43,2000-12-22 16:58:58.314000+00:00,2000-12-24 20:29:28.314000+00:00,185430.0
id_73,channel_44,2000-12-22 17:23:28.314000+00:00,2000-12-24 21:23:28.314000+00:00,187200.0
id_73,channel_45,2000-12-22 17:23:28.314000+00:00,2000-12-24 20:09:58.314000+00:00,182790.0
id_73,channel_46,2000-12-22 17:03:58.314000+00:00,2000-12-24 21:03:58.314000+00:00,187200.0
id_73,channel_47,2000-12-22 17:15:28.314000+00:00,2000-12-25 06:21:28.314000+00:00,219960.0
id_73,channel_48,2000-12-22 17:15:28.314000+00:00,2000-12-25 18:04:58.314000+00:00,262170.0
id_73,channel_49,2000-12-22 17:15:28.314000+00:00,2000-12-25 05:00:28.314000+00:00,215100.0
id_73,channel_50,2000-12-22 17:16:10.692000+00:00,2000-12-25 05:34:10.692000+00:00,217080.0
id_73,channel_51,2000-12-22 17:22:10.698000+00:00,2000-12-25 04:47:40.692000+00:00,213929.994
id_73,channel_52,2000-12-22 17:16:10.692000+00:00,2000-12-25 04:59:40.692000+00:00,215010.0
id_73,channel_57,2000-12-22 17:24:35.808000+00:00,2000-12-26 12:25:05.808000+00:00,327630.0
id_73,channel_58,2000-12-22 17:25:35.808000+00:00,2000-12-26 14:50:05.808000+00:00,336270.0
id_73,channel_59,2000-12-22 17:17:35.808000+00:00,2000-12-26 13:07:35.808000+00:00,330600.0
id_73,channel_60,2000-12-22 17:35:35.808000+00:00,2000-12-26 14:11:35.808000+00:00,333360.0
id_73,channel_72,2000-12-22 18:22:15.183000+00:00,2000-12-25 00:05:15.183000+00:00,193380.0
id_73,channel_73,2000-12-22 18:22:29.055000+00:00,2000-12-24 20:19:29.055000+00:00,179820.0
id_73,channel_74,2000-12-22 18:22:00.933000+00:00,2000-12-24 20:19:48.933000+00:00,179868.0
id_73,channel_75,2000-12-22 18:22:26.808000+00:00,2000-12-24 20:24:26.808000+00:00,180120.0
id_73,channel_76,2000-12-22 18:22:10.683000+00:00,2000-12-24 20:24:40.683000+00:00,180150.0
id_74,channel_73,2000-12-17 21:47:29.058000+00:00,2000-12-17 21:55:59.058000+00:00,510.0
id_75,channel_75,2000-12-18 00:37:26.808000+00:00,2000-12-18 00:45:26.808000+00:00,480.0
id_76,channel_76,2000-12-18 06:25:40.680000+00:00,2000-12-18 06:34:10.680000+00:00,510.0
id_77,channel_12,2001-02-01 12:29:59.844000+00:00,2001-02-01 13:45:18.591000+00:00,4518.747
id_77,channel_13,2001-02-01 12:29:59.844000+00:00,2001-02-01 13:45:18.591000+00:00,4518.747
id_77,channel_14,2001-02-01 12:29:59.844000+00:00,2001-02-01 15:04:48.591000+00:00,9288.747
id_77,channel_15,2001-02-01 12:29:59.844000+00:00,2001-02-09 00:00:00+00:00,646200.156
id_77,channel_16,2001-02-01 12:29:59.844000+00:00,2001-02-01 13:45:18.591000+00:00,4518.747
id_77,channel_17,2001-02-01 12:29:59.844000+00:00,2001-02-01 13:45:18.591000+00:00,4518.747
id_77,channel_18,2001-02-01 12:29:59.844000+00:00,2001-02-01 13:45:18.591000+00:00,4518.747
id_77,channel_19,2001-02-01 12:29:59.844000+00:00,2001-02-01 13:45:18.591000+00:00,4518.747
id_77,channel_20,2001-02-01 12:29:59.844000+00:00,2001-02-01 13:45:18.591000+00:00,4518.747
id_77,channel_21,2001-02-01 12:29:59.844000+00:00,2001-02-01 15:39:18.591000+00:00,11358.747
id_77,channel_22,2001-02-01 12:29:59.844000+00:00,2001-02-09 00:00:00+00:00,646200.156
id_77,channel_23,2001-02-01 12:29:59.844000+00:00,2001-02-09 00:00:00+00:00,646200.156
id_77,channel_24,2001-02-01 12:29:59.844000+00:00,2001-02-01 13:45:18.591000+00:00,4518.747
id_77,channel_25,2001-02-01 12:29:59.844000+00:00,2001-02-01 13:45:18.591000+00:00,4518.747
id_77,channel_26,2001-02-01 12:29:59.844000+00:00,2001-02-01 13:45:18.591000+00:00,4518.747
id_77,channel_27,2001-02-01 12:29:59.844000+00:00,2001-02-01 13:45:18.591000+00:00,4518.747
id_77,channel_28,2001-02-01 12:29:59.844000+00:00,2001-02-01 13:45:18.591000+00:00,4518.747
id_77,channel_29,2001-02-01 12:18:18.591000+00:00,2001-02-01 12:18:18.591000+00:00,0.0
id_77,channel_29,2001-02-01 12:29:59.844000+00:00,2001-02-01 15:16:48.591000+00:00,10008.747
id_77,channel_30,2001-02-01 12:29:59.844000+00:00,2001-02-01 13:45:18.591000+00:00,4518.747
id_77,channel_31,2001-02-01 12:29:59.844000+00:00,2001-02-09 00:00:00+00:00,646200.156
id_77,channel_32,2001-02-01 12:29:59.844000+00:00,2001-02-01 13:45:18.591000+00:00,4518.747
id_77,channel_33,2001-02-01 12:29:59.844000+00:00,2001-02-01 13:45:18.591000+00:00,4518.747
id_77,channel_34,2001-02-01 12:29:59.844000+00:00,2001-02-01 13:45:18.591000+00:00,4518.747
id_77,channel_35,2001-02-01 12:29:59.844000+00:00,2001-02-01 13:45:18.591000+00:00,4518.747
id_77,channel_36,2001-02-01 12:29:59.844000+00:00,2001-02-01 13:45:18.591000+00:00,4518.747
id_77,channel_37,2001-02-01 12:29:59.844000+00:00,2001-02-01 13:45:18.591000+00:00,4518.747
id_77,channel_38,2001-02-01 12:29:59.844000+00:00,2001-02-01 13:45:18.591000+00:00,4518.747
id_77,channel_39,2001-02-01 12:29:59.844000+00:00,2001-02-09 00:00:00+00:00,646200.156
id_77,channel_40,2001-02-01 12:29:59.844000+00:00,2001-02-01 13:45:18.591000+00:00,4518.747
id_77,channel_41,2001-02-01 12:21:58.311000+00:00,2001-02-01 12:29:28.311000+00:00,450.0
id_77,channel_41,2001-02-01 12:58:28.311000+00:00,2001-02-01 13:06:28.311000+00:00,480.0
id_77,channel_41,2001-02-01 13:19:28.311000+00:00,2001-02-01 13:19:28.311000+00:00,0.0
id_77,channel_42,2001-02-01 12:21:28.311000+00:00,2001-02-01 12:26:28.311000+00:00,300.0
id_77,channel_42,2001-02-01 12:57:58.311000+00:00,2001-02-01 13:06:28.311000+00:00,510.0
id_77,channel_42,2001-02-01 13:19:28.311000+00:00,2001-02-01 13:19:28.311000+00:00,0.0
id_77,channel_43,2001-02-01 12:21:58.311000+00:00,2001-02-01 12:26:28.311000+00:00,270.0
id_77,channel_43,2001-02-01 12:58:28.311000+00:00,2001-02-01 12:59:58.311000+00:00,90.0
id_77,channel_43,2001-02-01 13:18:58.311000+00:00,2001-02-01 13:19:28.311000+00:00,30.0
id_77,channel_44,2001-02-01 12:23:28.311000+00:00,2001-02-01 12:24:28.311000+00:00,60.0
id_77,channel_44,2001-02-01 12:58:28.311000+00:00,2001-02-01 13:06:28.311000+00:00,480.0
id_77,channel_44,2001-02-01 13:19:28.311000+00:00,2001-02-01 13:19:28.311000+00:00,0.0
id_77,channel_45,2001-02-01 12:21:58.311000+00:00,2001-02-01 12:26:28.311000+00:00,270.0
id_77,channel_45,2001-02-01 12:58:28.311000+00:00,2001-02-01 13:06:28.311000+00:00,480.0
id_77,channel_45,2001-02-01 13:19:28.311000+00:00,2001-02-01 13:19:28.311000+00:00,0.0
id_77,channel_46,2001-02-01 12:22:58.311000+00:00,2001-02-01 12:25:58.311000+00:00,180.0
id_77,channel_46,2001-02-01 12:57:58.311000+00:00,2001-02-01 13:06:28.311000+00:00,510.0
id_78,channel_12,2001-04-06 00:12:18.585000+00:00,2001-04-08 07:30:18.585000+00:00,199080.0
id_78,channel_13,2001-04-06 00:12:18.585000+00:00,2001-04-07 14:43:48.585000+00:00,138690.0
id_78,channel_17,2001-04-05 11:42:00.585000+00:00,2001-04-11 21:28:48.585000+00:00,553608.0
id_78,channel_18,2001-04-06 00:13:48.585000+00:00,2001-04-11 18:36:18.585000+00:00,498150.0
id_78,channel_19,2001-04-06 00:10:48.585000+00:00,2001-04-11 20:24:18.585000+00:00,504810.0
id_78,channel_20,2001-04-06 00:13:48.585000+00:00,2001-04-11 17:19:48.585000+00:00,493560.0
id_78,channel_25,2001-04-06 00:28:48.585000+00:00,2001-04-07 23:36:18.585000+00:00,169650.0
id_78,channel_26,2001-04-06 00:39:18.585000+00:00,2001-04-07 17:34:48.585000+00:00,147330.0
id_78,channel_27,2001-04-06 00:10:48.585000+00:00,2001-04-11 18:24:18.585000+00:00,497610.0
id_78,channel_28,2001-04-06 00:10:48.585000+00:00,2001-04-12 07:06:18.585000+00:00,543330.0
id_78,channel_34,2001-04-06 00:12:18.585000+00:00,2001-04-12 05:54:18.585000+00:00,538920.0
id_78,channel_35,2001-04-05 17:51:18.585000+00:00,2001-04-11 20:33:18.585000+00:00,528120.0
id_78,channel_36,2001-04-06 00:12:18.585000+00:00,2001-04-12 00:42:18.585000+00:00,520200.0
id_78,channel_37,2001-04-06 00:13:48.585000+00:00,2001-04-11 21:21:18.585000+00:00,508050.0
id_78,channel_41,2001-04-04 00:00:28.302000+00:00,2001-04-04 00:03:28.302000+00:00,180.0
id_78,channel_41,2001-04-04 03:00:28.302000+00:00,2001-04-04 03:03:28.302000+00:00,180.0
id_78,channel_41,2001-04-04 09:00:28.302000+00:00,2001-04-04 09:04:58.302000+00:00,270.0
id_78,channel_41,2001-04-04 12:00:28.302000+00:00,2001-04-04 12:01:58.302000+00:00,90.0
id_78,channel_41,2001-04-04 21:00:28.302000+00:00,2001-04-04 21:01:58.302000+00:00,90.0
id_78,channel_41,2001-04-05 00:00:28.302000+00:00,2001-04-05 00:04:58.302000+00:00,270.0
id_78,channel_41,2001-04-05 03:00:28.302000+00:00,2001-04-05 03:01:58.302000+00:00,90.0
id_78,channel_41,2001-04-05 06:00:28.302000+00:00,2001-04-05 06:07:28.302000+00:00,420.0
id_78,channel_41,2001-04-05 15:10:58.302000+00:00,2001-04-11 23:16:58.302000+00:00,547560.0
id_78,channel_42,2001-04-04 00:00:28.302000+00:00,2001-04-04 00:03:28.302000+00:00,180.0
id_78,channel_42,2001-04-04 03:00:28.302000+00:00,2001-04-04 03:03:28.302000+00:00,180.0
id_78,channel_42,2001-04-04 09:00:28.302000+00:00,2001-04-04 09:04:58.302000+00:00,270.0
id_78,channel_42,2001-04-04 12:00:28.302000+00:00,2001-04-04 12:01:58.302000+00:00,90.0
id_78,channel_42,2001-04-04 21:00:28.302000+00:00,2001-04-04 21:01:58.302000+00:00,90.0
id_78,channel_42,2001-04-05 00:00:28.302000+00:00,2001-04-05 00:04:58.302000+00:00,270.0
id_78,channel_42,2001-04-05 02:59:28.302000+00:00,2001-04-05 03:03:28.302000+00:00,240.0
id_78,channel_42,2001-04-05 06:00:28.302000+00:00,2001-04-05 06:07:28.302000+00:00,420.0
id_78,channel_42,2001-04-05 15:10:58.302000+00:00,2001-04-11 23:17:28.302000+00:00,547590.0
id_78,channel_42,2001-04-12 00:45:58.302000+00:00,2001-04-12 00:45:58.302000+00:00,0.0
id_78,channel_42,2001-04-12 01:26:28.302000+00:00,2001-04-12 01:26:28.302000+00:00,0.0
id_78,channel_43,2001-04-04 00:00:28.302000+00:00,2001-04-04 00:03:28.302000+00:00,180.0
id_78,channel_43,2001-04-04 03:00:28.302000+00:00,2001-04-04 03:03:28.302000+00:00,180.0
id_78,channel_43,2001-04-04 09:00:28.302000+00:00,2001-04-04 09:04:58.302000+00:00,270.0
id_78,channel_43,2001-04-04 12:00:28.302000+00:00,2001-04-04 12:01:58.302000+00:00,90.0
id_78,channel_43,2001-04-04 21:00:28.302000+00:00,2001-04-04 21:01:58.302000+00:00,90.0
id_78,channel_43,2001-04-05 00:00:28.302000+00:00,2001-04-05 00:04:58.302000+00:00,270.0
id_78,channel_43,2001-04-05 03:00:28.302000+00:00,2001-04-05 03:01:58.302000+00:00,90.0
id_78,channel_43,2001-04-05 06:00:28.302000+00:00,2001-04-05 06:07:28.302000+00:00,420.0
id_78,channel_43,2001-04-05 15:10:58.302000+00:00,2001-04-11 23:17:20.802000+00:00,547582.5
id_78,channel_44,2001-04-04 00:00:28.302000+00:00,2001-04-04 00:03:28.302000+00:00,180.0
id_78,channel_44,2001-04-04 03:00:28.302000+00:00,2001-04-04 03:03:28.302000+00:00,180.0
id_78,channel_44,2001-04-04 09:00:28.302000+00:00,2001-04-04 09:04:58.302000+00:00,270.0
id_78,channel_44,2001-04-04 12:00:28.302000+00:00,2001-04-04 12:01:58.302000+00:00,90.0
id_78,channel_44,2001-04-04 21:00:28.302000+00:00,2001-04-04 21:01:58.302000+00:00,90.0
id_78,channel_44,2001-04-05 00:00:28.302000+00:00,2001-04-05 00:04:58.302000+00:00,270.0
id_78,channel_44,2001-04-05 03:00:28.302000+00:00,2001-04-05 03:02:28.302000+00:00,120.0
id_78,channel_44,2001-04-05 06:00:28.302000+00:00,2001-04-05 06:07:28.302000+00:00,420.0
id_78,channel_44,2001-04-05 15:10:58.302000+00:00,2001-04-11 23:16:58.302000+00:00,547560.0
id_78,channel_45,2001-04-04 00:00:28.302000+00:00,2001-04-04 00:03:28.302000+00:00,180.0
id_78,channel_45,2001-04-04 03:00:28.302000+00:00,2001-04-04 03:03:28.302000+00:00,180.0
id_78,channel_45,2001-04-04 09:00:28.302000+00:00,2001-04-04 09:04:58.302000+00:00,270.0
id_78,channel_45,2001-04-04 12:00:28.302000+00:00,2001-04-04 12:01:58.302000+00:00,90.0
id_78,channel_45,2001-04-04 21:00:28.302000+00:00,2001-04-04 21:01:58.302000+00:00,90.0
id_78,channel_45,2001-04-05 00:00:28.302000+00:00,2001-04-05 00:04:58.302000+00:00,270.0
id_78,channel_45,2001-04-05 03:00:28.302000+00:00,2001-04-05 03:01:58.302000+00:00,90.0
id_78,channel_45,2001-04-05 06:00:28.302000+00:00,2001-04-05 06:07:28.302000+00:00,420.0
id_78,channel_45,2001-04-05 15:10:58.302000+00:00,2001-04-11 23:16:58.302000+00:00,547560.0
id_78,channel_46,2001-04-04 00:00:28.302000+00:00,2001-04-04 00:03:28.302000+00:00,180.0
id_78,channel_46,2001-04-04 03:00:28.302000+00:00,2001-04-04 03:03:28.302000+00:00,180.0
id_78,channel_46,2001-04-04 09:00:28.302000+00:00,2001-04-04 09:04:58.302000+00:00,270.0
id_78,channel_46,2001-04-04 12:00:28.302000+00:00,2001-04-04 12:01:58.302000+00:00,90.0
id_78,channel_46,2001-04-04 21:00:28.302000+00:00,2001-04-04 21:01:58.302000+00:00,90.0
id_78,channel_46,2001-04-05 00:00:28.302000+00:00,2001-04-05 00:04:58.302000+00:00,270.0
id_78,channel_46,2001-04-05 03:00:28.302000+00:00,2001-04-05 03:01:58.302000+00:00,90.0
id_78,channel_46,2001-04-05 06:00:28.302000+00:00,2001-04-05 06:07:28.302000+00:00,420.0
id_78,channel_46,2001-04-05 15:10:58.302000+00:00,2001-04-11 23:17:20.802000+00:00,547582.5
id_78,channel_47,2001-04-05 15:11:28.302000+00:00,2001-04-12 15:56:58.302000+00:00,607530.0
id_78,channel_48,2001-04-05 15:11:58.302000+00:00,2001-04-13 20:50:28.302000+00:00,711510.0
id_78,channel_49,2001-04-05 15:10:58.302000+00:00,2001-04-14 00:10:58.302000+00:00,723600.0
id_78,channel_50,2001-04-05 15:13:10.683000+00:00,2001-04-13 20:01:10.680000+00:00,708479.997
id_78,channel_51,2001-04-05 15:11:40.683000+00:00,2001-04-14 06:59:40.680000+00:00,748079.997
id_78,channel_52,2001-04-05 15:08:40.683000+00:00,2001-04-14 04:43:10.680000+00:00,740069.997
id_79,channel_41,2001-04-23 12:41:28.302000+00:00,2001-04-23 22:45:58.302000+00:00,36270.0
id_79,channel_42,2001-04-23 13:02:58.302000+00:00,2001-04-23 22:43:58.302000+00:00,34860.0
id_79,channel_43,2001-04-23 12:45:28.302000+00:00,2001-04-23 22:42:28.302000+00:00,35820.0
id_79,channel_44,2001-04-23 12:42:28.302000+00:00,2001-04-23 22:52:28.302000+00:00,36600.0
id_79,channel_45,2001-04-23 12:35:58.302000+00:00,2001-04-23 22:42:28.302000+00:00,36390.0
id_79,channel_46,2001-04-23 12:48:58.302000+00:00,2001-04-23 22:39:28.302000+00:00,35430.0
id_79,channel_47,2001-04-23 12:46:58.302000+00:00,2001-04-25 16:11:58.302000+00:00,185100.0
id_79,channel_48,2001-04-23 12:47:58.302000+00:00,2001-04-25 17:30:28.302000+00:00,189750.0
id_79,channel_49,2001-04-23 12:50:58.302000+00:00,2001-04-25 16:56:58.302000+00:00,187560.0
id_79,channel_50,2001-04-23 12:46:10.680000+00:00,2001-04-25 16:53:40.680000+00:00,187650.0
id_79,channel_51,2001-04-23 12:46:10.680000+00:00,2001-04-25 16:22:10.680000+00:00,185760.0
id_79,channel_52,2001-04-23 12:47:40.680000+00:00,2001-04-25 16:29:40.680000+00:00,186120.0
id_79,channel_66,2001-04-23 16:32:36.501000+00:00,2001-04-25 00:38:36.498000+00:00,115559.997
id_80,channel_14,2001-08-10 04:13:45.570000+00:00,2001-08-10 05:13:45.570000+00:00,3600.0
id_80,channel_15,2001-08-10 04:19:45.570000+00:00,2001-08-23 00:00:00+00:00,1107614.43
id_80,channel_21,2001-08-10 04:12:15.570000+00:00,2001-08-10 04:57:15.570000+00:00,2700.0
id_80,channel_22,2001-08-10 04:22:45.570000+00:00,2001-08-23 00:00:00+00:00,1107434.43
id_80,channel_23,2001-08-10 04:12:15.570000+00:00,2001-08-23 00:00:00+00:00,1108064.43
id_80,channel_29,2001-08-10 04:01:45.570000+00:00,2001-08-10 04:01:45.570000+00:00,0.0
id_80,channel_29,2001-08-10 04:10:45.570000+00:00,2001-08-10 04:39:15.570000+00:00,1710.0
id_80,channel_31,2001-08-10 04:16:45.570000+00:00,2001-08-23 00:00:00+00:00,1107794.43
id_80,channel_39,2001-08-10 04:21:15.570000+00:00,2001-08-23 00:00:00+00:00,1107524.43
id_80,channel_41,2001-08-10 04:10:25.290000+00:00,2001-08-10 04:11:55.290000+00:00,90.0
id_80,channel_41,2001-08-10 04:30:55.290000+00:00,2001-08-10 04:31:55.290000+00:00,60.0
id_80,channel_41,2001-08-10 04:39:55.290000+00:00,2001-08-10 04:39:55.290000+00:00,0.0
id_80,channel_42,2001-08-10 04:10:25.290000+00:00,2001-08-10 04:11:55.290000+00:00,90.0
id_80,channel_42,2001-08-10 04:30:55.290000+00:00,2001-08-10 04:31:55.290000+00:00,60.0
id_80,channel_42,2001-08-10 04:39:55.290000+00:00,2001-08-10 04:39:55.290000+00:00,0.0
id_80,channel_43,2001-08-10 04:09:25.290000+00:00,2001-08-10 04:12:25.290000+00:00,180.0
id_80,channel_43,2001-08-10 04:30:55.290000+00:00,2001-08-10 04:31:55.290000+00:00,60.0
id_80,channel_43,2001-08-10 04:39:55.290000+00:00,2001-08-10 04:39:55.290000+00:00,0.0
id_80,channel_44,2001-08-10 04:10:25.290000+00:00,2001-08-10 04:11:55.290000+00:00,90.0
id_80,channel_44,2001-08-10 04:30:55.290000+00:00,2001-08-10 04:31:55.290000+00:00,60.0
id_80,channel_44,2001-08-10 04:39:55.290000+00:00,2001-08-10 04:39:55.290000+00:00,0.0
id_80,channel_45,2001-08-10 04:10:25.290000+00:00,2001-08-10 04:11:55.290000+00:00,90.0
id_80,channel_45,2001-08-10 04:30:55.290000+00:00,2001-08-10 04:31:55.290000+00:00,60.0
id_80,channel_45,2001-08-10 04:39:55.290000+00:00,2001-08-10 04:39:55.290000+00:00,0.0
id_80,channel_46,2001-08-10 04:10:55.290000+00:00,2001-08-10 04:13:25.290000+00:00,150.0
id_80,channel_46,2001-08-10 04:30:55.290000+00:00,2001-08-10 04:31:55.290000+00:00,60.0
id_81,channel_14,2002-02-15 01:21:15.549000+00:00,2002-02-19 00:00:00+00:00,340724.451
id_81,channel_15,2002-02-15 01:24:15.549000+00:00,2002-02-19 00:00:00+00:00,340544.451
id_81,channel_21,2002-02-15 01:25:45.549000+00:00,2002-02-19 00:00:00+00:00,340454.451
id_81,channel_22,2002-02-15 01:30:15.549000+00:00,2002-02-25 18:00:00+00:00,923384.451
id_81,channel_23,2002-02-15 01:24:15.549000+00:00,2002-02-19 00:00:00+00:00,340544.451
id_81,channel_29,2002-02-15 01:25:45.549000+00:00,2002-02-19 00:00:00+00:00,340454.451
id_81,channel_30,2002-02-15 01:40:45.549000+00:00,2002-02-19 00:00:00+00:00,339554.451
id_81,channel_31,2002-02-15 01:28:45.549000+00:00,2002-02-25 18:00:00+00:00,923474.451
id_81,channel_38,2002-02-15 01:48:15.549000+00:00,2002-02-19 00:00:00+00:00,339104.451
id_81,channel_39,2002-02-15 01:28:45.549000+00:00,2002-02-25 18:00:00+00:00,923474.451
id_81,channel_41,2002-02-15 01:23:25.269000+00:00,2002-02-15 01:28:25.269000+00:00,300.0
id_81,channel_41,2002-02-15 01:44:55.269000+00:00,2002-02-15 01:44:55.269000+00:00,0.0
id_81,channel_41,2002-02-15 01:58:55.269000+00:00,2002-02-15 01:58:55.269000+00:00,0.0
id_81,channel_42,2002-02-15 01:22:55.269000+00:00,2002-02-15 01:28:25.269000+00:00,330.0
id_81,channel_42,2002-02-15 01:44:55.269000+00:00,2002-02-15 01:44:55.269000+00:00,0.0
id_81,channel_42,2002-02-15 01:58:55.269000+00:00,2002-02-15 01:58:55.269000+00:00,0.0
id_81,channel_43,2002-02-15 01:22:55.269000+00:00,2002-02-15 01:28:25.269000+00:00,330.0
id_81,channel_43,2002-02-15 01:44:55.269000+00:00,2002-02-15 01:44:55.269000+00:00,0.0
id_81,channel_43,2002-02-15 01:58:55.269000+00:00,2002-02-15 01:58:55.269000+00:00,0.0
id_81,channel_44,2002-02-15 01:21:55.269000+00:00,2002-02-15 01:28:55.269000+00:00,420.0
id_81,channel_44,2002-02-15 01:44:55.269000+00:00,2002-02-15 01:44:55.269000+00:00,0.0
id_81,channel_44,2002-02-15 01:58:55.269000+00:00,2002-02-15 01:58:55.269000+00:00,0.0
id_81,channel_45,2002-02-15 01:22:55.269000+00:00,2002-02-15 01:28:25.269000+00:00,330.0
id_81,channel_45,2002-02-15 01:44:55.269000+00:00,2002-02-15 01:44:55.269000+00:00,0.0
id_81,channel_45,2002-02-15 01:58:55.269000+00:00,2002-02-15 01:58:55.269000+00:00,0.0
id_81,channel_46,2002-02-15 01:21:25.269000+00:00,2002-02-15 01:28:25.269000+00:00,420.0
id_81,channel_46,2002-02-15 01:44:55.269000+00:00,2002-02-15 01:44:55.269000+00:00,0.0
id_81,channel_46,2002-02-15 01:58:55.269000+00:00,2002-02-15 01:58:55.269000+00:00,0.0
id_82,channel_14,2002-05-12 01:55:45.540000+00:00,2002-05-12 07:36:15.540000+00:00,20430.0
id_82,channel_21,2002-05-12 01:55:45.540000+00:00,2002-05-12 07:42:15.540000+00:00,20790.0
id_82,channel_29,2002-05-12 02:09:15.540000+00:00,2002-05-12 07:49:45.540000+00:00,20430.0
id_83,channel_12,2002-05-20 22:24:15.540000+00:00,2002-05-21 16:24:15.540000+00:00,64800.0
id_83,channel_13,2002-05-20 22:24:15.540000+00:00,2002-05-21 16:46:45.540000+00:00,66150.0
id_83,channel_17,2002-05-20 22:25:45.540000+00:00,2002-05-21 16:55:45.540000+00:00,66600.0
id_83,channel_18,2002-05-20 22:24:15.540000+00:00,2002-05-21 16:37:45.540000+00:00,65610.0
id_83,channel_19,2002-05-20 22:24:15.540000+00:00,2002-05-21 16:58:45.540000+00:00,66870.0
id_83,channel_20,2002-05-20 22:25:45.540000+00:00,2002-05-21 17:03:15.540000+00:00,67050.0
id_83,channel_25,2002-05-20 22:21:15.540000+00:00,2002-05-21 16:36:15.540000+00:00,65700.0
id_83,channel_26,2002-05-20 22:27:15.540000+00:00,2002-05-21 16:48:15.540000+00:00,66060.0
id_83,channel_27,2002-05-20 22:24:15.540000+00:00,2002-05-21 16:37:45.540000+00:00,65610.0
id_83,channel_28,2002-05-20 22:24:15.540000+00:00,2002-05-21 16:36:15.540000+00:00,65520.0
id_83,channel_34,2002-05-20 22:22:45.540000+00:00,2002-05-21 16:30:15.540000+00:00,65250.0
id_83,channel_35,2002-05-20 22:24:15.540000+00:00,2002-05-21 16:46:45.540000+00:00,66150.0
id_83,channel_36,2002-05-20 22:25:45.540000+00:00,2002-05-21 16:37:45.540000+00:00,65520.0
id_83,channel_37,2002-05-20 22:24:15.540000+00:00,2002-05-21 16:31:45.540000+00:00,65250.0
id_83,channel_41,2002-05-20 22:22:25.260000+00:00,2002-05-21 15:43:55.260000+00:00,62490.0
id_83,channel_42,2002-05-20 22:22:25.260000+00:00,2002-05-21 15:43:55.260000+00:00,62490.0
id_83,channel_43,2002-05-20 22:22:25.260000+00:00,2002-05-21 15:43:55.260000+00:00,62490.0
id_83,channel_44,2002-05-20 22:22:25.260000+00:00,2002-05-21 15:43:55.260000+00:00,62490.0
id_83,channel_45,2002-05-20 22:22:25.260000+00:00,2002-05-21 15:43:55.260000+00:00,62490.0
id_83,channel_46,2002-05-20 22:22:25.260000+00:00,2002-05-21 15:43:55.260000+00:00,62490.0
id_83,channel_47,2002-05-20 22:23:25.260000+00:00,2002-05-21 20:44:25.257000+00:00,80459.997
id_83,channel_48,2002-05-20 22:23:25.260000+00:00,2002-05-21 20:51:25.257000+00:00,80879.997
id_83,channel_49,2002-05-20 22:22:55.260000+00:00,2002-05-21 19:31:55.257000+00:00,76139.997
id_83,channel_50,2002-05-20 22:23:37.638000+00:00,2002-05-21 20:19:07.638000+00:00,78930.0
id_83,channel_51,2002-05-20 22:25:07.638000+00:00,2002-05-21 20:32:37.638000+00:00,79650.0
id_83,channel_52,2002-05-20 22:23:37.638000+00:00,2002-05-21 19:50:37.638000+00:00,77220.0
id_84,channel_41,2002-06-23 15:23:55.254000+00:00,2002-06-23 19:52:55.254000+00:00,16140.0
id_84,channel_42,2002-06-23 15:14:25.254000+00:00,2002-06-23 19:51:55.254000+00:00,16650.0
id_84,channel_43,2002-06-23 15:06:25.254000+00:00,2002-06-23 19:53:55.254000+00:00,17250.0
id_84,channel_44,2002-06-23 14:40:25.254000+00:00,2002-06-23 19:57:55.254000+00:00,19050.0
id_84,channel_45,2002-06-23 15:10:25.254000+00:00,2002-06-23 19:50:25.254000+00:00,16800.0
id_84,channel_46,2002-06-23 14:54:55.254000+00:00,2002-06-23 20:14:25.254000+00:00,19170.0
id_84,channel_47,2002-06-23 14:12:55.254000+00:00,2002-06-25 01:31:55.254000+00:00,127140.0
id_84,channel_48,2002-06-23 14:13:25.254000+00:00,2002-06-25 13:45:25.254000+00:00,171120.0
id_84,channel_49,2002-06-23 14:14:25.254000+00:00,2002-06-25 17:07:55.254000+00:00,183210.0
id_84,channel_50,2002-06-23 14:23:37.635000+00:00,2002-06-25 12:44:37.635000+00:00,166860.0
id_84,channel_51,2002-06-23 14:19:07.635000+00:00,2002-06-25 15:08:37.635000+00:00,175770.0
id_84,channel_52,2002-06-23 14:13:07.635000+00:00,2002-06-25 17:22:07.635000+00:00,184140.0
id_84,channel_64,2002-06-23 15:11:33.453000+00:00,2002-06-23 15:50:33.453000+00:00,2340.0
id_84,channel_65,2002-06-23 15:11:33.453000+00:00,2002-06-23 15:53:33.453000+00:00,2520.0
id_84,channel_66,2002-06-23 15:11:33.453000+00:00,2002-06-23 23:38:33.453000+00:00,30420.0
id_85,channel_41,2002-06-23 02:45:55.254000+00:00,2002-06-23 02:46:55.254000+00:00,60.0
id_85,channel_42,2002-06-23 02:44:55.254000+00:00,2002-06-23 02:46:25.254000+00:00,90.0
id_85,channel_43,2002-06-23 02:45:55.254000+00:00,2002-06-23 02:47:17.754000+00:00,82.5
id_85,channel_44,2002-06-23 02:46:25.254000+00:00,2002-06-23 02:47:17.754000+00:00,52.5
id_85,channel_45,2002-06-23 02:45:55.254000+00:00,2002-06-23 02:46:55.254000+00:00,60.0
id_85,channel_46,2002-06-23 02:46:25.254000+00:00,2002-06-23 02:47:17.754000+00:00,52.5
id_86,channel_41,2002-09-23 09:02:25.245000+00:00,2002-09-25 12:50:55.245000+00:00,186510.0
id_86,channel_42,2002-09-23 09:02:25.245000+00:00,2002-09-25 13:01:25.245000+00:00,187140.0
id_86,channel_43,2002-09-23 08:51:55.245000+00:00,2002-09-25 12:47:55.245000+00:00,186960.0
id_86,channel_44,2002-09-23 08:54:25.245000+00:00,2002-09-25 12:34:55.245000+00:00,186030.0
id_86,channel_45,2002-09-23 09:12:55.245000+00:00,2002-09-25 12:31:55.245000+00:00,184740.0
id_86,channel_46,2002-09-23 09:15:55.245000+00:00,2002-09-25 12:42:55.245000+00:00,185220.0
id_86,channel_47,2002-09-23 09:28:25.245000+00:00,2002-09-26 12:10:55.245000+00:00,268950.0
id_86,channel_48,2002-09-23 09:03:25.245000+00:00,2002-09-25 20:30:55.245000+00:00,214050.0
id_86,channel_49,2002-09-23 09:03:25.245000+00:00,2002-09-25 19:51:25.245000+00:00,211680.0
id_86,channel_50,2002-09-23 09:05:37.626000+00:00,2002-09-26 14:49:07.623000+00:00,279809.997
id_86,channel_51,2002-09-23 09:16:07.626000+00:00,2002-09-25 21:50:37.623000+00:00,218069.997
id_86,channel_52,2002-09-23 09:04:07.623000+00:00,2002-09-25 21:34:07.623000+00:00,217800.0
id_86,channel_57,2002-09-23 09:07:32.739000+00:00,2002-09-27 03:40:32.739000+00:00,325980.0
id_86,channel_58,2002-09-23 09:18:02.739000+00:00,2002-09-27 07:52:02.739000+00:00,340440.0
id_86,channel_59,2002-09-23 09:04:32.739000+00:00,2002-09-27 06:43:02.739000+00:00,337110.0
id_86,channel_60,2002-09-23 09:17:32.739000+00:00,2002-09-27 06:56:02.739000+00:00,337110.0
id_87,channel_15,2003-02-27 02:54:15.507000+00:00,2003-03-10 00:00:00+00:00,939944.493
id_87,channel_22,2003-02-27 03:01:45.507000+00:00,2003-03-10 00:00:00+00:00,939494.493
id_87,channel_23,2003-02-27 02:54:15.507000+00:00,2003-03-10 00:00:00+00:00,939944.493
id_87,channel_31,2003-02-27 02:58:45.507000+00:00,2003-03-10 00:00:00+00:00,939674.493
id_87,channel_38,2003-02-27 03:48:15.507000+00:00,2003-02-28 14:00:15.507000+00:00,123120.0
id_87,channel_39,2003-02-27 03:06:15.507000+00:00,2003-03-10 00:00:00+00:00,939224.493
id_87,channel_41,2003-02-27 02:52:25.224000+00:00,2003-02-27 02:53:25.224000+00:00,60.0
id_87,channel_41,2003-02-27 03:12:55.224000+00:00,2003-02-27 03:12:55.224000+00:00,0.0
id_87,channel_42,2003-02-27 02:52:25.224000+00:00,2003-02-27 02:53:55.224000+00:00,90.0
id_87,channel_42,2003-02-27 03:12:55.224000+00:00,2003-02-27 03:12:55.224000+00:00,0.0
id_87,channel_43,2003-02-27 02:52:25.224000+00:00,2003-02-27 02:53:55.224000+00:00,90.0
id_87,channel_43,2003-02-27 03:12:55.224000+00:00,2003-02-27 03:12:55.224000+00:00,0.0
id_87,channel_44,2003-02-27 02:53:55.224000+00:00,2003-02-27 02:55:25.224000+00:00,90.0
id_87,channel_44,2003-02-27 03:12:55.224000+00:00,2003-02-27 03:12:55.224000+00:00,0.0
id_87,channel_45,2003-02-27 02:52:25.224000+00:00,2003-02-27 02:53:25.224000+00:00,60.0
id_87,channel_45,2003-02-27 03:12:55.224000+00:00,2003-02-27 03:12:55.224000+00:00,0.0
id_87,channel_46,2003-02-27 02:52:25.224000+00:00,2003-02-27 02:53:25.224000+00:00,60.0
id_87,channel_46,2003-02-27 03:12:55.224000+00:00,2003-02-27 03:12:55.224000+00:00,0.0
id_88,channel_14,2003-10-01 03:19:45.480000+00:00,2003-10-04 03:00:00+00:00,258014.52
id_88,channel_15,2003-10-01 03:21:15.480000+00:00,2003-10-10 12:00:00+00:00,808724.52
id_88,channel_21,2003-10-01 03:19:45.480000+00:00,2003-10-04 03:00:00+00:00,258014.52
id_88,channel_22,2003-10-01 03:24:15.480000+00:00,2003-10-10 12:00:00+00:00,808544.52
id_88,channel_23,2003-10-01 03:21:15.480000+00:00,2003-10-10 12:00:00+00:00,808724.52
id_88,channel_29,2003-10-01 03:18:15.480000+00:00,2003-10-04 03:00:00+00:00,258104.52
id_88,channel_30,2003-10-01 03:46:45.480000+00:00,2003-10-04 03:00:00+00:00,256394.52
id_88,channel_31,2003-10-01 03:22:45.480000+00:00,2003-10-10 12:00:00+00:00,808634.52
id_88,channel_38,2003-10-01 03:48:15.480000+00:00,2003-10-04 03:00:00+00:00,256304.52
id_88,channel_39,2003-10-01 03:21:15.480000+00:00,2003-10-10 12:00:00+00:00,808724.52
id_88,channel_41,2003-10-01 03:18:55.200000+00:00,2003-10-01 03:24:55.200000+00:00,360.0
id_88,channel_41,2003-10-01 03:43:55.200000+00:00,2003-10-01 03:43:55.200000+00:00,0.0
id_88,channel_42,2003-10-01 03:18:25.200000+00:00,2003-10-01 03:25:25.200000+00:00,420.0
id_88,channel_42,2003-10-01 03:43:55.200000+00:00,2003-10-01 03:43:55.200000+00:00,0.0
id_88,channel_43,2003-10-01 03:18:55.200000+00:00,2003-10-01 03:24:55.200000+00:00,360.0
id_88,channel_43,2003-10-01 03:43:55.200000+00:00,2003-10-01 03:43:55.200000+00:00,0.0
id_88,channel_44,2003-10-01 03:17:55.200000+00:00,2003-10-01 03:25:25.200000+00:00,450.0
id_88,channel_44,2003-10-01 03:43:55.200000+00:00,2003-10-01 03:43:55.200000+00:00,0.0
id_88,channel_45,2003-10-01 03:18:55.200000+00:00,2003-10-01 03:24:55.200000+00:00,360.0
id_88,channel_45,2003-10-01 03:43:55.200000+00:00,2003-10-01 03:43:55.200000+00:00,0.0
id_88,channel_46,2003-10-01 03:18:55.200000+00:00,2003-10-01 03:24:55.200000+00:00,360.0
id_88,channel_46,2003-10-01 04:00:55.200000+00:00,2003-10-01 04:01:25.200000+00:00,30.0
id_89,channel_15,2003-11-15 23:12:15.477000+00:00,2003-11-21 22:10:45.477000+00:00,514710.0
id_89,channel_22,2003-11-16 04:04:45.477000+00:00,2003-11-22 23:58:45.477000+00:00,590040.0
id_89,channel_23,2003-11-16 08:07:45.477000+00:00,2003-11-22 23:58:45.477000+00:00,575460.0
id_89,channel_30,2003-11-16 03:37:45.477000+00:00,2003-11-22 23:58:45.477000+00:00,591660.0
id_89,channel_31,2003-11-16 03:24:15.477000+00:00,2003-11-23 05:15:15.477000+00:00,611460.0
id_89,channel_38,2003-11-16 02:01:45.477000+00:00,2003-11-19 09:19:45.474000+00:00,285479.997
id_89,channel_39,2003-11-16 05:12:15.477000+00:00,2003-11-23 21:15:15.477000+00:00,662580.0
id_89,channel_41,2003-11-15 23:11:25.194000+00:00,2003-11-17 08:04:55.194000+00:00,118410.0
id_89,channel_42,2003-11-15 23:11:25.194000+00:00,2003-11-17 07:51:55.194000+00:00,117630.0
id_89,channel_43,2003-11-15 23:11:25.194000+00:00,2003-11-17 08:08:55.194000+00:00,118650.0
id_89,channel_44,2003-11-15 23:11:25.194000+00:00,2003-11-17 08:06:25.194000+00:00,118500.0
id_89,channel_44,2003-11-17 09:29:25.194000+00:00,2003-11-17 09:29:25.194000+00:00,0.0
id_89,channel_45,2003-11-15 23:11:25.194000+00:00,2003-11-17 07:51:55.194000+00:00,117630.0
id_89,channel_46,2003-11-15 23:11:25.194000+00:00,2003-11-17 08:24:25.194000+00:00,119580.0
id_89,channel_47,2003-11-15 23:12:25.194000+00:00,2003-11-18 09:12:25.194000+00:00,208800.0
id_89,channel_48,2003-11-15 23:12:25.194000+00:00,2003-11-19 02:08:55.194000+00:00,269790.0
id_89,channel_49,2003-11-15 23:12:25.194000+00:00,2003-11-18 13:32:25.194000+00:00,224400.0
id_89,channel_50,2003-11-15 23:13:07.572000+00:00,2003-11-18 07:44:37.572000+00:00,203490.0
id_89,channel_51,2003-11-15 23:13:07.572000+00:00,2003-11-18 11:35:37.572000+00:00,217350.0
id_89,channel_52,2003-11-15 23:13:07.572000+00:00,2003-11-18 13:37:07.572000+00:00,224640.0
id_90,channel_41,2003-12-30 20:31:55.191000+00:00,2003-12-30 20:31:55.191000+00:00,0.0
id_90,channel_42,2003-12-30 20:31:55.191000+00:00,2003-12-30 20:31:55.191000+00:00,0.0
id_90,channel_43,2003-12-30 20:31:55.191000+00:00,2003-12-30 20:31:55.191000+00:00,0.0
id_90,channel_44,2003-12-30 20:31:55.191000+00:00,2003-12-30 20:31:55.191000+00:00,0.0
id_90,channel_45,2003-12-30 20:31:55.191000+00:00,2003-12-30 20:31:55.191000+00:00,0.0
id_90,channel_46,2003-12-30 20:31:55.191000+00:00,2003-12-30 20:31:55.191000+00:00,0.0
id_90,channel_47,2003-12-30 20:32:25.191000+00:00,2003-12-30 20:37:25.191000+00:00,300.0
id_90,channel_48,2003-12-30 20:30:55.191000+00:00,2003-12-30 20:38:25.191000+00:00,450.0
id_90,channel_49,2003-12-30 20:33:25.191000+00:00,2003-12-30 20:42:55.191000+00:00,570.0
id_90,channel_50,2003-12-30 20:34:07.569000+00:00,2003-12-30 20:38:37.569000+00:00,270.0
id_90,channel_51,2003-12-30 20:29:37.569000+00:00,2003-12-30 20:37:07.569000+00:00,450.0
id_90,channel_52,2003-12-30 20:32:37.569000+00:00,2003-12-30 20:43:07.569000+00:00,630.0
id_91,channel_47,2004-04-07 19:17:55.176000+00:00,2004-04-07 19:29:25.176000+00:00,690.0
id_91,channel_48,2004-04-07 19:17:25.176000+00:00,2004-04-07 19:44:55.176000+00:00,1650.0
id_91,channel_49,2004-04-07 19:17:55.176000+00:00,2004-04-07 19:23:25.176000+00:00,330.0
id_91,channel_50,2004-04-07 19:17:37.557000+00:00,2004-04-07 19:29:37.557000+00:00,720.0
id_91,channel_51,2004-04-07 19:17:37.557000+00:00,2004-04-07 19:44:37.557000+00:00,1620.0
id_91,channel_52,2004-04-07 19:19:07.557000+00:00,2004-04-07 19:23:37.557000+00:00,270.0
id_92,channel_14,2004-04-28 16:22:45.456000+00:00,2004-04-28 22:43:45.456000+00:00,22860.0
id_92,channel_21,2004-04-28 16:19:45.456000+00:00,2004-04-28 22:36:15.456000+00:00,22590.0
id_92,channel_29,2004-04-28 16:34:45.456000+00:00,2004-04-29 01:12:15.456000+00:00,31050.0
id_93,channel_41,2004-05-15 02:22:12.261000+00:00,2004-05-15 02:22:25.173000+00:00,12.912
id_93,channel_42,2004-05-15 02:22:12.261000+00:00,2004-05-15 02:22:25.173000+00:00,12.912
id_93,channel_43,2004-05-15 02:22:12.261000+00:00,2004-05-15 02:22:25.173000+00:00,12.912
id_93,channel_44,2004-05-15 02:22:12.261000+00:00,2004-05-15 02:22:25.173000+00:00,12.912
id_93,channel_45,2004-05-15 02:22:12.261000+00:00,2004-05-15 02:22:25.173000+00:00,12.912
id_93,channel_46,2004-05-15 02:22:12.261000+00:00,2004-05-15 02:22:25.173000+00:00,12.912
id_93,channel_47,2004-05-15 02:22:25.173000+00:00,2004-05-15 02:47:25.173000+00:00,1500.0
id_93,channel_48,2004-05-15 02:22:55.173000+00:00,2004-05-15 02:33:25.173000+00:00,630.0
id_93,channel_50,2004-05-15 02:23:37.551000+00:00,2004-05-15 02:53:37.551000+00:00,1800.0
id_93,channel_51,2004-05-15 02:22:07.551000+00:00,2004-05-15 02:32:37.551000+00:00,630.0
id_94,channel_14,2004-07-07 07:03:15.447000+00:00,2004-07-07 09:48:15.447000+00:00,9900.0
id_94,channel_21,2004-07-07 07:07:45.447000+00:00,2004-07-07 08:58:45.447000+00:00,6660.0
id_94,channel_29,2004-07-07 07:07:45.447000+00:00,2004-07-07 07:57:15.447000+00:00,2970.0
id_95,channel_14,2004-09-15 19:10:45.438000+00:00,2004-09-16 00:39:15.438000+00:00,19710.0
id_95,channel_15,2004-09-15 19:09:15.438000+00:00,2004-09-24 00:00:00+00:00,708644.562
id_95,channel_21,2004-09-15 19:10:45.438000+00:00,2004-09-16 00:07:45.438000+00:00,17820.0
id_95,channel_22,2004-09-15 19:09:15.438000+00:00,2004-09-24 00:00:00+00:00,708644.562
id_95,channel_23,2004-09-15 19:12:15.438000+00:00,2004-09-24 00:00:00+00:00,708464.562
id_95,channel_29,2004-09-15 19:12:15.438000+00:00,2004-09-15 23:36:15.438000+00:00,15840.0
id_95,channel_30,2004-09-15 19:25:45.438000+00:00,2004-09-18 17:28:45.438000+00:00,252180.0
id_95,channel_31,2004-09-15 19:16:45.438000+00:00,2004-09-24 00:00:00+00:00,708194.562
id_95,channel_38,2004-09-15 19:51:15.438000+00:00,2004-09-18 20:46:45.438000+00:00,262530.0
id_95,channel_39,2004-09-15 19:16:45.438000+00:00,2004-09-24 00:00:00+00:00,708194.562
id_95,channel_41,2004-09-15 19:10:25.158000+00:00,2004-09-15 19:14:25.158000+00:00,240.0
id_95,channel_41,2004-09-15 20:53:25.158000+00:00,2004-09-16 01:41:25.158000+00:00,17280.0
id_95,channel_42,2004-09-15 19:10:25.158000+00:00,2004-09-15 19:14:55.158000+00:00,270.0
id_95,channel_42,2004-09-15 20:54:25.158000+00:00,2004-09-16 01:41:25.158000+00:00,17220.0
id_95,channel_43,2004-09-15 19:10:25.158000+00:00,2004-09-15 19:14:55.158000+00:00,270.0
id_95,channel_43,2004-09-15 20:54:55.158000+00:00,2004-09-16 01:40:25.158000+00:00,17130.0
id_95,channel_44,2004-09-15 19:10:25.158000+00:00,2004-09-15 19:14:25.158000+00:00,240.0
id_95,channel_44,2004-09-15 20:54:55.158000+00:00,2004-09-16 01:50:25.158000+00:00,17730.0
id_95,channel_45,2004-09-15 19:10:25.158000+00:00,2004-09-15 19:14:25.158000+00:00,240.0
id_95,channel_45,2004-09-15 20:54:55.158000+00:00,2004-09-16 01:40:25.158000+00:00,17130.0
id_95,channel_46,2004-09-15 19:10:25.158000+00:00,2004-09-15 19:14:25.158000+00:00,240.0
id_95,channel_46,2004-09-15 20:54:55.158000+00:00,2004-09-16 01:40:25.158000+00:00,17130.0
id_95,channel_47,2004-09-15 20:58:55.158000+00:00,2004-09-18 00:00:00+00:00,183664.842
id_95,channel_48,2004-09-15 20:57:55.158000+00:00,2004-09-18 00:00:00+00:00,183724.842
id_95,channel_49,2004-09-15 20:59:55.158000+00:00,2004-09-18 00:00:00+00:00,183604.842
id_95,channel_50,2004-09-15 20:59:37.536000+00:00,2004-09-18 00:00:00+00:00,183622.464
id_95,channel_51,2004-09-15 20:56:37.536000+00:00,2004-09-18 00:00:00+00:00,183802.464
id_95,channel_52,2004-09-15 20:56:37.536000+00:00,2004-09-18 00:00:00+00:00,183802.464
id_95,channel_59,2004-09-15 13:46:02.652000+00:00,2004-09-15 19:53:32.649000+00:00,22049.997
id_95,channel_66,2004-09-15 23:01:48.357000+00:00,2004-09-18 17:23:55.854000+00:00,238927.497
id_96,channel_41,2004-11-03 14:38:55.152000+00:00,2004-11-04 11:43:25.152000+00:00,75870.0
id_96,channel_42,2004-11-03 14:35:25.152000+00:00,2004-11-04 11:58:55.152000+00:00,77010.0
id_96,channel_43,2004-11-03 14:36:25.152000+00:00,2004-11-04 11:56:55.152000+00:00,76830.0
id_96,channel_44,2004-11-03 14:35:25.152000+00:00,2004-11-04 12:02:25.152000+00:00,77220.0
id_96,channel_45,2004-11-03 14:35:55.152000+00:00,2004-11-04 11:55:25.152000+00:00,76770.0
id_96,channel_46,2004-11-03 14:38:55.152000+00:00,2004-11-04 11:55:55.152000+00:00,76620.0
id_96,channel_47,2004-11-03 14:50:25.152000+00:00,2004-11-05 03:55:25.152000+00:00,133500.0
id_96,channel_48,2004-11-03 14:39:25.152000+00:00,2004-11-05 02:32:25.152000+00:00,129180.0
id_96,channel_49,2004-11-03 14:39:25.152000+00:00,2004-11-05 03:08:55.152000+00:00,131370.0
id_96,channel_50,2004-11-03 14:40:07.530000+00:00,2004-11-05 03:58:07.530000+00:00,134280.0
id_96,channel_51,2004-11-03 14:40:07.530000+00:00,2004-11-05 02:20:37.530000+00:00,128430.0
id_96,channel_52,2004-11-03 14:40:07.530000+00:00,2004-11-05 04:23:37.530000+00:00,135810.0
id_96,channel_57,2004-11-03 14:46:32.643000+00:00,2004-11-06 00:52:32.643000+00:00,209160.0
id_96,channel_58,2004-11-03 15:04:32.643000+00:00,2004-11-05 22:50:02.643000+00:00,200730.0
id_96,channel_59,2004-11-03 14:44:02.643000+00:00,2004-11-05 23:04:02.643000+00:00,202800.0
id_96,channel_60,2004-11-03 15:00:32.643000+00:00,2004-11-05 23:44:02.643000+00:00,204210.0
id_97,channel_14,2004-12-01 08:04:45.429000+00:00,2004-12-01 14:43:45.429000+00:00,23940.0
id_97,channel_21,2004-12-01 07:30:15.429000+00:00,2004-12-01 14:43:45.429000+00:00,26010.0
id_97,channel_29,2004-12-01 07:55:45.429000+00:00,2004-12-01 13:54:15.429000+00:00,21510.0
id_98,channel_14,2005-03-25 04:37:45.414000+00:00,2005-03-25 10:52:45.414000+00:00,22500.0
id_98,channel_15,2005-03-25 04:57:15.414000+00:00,2005-03-25 22:21:15.414000+00:00,62640.0
id_98,channel_21,2005-03-25 04:37:45.414000+00:00,2005-03-25 10:25:45.414000+00:00,20880.0
id_98,channel_22,2005-03-25 05:01:45.414000+00:00,2005-03-28 09:24:15.414000+00:00,274950.0
id_98,channel_23,2005-03-25 05:00:15.414000+00:00,2005-03-25 18:31:45.414000+00:00,48690.0
id_98,channel_29,2005-03-25 04:37:45.414000+00:00,2005-03-25 10:31:45.414000+00:00,21240.0
id_98,channel_30,2005-03-25 05:00:15.414000+00:00,2005-03-26 08:09:15.414000+00:00,97740.0
id_98,channel_31,2005-03-25 05:00:15.414000+00:00,2005-03-28 09:24:15.414000+00:00,275040.0
id_98,channel_38,2005-03-25 04:46:45.414000+00:00,2005-03-26 08:09:15.414000+00:00,98550.0
id_98,channel_39,2005-03-25 04:39:15.414000+00:00,2005-03-28 09:24:15.414000+00:00,276300.0
id_98,channel_41,2005-03-25 04:36:55.134000+00:00,2005-03-25 04:37:25.134000+00:00,30.0
id_98,channel_41,2005-03-25 04:56:55.134000+00:00,2005-03-25 04:59:55.134000+00:00,180.0
id_98,channel_42,2005-03-25 03:59:55.134000+00:00,2005-03-25 04:04:55.134000+00:00,300.0
id_98,channel_42,2005-03-25 04:36:55.134000+00:00,2005-03-25 04:37:25.134000+00:00,30.0
id_98,channel_42,2005-03-25 04:56:55.134000+00:00,2005-03-25 04:59:55.134000+00:00,180.0
id_98,channel_43,2005-03-25 04:36:55.134000+00:00,2005-03-25 04:37:25.134000+00:00,30.0
id_98,channel_43,2005-03-25 04:56:55.134000+00:00,2005-03-25 04:59:55.134000+00:00,180.0
id_98,channel_44,2005-03-25 04:36:55.134000+00:00,2005-03-25 04:37:25.134000+00:00,30.0
id_98,channel_44,2005-03-25 04:56:55.134000+00:00,2005-03-25 04:59:55.134000+00:00,180.0
id_98,channel_45,2005-03-25 03:59:55.134000+00:00,2005-03-25 04:04:55.134000+00:00,300.0
id_98,channel_45,2005-03-25 04:36:55.134000+00:00,2005-03-25 04:37:25.134000+00:00,30.0
id_98,channel_45,2005-03-25 04:56:55.134000+00:00,2005-03-25 04:59:55.134000+00:00,180.0
id_98,channel_46,2005-03-25 04:36:55.134000+00:00,2005-03-25 04:37:25.134000+00:00,30.0
id_98,channel_46,2005-03-25 04:56:55.134000+00:00,2005-03-25 05:00:25.134000+00:00,210.0
id_99,channel_14,2005-02-07 15:40:45.420000+00:00,2005-02-07 18:37:45.420000+00:00,10620.0
id_99,channel_21,2005-02-07 15:40:45.420000+00:00,2005-02-07 17:40:45.420000+00:00,7200.0
id_99,channel_29,2005-02-07 15:43:45.420000+00:00,2005-02-07 19:16:45.420000+00:00,12780.0
id_100,channel_14,2005-07-04 20:16:27.402000+00:00,2005-07-05 09:08:57.402000+00:00,46350.0
id_100,channel_15,2005-07-04 20:25:27.402000+00:00,2005-07-12 00:00:00+00:00,617672.598
id_100,channel_21,2005-07-04 20:14:57.402000+00:00,2005-07-05 10:05:57.402000+00:00,49860.0
id_100,channel_22,2005-07-04 20:19:27.402000+00:00,2005-07-12 00:00:00+00:00,618032.598
id_100,channel_23,2005-07-04 20:20:57.402000+00:00,2005-07-12 00:00:00+00:00,617942.598
id_100,channel_24,2005-07-04 20:58:27.402000+00:00,2005-07-05 09:08:57.402000+00:00,43830.0
id_100,channel_29,2005-07-04 20:14:57.402000+00:00,2005-07-05 05:31:27.402000+00:00,33390.0
id_100,channel_30,2005-07-04 20:29:57.402000+00:00,2005-07-06 04:05:57.402000+00:00,113760.0
id_100,channel_31,2005-07-04 20:20:57.402000+00:00,2005-07-12 00:00:00+00:00,617942.598
id_100,channel_32,2005-07-04 19:53:57.402000+00:00,2005-07-05 07:01:27.402000+00:00,40050.0
id_100,channel_33,2005-07-04 20:22:27.402000+00:00,2005-07-05 05:02:57.402000+00:00,31230.0
id_100,channel_38,2005-07-04 20:25:27.402000+00:00,2005-07-05 16:46:27.402000+00:00,73260.0
id_100,channel_39,2005-07-04 20:23:57.402000+00:00,2005-07-12 00:00:00+00:00,617762.598
id_100,channel_40,2005-07-04 20:29:57.402000+00:00,2005-07-05 04:29:57.402000+00:00,28800.0
id_100,channel_41,2005-07-04 20:14:07.119000+00:00,2005-07-04 20:22:37.119000+00:00,510.0
id_100,channel_41,2005-07-04 20:39:07.119000+00:00,2005-07-04 20:42:37.119000+00:00,210.0
id_100,channel_42,2005-07-04 20:14:07.119000+00:00,2005-07-04 20:22:37.119000+00:00,510.0
id_100,channel_42,2005-07-04 20:39:07.119000+00:00,2005-07-04 20:42:37.119000+00:00,210.0
id_100,channel_43,2005-07-04 20:14:07.119000+00:00,2005-07-04 20:22:37.119000+00:00,510.0
id_100,channel_43,2005-07-04 20:39:07.119000+00:00,2005-07-04 20:42:37.119000+00:00,210.0
id_100,channel_44,2005-07-04 20:14:07.119000+00:00,2005-07-04 20:22:37.119000+00:00,510.0
id_100,channel_44,2005-07-04 20:39:07.119000+00:00,2005-07-04 20:42:37.119000+00:00,210.0
id_100,channel_45,2005-07-04 20:14:07.119000+00:00,2005-07-04 20:22:37.119000+00:00,510.0
id_100,channel_45,2005-07-04 20:39:07.119000+00:00,2005-07-04 20:42:37.119000+00:00,210.0
id_100,channel_46,2005-07-04 20:14:07.119000+00:00,2005-07-04 20:22:37.119000+00:00,510.0
id_100,channel_46,2005-07-04 20:39:07.119000+00:00,2005-07-04 20:42:37.119000+00:00,210.0
id_101,channel_12,2005-09-01 14:46:12.396000+00:00,2005-09-02 18:28:12.393000+00:00,99719.997
id_101,channel_13,2005-09-01 14:46:12.396000+00:00,2005-09-02 18:52:12.393000+00:00,101159.997
id_101,channel_14,2005-09-02 02:10:12.396000+00:00,2005-09-07 09:14:42.393000+00:00,457469.997
id_101,channel_16,2005-09-01 22:58:12.393000+00:00,2005-09-12 23:59:42.393000+00:00,954090.0
id_101,channel_17,2005-09-01 14:46:12.396000+00:00,2005-09-02 18:52:12.393000+00:00,101159.997
id_101,channel_18,2005-09-01 14:46:12.396000+00:00,2005-09-02 18:58:12.393000+00:00,101519.997
id_101,channel_19,2005-09-01 14:46:12.396000+00:00,2005-09-02 19:40:12.393000+00:00,104039.997
id_101,channel_20,2005-09-01 14:46:12.396000+00:00,2005-09-02 18:28:12.393000+00:00,99719.997
id_101,channel_21,2005-09-02 05:22:12.393000+00:00,2005-09-06 11:32:42.393000+00:00,367830.0
id_101,channel_22,2005-09-02 07:28:12.396000+00:00,2005-09-09 00:04:12.393000+00:00,578159.997
id_101,channel_24,2005-09-01 19:46:12.396000+00:00,2005-09-12 23:59:42.393000+00:00,965609.997
id_101,channel_25,2005-09-01 14:46:12.396000+00:00,2005-09-02 19:10:12.393000+00:00,102239.997
id_101,channel_26,2005-09-01 14:46:12.396000+00:00,2005-09-02 18:10:12.393000+00:00,98639.997
id_101,channel_27,2005-09-01 14:46:12.396000+00:00,2005-09-02 18:58:12.393000+00:00,101519.997
id_101,channel_28,2005-09-01 14:52:12.396000+00:00,2005-09-02 18:22:12.393000+00:00,98999.997
id_101,channel_29,2005-09-02 04:34:12.393000+00:00,2005-09-05 23:31:12.393000+00:00,327420.0
id_101,channel_30,2005-09-02 06:40:12.393000+00:00,2005-09-10 02:22:12.393000+00:00,675720.0
id_101,channel_31,2005-09-02 05:10:12.393000+00:00,2005-09-11 15:22:12.393000+00:00,814320.0
id_101,channel_32,2005-09-01 21:22:12.396000+00:00,2005-09-12 23:59:42.393000+00:00,959849.997
id_101,channel_33,2005-09-01 20:40:12.396000+00:00,2005-09-12 23:59:42.393000+00:00,962369.997
id_101,channel_34,2005-09-01 14:46:12.396000+00:00,2005-09-02 18:16:12.393000+00:00,98999.997
id_101,channel_35,2005-09-01 14:46:12.396000+00:00,2005-09-02 20:37:12.393000+00:00,107459.997
id_101,channel_36,2005-09-01 14:46:12.396000+00:00,2005-09-02 18:34:12.393000+00:00,100079.997
id_101,channel_37,2005-09-01 14:46:12.396000+00:00,2005-09-02 18:34:12.393000+00:00,100079.997
id_101,channel_38,2005-09-02 05:22:12.393000+00:00,2005-09-10 16:29:42.393000+00:00,731250.0
id_101,channel_39,2005-09-02 04:58:12.396000+00:00,2005-09-12 09:23:42.393000+00:00,879929.997
id_101,channel_40,2005-09-01 21:04:12.396000+00:00,2005-09-12 23:59:42.393000+00:00,960929.997
id_101,channel_41,2005-09-01 14:43:22.113000+00:00,2005-09-02 17:31:22.113000+00:00,96480.0
id_101,channel_42,2005-09-01 14:43:22.113000+00:00,2005-09-02 17:31:22.113000+00:00,96480.0
id_101,channel_43,2005-09-01 14:43:22.113000+00:00,2005-09-02 17:31:22.113000+00:00,96480.0
id_101,channel_44,2005-09-01 14:43:22.113000+00:00,2005-09-02 17:31:22.113000+00:00,96480.0
id_101,channel_45,2005-09-01 14:43:22.113000+00:00,2005-09-02 17:31:22.113000+00:00,96480.0
id_101,channel_46,2005-09-01 14:43:22.113000+00:00,2005-09-02 17:31:22.113000+00:00,96480.0
id_101,channel_47,2005-09-01 14:46:22.113000+00:00,2005-09-04 17:59:22.113000+00:00,270780.0
id_101,channel_48,2005-09-01 14:46:22.113000+00:00,2005-09-04 22:40:22.113000+00:00,287640.0
id_101,channel_49,2005-09-01 14:46:22.113000+00:00,2005-09-05 00:38:22.113000+00:00,294720.0
id_101,channel_50,2005-09-01 14:45:34.488000+00:00,2005-09-05 05:26:04.491000+00:00,312030.003
id_101,channel_51,2005-09-01 14:45:34.488000+00:00,2005-09-05 01:51:34.491000+00:00,299160.003
id_101,channel_52,2005-09-01 14:45:34.488000+00:00,2005-09-05 03:17:04.491000+00:00,304290.003
id_101,channel_57,2005-09-01 14:58:29.607000+00:00,2005-09-04 10:04:59.607000+00:00,241590.0
id_101,channel_58,2005-09-01 16:19:29.607000+00:00,2005-09-04 09:27:29.607000+00:00,234480.0
id_101,channel_59,2005-09-01 17:04:29.607000+00:00,2005-09-04 08:39:59.607000+00:00,228930.0
id_101,channel_60,2005-09-01 15:13:29.607000+00:00,2005-09-04 08:20:59.607000+00:00,234450.0
id_101,channel_66,2005-09-01 19:59:00.312000+00:00,2005-09-05 09:23:00.309000+00:00,307439.997
id_101,channel_70,2005-09-01 14:42:26.223000+00:00,2005-09-02 20:27:41.223000+00:00,107115.0
id_101,channel_71,2005-09-01 14:42:10.107000+00:00,2005-09-02 20:27:55.104000+00:00,107144.997
id_101,channel_72,2005-09-01 14:42:23.979000+00:00,2005-09-02 20:27:38.979000+00:00,107115.0
id_101,channel_73,2005-09-01 14:42:37.854000+00:00,2005-09-02 20:27:52.854000+00:00,107115.0
id_101,channel_74,2005-09-01 14:42:21.732000+00:00,2005-09-02 20:28:06.729000+00:00,107144.997
id_101,channel_75,2005-09-01 14:42:35.604000+00:00,2005-09-02 20:27:50.607000+00:00,107115.003
id_101,channel_76,2005-09-01 14:42:19.482000+00:00,2005-09-02 20:28:04.479000+00:00,107144.997
id_102,channel_12,2005-09-27 21:43:21.390000+00:00,2005-09-28 11:43:21.390000+00:00,50400.0
id_102,channel_13,2005-09-27 21:43:21.390000+00:00,2005-09-28 09:43:21.390000+00:00,43200.0
id_102,channel_14,2005-09-28 10:19:21.390000+00:00,2005-09-28 20:19:21.390000+00:00,36000.0
id_102,channel_16,2005-09-28 04:43:21.390000+00:00,2005-10-07 00:00:00+00:00,760598.61
id_102,channel_17,2005-09-27 21:43:21.390000+00:00,2005-09-28 09:49:21.390000+00:00,43560.0
id_102,channel_18,2005-09-27 21:43:21.390000+00:00,2005-09-28 09:49:21.390000+00:00,43560.0
id_102,channel_19,2005-09-27 21:43:21.390000+00:00,2005-09-28 10:37:21.390000+00:00,46440.0
id_102,channel_20,2005-09-27 21:43:21.390000+00:00,2005-09-28 09:55:21.390000+00:00,43920.0
id_102,channel_22,2005-09-28 09:01:21.390000+00:00,2005-09-28 21:50:51.390000+00:00,46170.0
id_102,channel_24,2005-09-28 07:01:21.390000+00:00,2005-10-07 00:00:00+00:00,752318.61
id_102,channel_25,2005-09-27 21:43:21.390000+00:00,2005-09-28 09:31:21.390000+00:00,42480.0
id_102,channel_26,2005-09-27 21:43:21.390000+00:00,2005-09-28 09:19:21.390000+00:00,41760.0
id_102,channel_27,2005-09-27 21:43:21.390000+00:00,2005-09-28 09:19:21.390000+00:00,41760.0
id_102,channel_28,2005-09-27 21:43:21.390000+00:00,2005-09-28 09:13:21.390000+00:00,41400.0
id_102,channel_32,2005-09-28 04:19:21.390000+00:00,2005-10-07 00:00:00+00:00,762038.61
id_102,channel_33,2005-09-28 03:13:21.390000+00:00,2005-10-07 00:00:00+00:00,765998.61
id_102,channel_34,2005-09-27 21:43:21.390000+00:00,2005-09-28 09:37:21.390000+00:00,42840.0
id_102,channel_35,2005-09-27 21:49:21.390000+00:00,2005-09-28 09:31:21.390000+00:00,42120.0
id_102,channel_36,2005-09-27 21:43:21.390000+00:00,2005-09-28 09:49:21.390000+00:00,43560.0
id_102,channel_37,2005-09-27 21:43:21.390000+00:00,2005-09-28 09:31:21.390000+00:00,42480.0
id_102,channel_40,2005-09-28 03:49:21.390000+00:00,2005-10-07 00:00:00+00:00,763838.61
id_102,channel_41,2005-09-27 21:40:31.110000+00:00,2005-09-28 08:31:31.110000+00:00,39060.0
id_102,channel_42,2005-09-27 21:40:31.110000+00:00,2005-09-28 08:31:31.110000+00:00,39060.0
id_102,channel_43,2005-09-27 21:40:31.110000+00:00,2005-09-28 08:31:31.110000+00:00,39060.0
id_102,channel_44,2005-09-27 21:40:31.110000+00:00,2005-09-28 08:31:31.110000+00:00,39060.0
id_102,channel_45,2005-09-27 21:40:31.110000+00:00,2005-09-28 08:31:31.110000+00:00,39060.0
id_102,channel_46,2005-09-27 21:40:31.110000+00:00,2005-09-28 08:31:31.110000+00:00,39060.0
id_102,channel_47,2005-09-27 21:43:31.110000+00:00,2005-09-30 04:28:01.110000+00:00,197070.0
id_102,channel_48,2005-09-27 21:43:31.110000+00:00,2005-09-30 03:31:01.110000+00:00,193650.0
id_102,channel_49,2005-09-27 21:43:31.110000+00:00,2005-09-30 03:21:01.110000+00:00,193050.0
id_102,channel_50,2005-09-27 21:42:43.485000+00:00,2005-09-30 04:00:43.488000+00:00,195480.003
id_102,channel_51,2005-09-27 21:42:43.485000+00:00,2005-09-30 03:27:43.488000+00:00,193500.003
id_102,channel_52,2005-09-27 21:42:43.485000+00:00,2005-09-30 03:33:43.488000+00:00,193860.003
id_102,channel_57,2005-09-27 21:43:38.604000+00:00,2005-09-28 10:37:38.604000+00:00,46440.0
id_102,channel_58,2005-09-27 21:46:38.604000+00:00,2005-09-28 10:58:38.604000+00:00,47520.0
id_102,channel_59,2005-09-27 21:49:38.604000+00:00,2005-09-28 10:46:38.604000+00:00,46620.0
id_102,channel_60,2005-09-27 21:52:38.604000+00:00,2005-09-28 10:13:38.604000+00:00,44460.0
id_102,channel_70,2005-09-27 21:39:41.220000+00:00,2005-09-28 11:50:20.220000+00:00,51039.0
id_102,channel_71,2005-09-27 21:39:25.101000+00:00,2005-09-28 11:50:04.101000+00:00,51039.0
id_102,channel_72,2005-09-27 21:39:38.976000+00:00,2005-09-28 11:50:17.976000+00:00,51039.0
id_102,channel_73,2005-09-27 21:39:22.851000+00:00,2005-09-28 11:50:31.851000+00:00,51069.0
id_102,channel_74,2005-09-27 21:39:36.726000+00:00,2005-09-28 11:50:15.726000+00:00,51039.0
id_102,channel_75,2005-09-27 21:39:20.604000+00:00,2005-09-28 11:50:29.604000+00:00,51069.0
id_102,channel_76,2005-09-27 21:39:34.476000+00:00,2005-09-28 11:50:13.476000+00:00,51039.0
id_103,channel_12,2005-10-22 09:16:12.387000+00:00,2005-10-22 20:46:12.387000+00:00,41400.0
id_103,channel_13,2005-10-22 09:16:12.387000+00:00,2005-10-22 20:04:12.387000+00:00,38880.0
id_103,channel_16,2005-10-22 15:28:12.387000+00:00,2005-11-01 11:59:42.387000+00:00,851490.0
id_103,channel_17,2005-10-22 09:16:12.387000+00:00,2005-10-22 20:28:12.387000+00:00,40320.0
id_103,channel_18,2005-10-22 09:16:12.387000+00:00,2005-10-22 20:10:12.387000+00:00,39240.0
id_103,channel_19,2005-10-22 09:16:12.387000+00:00,2005-10-22 20:16:12.387000+00:00,39600.0
id_103,channel_20,2005-10-22 09:16:12.387000+00:00,2005-10-22 20:04:12.387000+00:00,38880.0
id_103,channel_24,2005-10-22 12:52:12.387000+00:00,2005-11-01 11:59:42.387000+00:00,860850.0
id_103,channel_25,2005-10-22 09:16:12.387000+00:00,2005-10-22 20:04:12.387000+00:00,38880.0
id_103,channel_26,2005-10-22 09:16:12.387000+00:00,2005-10-22 20:10:12.387000+00:00,39240.0
id_103,channel_27,2005-10-22 09:16:12.387000+00:00,2005-10-22 20:10:12.387000+00:00,39240.0
id_103,channel_28,2005-10-22 09:16:12.387000+00:00,2005-10-22 20:52:12.387000+00:00,41760.0
id_103,channel_31,2005-10-22 19:10:12.387000+00:00,2005-10-27 12:46:12.387000+00:00,408960.0
id_103,channel_32,2005-10-22 14:52:12.387000+00:00,2005-11-01 11:59:42.387000+00:00,853650.0
id_103,channel_33,2005-10-22 10:40:12.387000+00:00,2005-11-01 11:59:42.387000+00:00,868770.0
id_103,channel_34,2005-10-22 09:16:12.387000+00:00,2005-10-22 20:40:12.387000+00:00,41040.0
id_103,channel_35,2005-10-22 09:16:12.387000+00:00,2005-10-22 20:46:12.387000+00:00,41400.0
id_103,channel_36,2005-10-22 09:16:12.387000+00:00,2005-10-22 22:28:12.387000+00:00,47520.0
id_103,channel_37,2005-10-22 09:16:12.387000+00:00,2005-10-22 22:10:12.387000+00:00,46440.0
id_103,channel_39,2005-10-22 21:04:12.387000+00:00,2005-10-31 06:52:12.387000+00:00,726480.0
id_103,channel_40,2005-10-22 10:28:12.387000+00:00,2005-11-01 11:59:42.387000+00:00,869490.0
id_103,channel_41,2005-10-22 09:13:22.107000+00:00,2005-10-22 19:31:22.107000+00:00,37080.0
id_103,channel_42,2005-10-22 09:13:22.107000+00:00,2005-10-22 19:31:22.107000+00:00,37080.0
id_103,channel_43,2005-10-22 09:13:22.107000+00:00,2005-10-22 19:31:22.107000+00:00,37080.0
id_103,channel_44,2005-10-22 09:13:22.107000+00:00,2005-10-22 19:31:22.107000+00:00,37080.0
id_103,channel_45,2005-10-22 09:13:22.107000+00:00,2005-10-22 19:31:22.107000+00:00,37080.0
id_103,channel_46,2005-10-22 09:13:22.107000+00:00,2005-10-22 19:31:22.107000+00:00,37080.0
id_103,channel_47,2005-10-22 09:16:22.107000+00:00,2005-10-24 22:51:52.107000+00:00,221730.0
id_103,channel_48,2005-10-22 09:16:22.107000+00:00,2005-10-24 22:22:22.107000+00:00,219960.0
id_103,channel_49,2005-10-22 09:16:22.107000+00:00,2005-10-24 22:25:22.107000+00:00,220140.0
id_103,channel_50,2005-10-22 09:18:34.482000+00:00,2005-10-24 20:39:34.485000+00:00,213660.003
id_103,channel_51,2005-10-22 09:15:34.482000+00:00,2005-10-24 22:08:04.485000+00:00,219150.003
id_103,channel_52,2005-10-22 09:15:34.482000+00:00,2005-10-24 22:38:04.485000+00:00,220950.003
id_103,channel_57,2005-10-22 12:58:29.601000+00:00,2005-10-24 20:10:29.601000+00:00,198720.0
id_103,channel_58,2005-10-22 15:01:29.601000+00:00,2005-10-24 19:32:59.601000+00:00,189090.0
id_103,channel_59,2005-10-22 14:52:29.601000+00:00,2005-10-24 18:36:29.601000+00:00,186240.0
id_103,channel_60,2005-10-22 14:58:29.601000+00:00,2005-10-24 19:14:29.601000+00:00,188160.0
id_103,channel_66,2005-10-22 13:35:00.306000+00:00,2005-10-23 01:47:00.303000+00:00,43919.997
id_103,channel_70,2005-10-22 09:12:20.217000+00:00,2005-10-23 00:33:11.217000+00:00,55251.0
id_103,channel_71,2005-10-22 09:12:34.098000+00:00,2005-10-23 00:33:25.098000+00:00,55251.0
id_103,channel_72,2005-10-22 09:12:17.973000+00:00,2005-10-23 00:33:38.973000+00:00,55281.0
id_103,channel_73,2005-10-22 09:12:31.848000+00:00,2005-10-23 00:33:22.848000+00:00,55251.0
id_103,channel_74,2005-10-22 09:12:15.723000+00:00,2005-10-23 00:33:36.723000+00:00,55281.0
id_103,channel_75,2005-10-22 09:12:29.601000+00:00,2005-10-23 00:33:20.601000+00:00,55251.0
id_103,channel_76,2005-10-22 09:12:13.473000+00:00,2005-10-23 00:33:34.473000+00:00,55281.0
id_104,channel_14,2005-12-22 16:43:12.381000+00:00,2005-12-23 23:11:42.381000+00:00,109710.0
id_104,channel_15,2005-12-22 16:47:42.381000+00:00,2005-12-24 13:11:42.381000+00:00,159840.0
id_104,channel_21,2005-12-22 16:29:42.381000+00:00,2005-12-22 16:29:42.381000+00:00,0.0
id_104,channel_21,2005-12-22 16:35:42.381000+00:00,2005-12-22 16:35:42.381000+00:00,0.0
id_104,channel_21,2005-12-22 16:43:12.381000+00:00,2005-12-23 22:29:42.381000+00:00,107190.0
id_104,channel_22,2005-12-22 10:40:12.381000+00:00,2005-12-28 11:34:12.378000+00:00,521639.997
id_104,channel_23,2005-12-22 16:49:12.381000+00:00,2005-12-24 13:32:42.381000+00:00,161010.0
id_104,channel_24,2005-12-22 17:17:42.381000+00:00,2005-12-22 23:59:42.381000+00:00,24120.0
id_104,channel_29,2005-12-22 16:43:12.381000+00:00,2005-12-24 02:20:42.381000+00:00,121050.0
id_104,channel_30,2005-12-22 18:13:12.381000+00:00,2005-12-26 00:11:42.381000+00:00,280710.0
id_104,channel_31,2005-12-22 12:07:12.381000+00:00,2005-12-28 19:47:42.378000+00:00,546029.997
id_104,channel_32,2005-12-22 18:02:42.381000+00:00,2005-12-22 22:40:12.381000+00:00,16650.0
id_104,channel_33,2005-12-22 17:08:42.381000+00:00,2005-12-22 19:50:42.381000+00:00,9720.0
id_104,channel_38,2005-12-22 17:20:42.381000+00:00,2005-12-27 23:01:12.378000+00:00,452429.997
id_104,channel_39,2005-12-22 16:46:12.381000+00:00,2005-12-28 09:20:42.378000+00:00,491669.997
id_104,channel_41,2005-12-22 16:41:52.098000+00:00,2005-12-22 16:45:52.098000+00:00,240.0
id_104,channel_41,2005-12-22 17:03:22.098000+00:00,2005-12-22 17:03:22.098000+00:00,0.0
id_104,channel_41,2005-12-22 17:04:22.098000+00:00,2005-12-22 17:04:22.098000+00:00,0.0
id_104,channel_42,2005-12-22 16:41:52.098000+00:00,2005-12-22 16:45:52.098000+00:00,240.0
id_104,channel_42,2005-12-22 17:03:22.098000+00:00,2005-12-22 17:03:22.098000+00:00,0.0
id_104,channel_42,2005-12-22 17:04:22.098000+00:00,2005-12-22 17:04:22.098000+00:00,0.0
id_104,channel_43,2005-12-22 16:41:52.098000+00:00,2005-12-22 16:45:52.098000+00:00,240.0
id_104,channel_43,2005-12-22 17:03:22.098000+00:00,2005-12-22 17:03:22.098000+00:00,0.0
id_104,channel_43,2005-12-22 17:04:22.098000+00:00,2005-12-22 17:04:22.098000+00:00,0.0
id_104,channel_44,2005-12-22 16:41:52.098000+00:00,2005-12-22 16:45:52.098000+00:00,240.0
id_104,channel_44,2005-12-22 17:03:22.098000+00:00,2005-12-22 17:03:22.098000+00:00,0.0
id_104,channel_44,2005-12-22 17:04:22.098000+00:00,2005-12-22 17:04:22.098000+00:00,0.0
id_104,channel_45,2005-12-22 16:41:52.098000+00:00,2005-12-22 16:45:52.098000+00:00,240.0
id_104,channel_45,2005-12-22 17:03:22.098000+00:00,2005-12-22 17:03:22.098000+00:00,0.0
id_104,channel_45,2005-12-22 17:04:22.098000+00:00,2005-12-22 17:04:22.098000+00:00,0.0
id_104,channel_46,2005-12-22 16:21:22.098000+00:00,2005-12-22 16:22:22.098000+00:00,60.0
id_104,channel_46,2005-12-22 16:41:52.098000+00:00,2005-12-22 16:45:52.098000+00:00,240.0
id_104,channel_46,2005-12-22 17:03:22.098000+00:00,2005-12-22 17:03:22.098000+00:00,0.0
id_104,channel_46,2005-12-22 17:04:22.098000+00:00,2005-12-22 17:04:22.098000+00:00,0.0
id_104,channel_46,2005-12-22 23:41:52.098000+00:00,2005-12-22 23:52:52.098000+00:00,660.0
id_105,channel_14,2006-02-28 18:02:39.372000+00:00,2006-02-28 22:25:09.372000+00:00,15750.0
id_105,channel_21,2006-02-28 17:59:39.372000+00:00,2006-02-28 22:44:39.372000+00:00,17100.0
id_105,channel_29,2006-02-28 17:58:09.372000+00:00,2006-02-28 23:01:09.372000+00:00,18180.0
id_106,channel_14,2006-04-28 02:29:39.363000+00:00,2006-04-28 07:34:09.363000+00:00,18270.0
id_106,channel_15,2006-04-28 02:13:09.363000+00:00,2006-05-01 22:31:09.363000+00:00,332280.0
id_106,channel_17,2006-04-28 02:34:09.363000+00:00,2006-04-28 05:59:39.363000+00:00,12330.0
id_106,channel_18,2006-04-28 02:23:39.363000+00:00,2006-04-28 06:04:09.363000+00:00,13230.0
id_106,channel_19,2006-04-28 02:14:39.363000+00:00,2006-04-28 05:55:09.363000+00:00,13230.0
id_106,channel_20,2006-04-28 02:38:39.363000+00:00,2006-04-28 05:55:09.363000+00:00,11790.0
id_106,channel_21,2006-04-28 02:29:39.363000+00:00,2006-04-28 07:23:39.363000+00:00,17640.0
id_106,channel_22,2006-04-28 05:26:39.363000+00:00,2006-05-01 22:31:09.363000+00:00,320670.0
id_106,channel_23,2006-04-28 00:58:09.363000+00:00,2006-05-01 22:31:09.363000+00:00,336780.0
id_106,channel_25,2006-04-28 02:44:39.363000+00:00,2006-04-28 07:55:09.363000+00:00,18630.0
id_106,channel_26,2006-04-28 02:16:09.363000+00:00,2006-04-28 06:50:39.363000+00:00,16470.0
id_106,channel_27,2006-04-28 02:37:09.363000+00:00,2006-04-28 06:32:39.363000+00:00,14130.0
id_106,channel_28,2006-04-28 02:35:39.363000+00:00,2006-04-28 06:31:09.363000+00:00,14130.0
id_106,channel_29,2006-04-28 02:29:39.363000+00:00,2006-04-28 07:46:09.363000+00:00,18990.0
id_106,channel_30,2006-04-28 02:46:09.363000+00:00,2006-04-30 23:43:09.363000+00:00,248220.0
id_106,channel_31,2006-04-28 02:55:09.363000+00:00,2006-05-01 22:31:09.363000+00:00,329760.0
id_106,channel_34,2006-04-28 02:37:09.363000+00:00,2006-04-28 05:55:09.363000+00:00,11880.0
id_106,channel_36,2006-04-28 02:25:09.363000+00:00,2006-04-28 07:07:09.363000+00:00,16920.0
id_106,channel_37,2006-04-28 02:35:39.363000+00:00,2006-04-28 05:53:39.363000+00:00,11880.0
id_106,channel_38,2006-04-28 03:43:09.363000+00:00,2006-04-30 19:05:39.363000+00:00,228150.0
id_106,channel_39,2006-04-28 03:07:09.363000+00:00,2006-05-01 22:31:09.363000+00:00,329040.0
id_106,channel_41,2006-04-28 02:28:19.083000+00:00,2006-04-28 02:31:19.083000+00:00,180.0
id_106,channel_41,2006-04-28 05:40:49.083000+00:00,2006-04-28 05:46:19.083000+00:00,330.0
id_106,channel_41,2006-04-28 06:31:49.083000+00:00,2006-04-28 06:33:49.083000+00:00,120.0
id_106,channel_42,2006-04-28 02:28:19.083000+00:00,2006-04-28 02:31:19.083000+00:00,180.0
id_106,channel_42,2006-04-28 05:40:49.083000+00:00,2006-04-28 05:45:19.083000+00:00,270.0
id_106,channel_42,2006-04-28 06:31:49.083000+00:00,2006-04-28 06:33:49.083000+00:00,120.0
id_106,channel_43,2006-04-28 02:28:19.083000+00:00,2006-04-28 02:31:19.083000+00:00,180.0
id_106,channel_43,2006-04-28 05:40:49.083000+00:00,2006-04-28 05:47:19.083000+00:00,390.0
id_106,channel_43,2006-04-28 06:31:49.083000+00:00,2006-04-28 06:33:49.083000+00:00,120.0
id_106,channel_44,2006-04-28 02:28:19.083000+00:00,2006-04-28 02:31:19.083000+00:00,180.0
id_106,channel_44,2006-04-28 05:40:19.083000+00:00,2006-04-28 05:46:19.083000+00:00,360.0
id_106,channel_44,2006-04-28 06:31:49.083000+00:00,2006-04-28 06:33:49.083000+00:00,120.0
id_106,channel_45,2006-04-28 02:28:19.083000+00:00,2006-04-28 02:31:19.083000+00:00,180.0
id_106,channel_45,2006-04-28 05:40:49.083000+00:00,2006-04-28 05:46:19.083000+00:00,330.0
id_106,channel_45,2006-04-28 06:31:49.083000+00:00,2006-04-28 06:33:49.083000+00:00,120.0
id_106,channel_46,2006-04-28 02:29:19.083000+00:00,2006-04-28 02:32:19.083000+00:00,180.0
id_106,channel_46,2006-04-28 05:40:49.083000+00:00,2006-04-28 05:46:19.083000+00:00,330.0
id_106,channel_46,2006-04-28 06:31:49.083000+00:00,2006-04-28 06:33:49.083000+00:00,120.0
id_106,channel_47,2006-04-28 00:00:19.083000+00:00,2006-04-28 20:59:49.083000+00:00,75570.0
id_106,channel_48,2006-04-28 00:00:19.083000+00:00,2006-04-28 20:59:49.083000+00:00,75570.0
id_106,channel_49,2006-04-28 00:00:19.083000+00:00,2006-04-28 20:59:49.083000+00:00,75570.0
id_106,channel_50,2006-04-28 00:00:31.461000+00:00,2006-04-28 20:59:01.458000+00:00,75509.997
id_106,channel_51,2006-04-28 00:00:31.461000+00:00,2006-04-28 20:59:01.458000+00:00,75509.997
id_106,channel_52,2006-04-28 00:00:31.461000+00:00,2006-04-28 20:59:01.458000+00:00,75509.997
id_107,channel_41,2006-04-22 06:45:39.171000+00:00,2006-04-22 06:45:49.083000+00:00,9.912
id_107,channel_42,2006-04-22 06:45:39.171000+00:00,2006-04-22 06:45:49.083000+00:00,9.912
id_107,channel_43,2006-04-22 06:45:39.171000+00:00,2006-04-22 06:45:49.083000+00:00,9.912
id_107,channel_44,2006-04-22 06:45:39.171000+00:00,2006-04-22 06:45:49.083000+00:00,9.912
id_107,channel_45,2006-04-22 06:45:39.171000+00:00,2006-04-22 06:45:49.083000+00:00,9.912
id_107,channel_46,2006-04-22 06:45:39.171000+00:00,2006-04-22 06:45:49.083000+00:00,9.912
id_107,channel_47,2006-04-22 06:45:49.083000+00:00,2006-04-22 06:54:49.083000+00:00,540.0
id_107,channel_47,2006-04-22 06:55:49.083000+00:00,2006-04-22 07:01:49.083000+00:00,360.0
id_107,channel_48,2006-04-22 06:46:19.083000+00:00,2006-04-22 06:55:19.083000+00:00,540.0
id_107,channel_50,2006-04-22 06:47:01.461000+00:00,2006-04-22 06:59:01.461000+00:00,720.0
id_107,channel_51,2006-04-22 06:45:31.461000+00:00,2006-04-22 06:56:01.461000+00:00,630.0
id_107,channel_52,2006-04-22 06:45:31.461000+00:00,2006-04-22 06:50:01.461000+00:00,270.0
id_108,channel_14,2006-05-10 13:19:09.363000+00:00,2006-05-10 20:35:39.363000+00:00,26190.0
id_108,channel_21,2006-05-10 13:16:09.363000+00:00,2006-05-10 20:07:09.363000+00:00,24660.0
id_108,channel_29,2006-05-10 13:29:39.363000+00:00,2006-05-10 15:26:39.363000+00:00,7020.0
id_109,channel_41,2006-09-25 19:55:42.150000+00:00,2006-09-25 19:55:49.062000+00:00,6.912
id_109,channel_42,2006-09-25 19:55:42.150000+00:00,2006-09-25 19:55:49.062000+00:00,6.912
id_109,channel_43,2006-09-25 19:55:42.150000+00:00,2006-09-25 19:55:49.062000+00:00,6.912
id_109,channel_44,2006-09-25 19:55:42.150000+00:00,2006-09-25 19:55:49.062000+00:00,6.912
id_109,channel_45,2006-09-25 19:55:42.150000+00:00,2006-09-25 19:55:49.062000+00:00,6.912
id_109,channel_46,2006-09-25 19:55:42.150000+00:00,2006-09-25 19:55:49.062000+00:00,6.912
id_110,channel_41,2006-11-08 18:01:45.144000+00:00,2006-11-08 18:01:49.056000+00:00,3.912
id_110,channel_42,2006-11-08 18:01:45.144000+00:00,2006-11-08 18:01:49.056000+00:00,3.912
id_110,channel_43,2006-11-08 18:01:45.144000+00:00,2006-11-08 18:01:49.056000+00:00,3.912
id_110,channel_44,2006-11-08 18:01:45.144000+00:00,2006-11-08 18:01:49.056000+00:00,3.912
id_110,channel_45,2006-11-08 18:01:45.144000+00:00,2006-11-08 18:01:49.056000+00:00,3.912
id_110,channel_46,2006-11-08 18:01:45.144000+00:00,2006-11-08 18:01:49.056000+00:00,3.912
id_111,channel_14,2006-11-19 01:01:09.336000+00:00,2006-11-19 06:11:39.336000+00:00,18630.0
id_111,channel_21,2006-11-19 01:01:09.336000+00:00,2006-11-19 05:58:09.336000+00:00,17820.0
id_111,channel_29,2006-11-19 01:01:09.336000+00:00,2006-11-19 06:19:09.336000+00:00,19080.0
id_112,channel_14,2006-11-26 12:35:39.336000+00:00,2006-12-03 12:14:39.336000+00:00,603540.0
id_112,channel_15,2006-11-26 12:37:09.336000+00:00,2006-12-01 19:47:39.336000+00:00,457830.0
id_112,channel_16,2006-11-27 02:47:39.336000+00:00,2006-12-01 18:43:09.336000+00:00,402930.0
id_112,channel_21,2006-11-26 12:35:39.336000+00:00,2006-12-03 12:14:39.336000+00:00,603540.0
id_112,channel_22,2006-11-26 12:40:09.336000+00:00,2006-12-03 12:14:39.336000+00:00,603270.0
id_112,channel_23,2006-11-26 12:37:09.336000+00:00,2006-12-02 13:41:39.336000+00:00,522270.0
id_112,channel_24,2006-11-27 00:13:09.336000+00:00,2006-12-02 08:07:09.336000+00:00,460440.0
id_112,channel_29,2006-11-26 12:35:39.336000+00:00,2006-12-03 12:14:39.336000+00:00,603540.0
id_112,channel_30,2006-11-26 12:43:09.336000+00:00,2006-12-03 12:14:39.336000+00:00,603090.0
id_112,channel_31,2006-11-26 12:40:09.336000+00:00,2006-12-02 14:17:39.336000+00:00,524250.0
id_112,channel_32,2006-11-27 06:17:39.336000+00:00,2006-12-02 08:58:09.336000+00:00,441630.0
id_112,channel_33,2006-11-27 05:52:09.336000+00:00,2006-12-01 10:04:09.336000+00:00,360720.0
id_112,channel_38,2006-11-26 12:50:39.336000+00:00,2006-12-03 12:14:39.336000+00:00,602640.0
id_112,channel_39,2006-11-26 12:38:39.336000+00:00,2006-12-02 16:08:39.336000+00:00,531000.0
id_112,channel_40,2006-11-27 06:11:39.336000+00:00,2006-12-01 10:10:09.336000+00:00,359910.0
id_112,channel_41,2006-11-26 12:24:19.053000+00:00,2006-11-26 12:42:49.053000+00:00,1110.0
id_112,channel_41,2006-11-26 12:59:19.053000+00:00,2006-11-26 12:59:19.053000+00:00,0.0
id_112,channel_41,2006-11-26 13:00:49.053000+00:00,2006-11-26 13:01:19.053000+00:00,30.0
id_112,channel_41,2006-11-26 14:01:19.053000+00:00,2006-11-27 02:35:19.053000+00:00,45240.0
id_112,channel_42,2006-11-26 12:35:19.053000+00:00,2006-11-26 12:42:49.053000+00:00,450.0
id_112,channel_42,2006-11-26 12:59:19.053000+00:00,2006-11-26 12:59:19.053000+00:00,0.0
id_112,channel_42,2006-11-26 13:00:49.053000+00:00,2006-11-26 13:01:19.053000+00:00,30.0
id_112,channel_42,2006-11-26 13:57:49.053000+00:00,2006-11-27 02:27:49.053000+00:00,45000.0
id_112,channel_43,2006-11-26 12:35:19.053000+00:00,2006-11-26 12:42:49.053000+00:00,450.0
id_112,channel_43,2006-11-26 12:59:19.053000+00:00,2006-11-26 12:59:19.053000+00:00,0.0
id_112,channel_43,2006-11-26 13:00:49.053000+00:00,2006-11-26 13:01:19.053000+00:00,30.0
id_112,channel_43,2006-11-26 14:07:49.053000+00:00,2006-11-27 02:37:19.053000+00:00,44970.0
id_112,channel_44,2006-11-26 12:23:49.053000+00:00,2006-11-26 12:42:49.053000+00:00,1140.0
id_112,channel_44,2006-11-26 12:59:19.053000+00:00,2006-11-26 12:59:19.053000+00:00,0.0
id_112,channel_44,2006-11-26 13:00:49.053000+00:00,2006-11-26 13:01:19.053000+00:00,30.0
id_112,channel_44,2006-11-26 14:15:19.053000+00:00,2006-11-27 02:33:19.053000+00:00,44280.0
id_112,channel_45,2006-11-26 12:24:49.053000+00:00,2006-11-26 12:42:49.053000+00:00,1080.0
id_112,channel_45,2006-11-26 12:59:19.053000+00:00,2006-11-26 12:59:19.053000+00:00,0.0
id_112,channel_45,2006-11-26 13:00:49.053000+00:00,2006-11-26 13:01:19.053000+00:00,30.0
id_112,channel_45,2006-11-26 14:06:49.053000+00:00,2006-11-27 02:33:49.053000+00:00,44820.0
id_112,channel_46,2006-11-26 14:05:49.053000+00:00,2006-11-27 02:34:19.053000+00:00,44910.0
id_112,channel_47,2006-11-26 14:08:49.053000+00:00,2006-11-29 21:55:19.053000+00:00,287190.0
id_112,channel_48,2006-11-26 14:10:49.053000+00:00,2006-11-29 21:55:19.053000+00:00,287070.0
id_112,channel_49,2006-11-26 14:09:49.053000+00:00,2006-11-29 23:10:19.053000+00:00,291630.0
id_112,channel_50,2006-11-26 14:09:31.434000+00:00,2006-11-29 19:00:31.434000+00:00,276660.0
id_112,channel_51,2006-11-26 14:09:31.434000+00:00,2006-11-29 19:03:31.434000+00:00,276840.0
id_112,channel_52,2006-11-26 14:03:31.434000+00:00,2006-11-29 19:48:31.434000+00:00,279900.0
id_112,channel_64,2006-11-26 17:01:57.252000+00:00,2006-11-26 22:13:57.252000+00:00,18720.0
id_112,channel_65,2006-11-26 17:01:57.252000+00:00,2006-11-26 22:10:57.252000+00:00,18540.0
id_112,channel_66,2006-11-26 17:01:57.252000+00:00,2006-11-26 22:10:57.252000+00:00,18540.0
id_113,channel_14,2006-11-28 00:11:39.336000+00:00,2006-11-28 03:46:09.336000+00:00,12870.0
id_113,channel_21,2006-11-28 00:19:09.336000+00:00,2006-11-28 03:34:09.336000+00:00,11700.0
id_113,channel_29,2006-11-28 00:41:39.336000+00:00,2006-11-28 04:14:39.336000+00:00,12780.0
id_114,channel_41,2006-12-10 15:10:39.141000+00:00,2006-12-10 15:10:49.053000+00:00,9.912
id_114,channel_42,2006-12-10 15:10:39.141000+00:00,2006-12-10 15:10:49.053000+00:00,9.912
id_114,channel_43,2006-12-10 15:10:39.141000+00:00,2006-12-10 15:10:49.053000+00:00,9.912
id_114,channel_44,2006-12-10 15:10:39.141000+00:00,2006-12-10 15:10:49.053000+00:00,9.912
id_114,channel_45,2006-12-10 15:10:39.141000+00:00,2006-12-10 15:10:49.053000+00:00,9.912
id_114,channel_46,2006-12-10 15:10:39.141000+00:00,2006-12-10 15:10:49.053000+00:00,9.912
id_115,channel_14,2007-01-12 15:41:39.330000+00:00,2007-01-12 20:32:39.330000+00:00,17460.0
id_115,channel_21,2007-01-12 15:41:39.330000+00:00,2007-01-12 22:46:09.330000+00:00,25470.0
id_115,channel_29,2007-01-12 15:41:39.330000+00:00,2007-01-12 20:16:09.330000+00:00,16470.0
id_116,channel_12,2007-04-14 08:17:06.318000+00:00,2007-04-17 08:59:45.318000+00:00,261759.0
id_116,channel_13,2007-04-14 08:23:06.318000+00:00,2007-04-17 08:59:45.318000+00:00,261399.0
id_116,channel_14,2007-04-14 08:17:06.318000+00:00,2007-04-30 00:00:00+00:00,1352573.682
id_116,channel_15,2007-04-14 08:23:06.318000+00:00,2007-04-30 00:00:00+00:00,1352213.682
id_116,channel_16,2007-04-14 08:35:06.318000+00:00,2007-04-30 00:00:00+00:00,1351493.682
id_116,channel_17,2007-04-14 08:17:06.318000+00:00,2007-04-17 08:59:45.318000+00:00,261759.0
id_116,channel_18,2007-04-14 08:23:06.318000+00:00,2007-04-17 08:59:45.318000+00:00,261399.0
id_116,channel_19,2007-04-14 08:23:06.318000+00:00,2007-04-17 08:59:45.318000+00:00,261399.0
id_116,channel_20,2007-04-14 08:17:06.318000+00:00,2007-04-17 08:59:45.318000+00:00,261759.0
id_116,channel_21,2007-04-14 08:17:06.318000+00:00,2007-04-30 00:00:00+00:00,1352573.682
id_116,channel_22,2007-04-14 08:17:06.318000+00:00,2007-04-30 00:00:00+00:00,1352573.682
id_116,channel_23,2007-04-14 08:17:06.318000+00:00,2007-04-30 00:00:00+00:00,1352573.682
id_116,channel_24,2007-04-14 08:41:06.318000+00:00,2007-04-30 00:00:00+00:00,1351133.682
id_116,channel_25,2007-04-14 08:17:06.318000+00:00,2007-04-17 08:59:45.318000+00:00,261759.0
id_116,channel_26,2007-04-14 08:17:06.318000+00:00,2007-04-17 08:59:45.318000+00:00,261759.0
id_116,channel_27,2007-04-14 08:17:06.318000+00:00,2007-04-17 08:59:45.318000+00:00,261759.0
id_116,channel_28,2007-04-14 08:17:06.318000+00:00,2007-04-17 08:59:45.318000+00:00,261759.0
id_116,channel_29,2007-04-14 08:17:06.318000+00:00,2007-04-17 08:59:45.318000+00:00,261759.0
id_116,channel_30,2007-04-14 08:17:06.318000+00:00,2007-04-30 00:00:00+00:00,1352573.682
id_116,channel_31,2007-04-14 08:17:06.318000+00:00,2007-04-30 00:00:00+00:00,1352573.682
id_116,channel_32,2007-04-14 16:35:06.318000+00:00,2007-04-30 00:00:00+00:00,1322693.682
id_116,channel_33,2007-04-14 18:19:15.318000+00:00,2007-04-30 00:00:00+00:00,1316444.682
id_116,channel_34,2007-04-14 08:17:06.318000+00:00,2007-04-17 08:59:45.318000+00:00,261759.0
id_116,channel_35,2007-04-14 08:17:06.318000+00:00,2007-04-17 08:59:45.318000+00:00,261759.0
id_116,channel_36,2007-04-14 08:17:06.318000+00:00,2007-04-17 08:59:45.318000+00:00,261759.0
id_116,channel_37,2007-04-14 08:17:06.318000+00:00,2007-04-17 08:59:45.318000+00:00,261759.0
id_116,channel_38,2007-04-14 08:17:06.318000+00:00,2007-04-30 00:00:00+00:00,1352573.682
id_116,channel_39,2007-04-14 08:35:06.318000+00:00,2007-04-30 00:00:00+00:00,1351493.682
id_116,channel_40,2007-04-14 08:53:06.318000+00:00,2007-04-30 00:00:00+00:00,1350413.682
id_116,channel_41,2007-04-14 08:14:16.035000+00:00,2007-04-20 07:02:25.035000+00:00,514089.0
id_116,channel_42,2007-04-14 08:14:16.035000+00:00,2007-04-20 07:02:25.035000+00:00,514089.0
id_116,channel_43,2007-04-14 08:14:16.035000+00:00,2007-04-20 07:02:25.035000+00:00,514089.0
id_116,channel_44,2007-04-14 08:14:16.035000+00:00,2007-04-20 07:02:25.035000+00:00,514089.0
id_116,channel_45,2007-04-14 08:14:16.035000+00:00,2007-04-20 07:02:25.035000+00:00,514089.0
id_116,channel_46,2007-04-14 08:14:16.035000+00:00,2007-04-20 07:02:25.035000+00:00,514089.0
id_116,channel_47,2007-04-14 08:17:16.035000+00:00,2007-04-20 07:02:25.035000+00:00,513909.0
id_116,channel_48,2007-04-14 08:17:16.035000+00:00,2007-04-20 07:02:25.035000+00:00,513909.0
id_116,channel_49,2007-04-14 08:17:16.035000+00:00,2007-04-20 07:02:25.035000+00:00,513909.0
id_116,channel_50,2007-04-14 08:16:28.413000+00:00,2007-04-20 07:02:07.410000+00:00,513938.997
id_116,channel_51,2007-04-14 08:16:28.413000+00:00,2007-04-20 07:02:07.410000+00:00,513938.997
id_116,channel_52,2007-04-14 08:16:28.413000+00:00,2007-04-20 07:02:07.410000+00:00,513938.997
id_116,channel_57,2007-04-14 08:17:23.517000+00:00,2007-04-20 07:02:02.523000+00:00,513879.006
id_116,channel_58,2007-04-14 08:14:23.517000+00:00,2007-04-20 07:02:02.523000+00:00,514059.006
id_116,channel_59,2007-04-14 08:17:23.517000+00:00,2007-04-20 07:02:02.523000+00:00,513879.006
id_116,channel_60,2007-04-14 08:17:23.517000+00:00,2007-04-20 07:02:02.523000+00:00,513879.006
id_116,channel_61,2007-04-15 00:41:23.373000+00:00,2007-04-15 00:41:23.373000+00:00,0.0
id_116,channel_62,2007-04-15 00:41:23.373000+00:00,2007-04-15 00:41:23.373000+00:00,0.0
id_116,channel_63,2007-04-15 00:41:23.373000+00:00,2007-04-15 00:41:23.373000+00:00,0.0
id_116,channel_64,2007-04-14 22:53:03.234000+00:00,2007-04-14 23:17:03.234000+00:00,1440.0
id_116,channel_65,2007-04-14 22:53:03.234000+00:00,2007-04-14 23:20:03.234000+00:00,1620.0
id_116,channel_66,2007-04-14 22:53:03.234000+00:00,2007-04-20 07:02:07.410000+00:00,461344.176
id_116,channel_70,2007-04-14 08:13:08.148000+00:00,2007-04-17 08:59:44.142000+00:00,261995.994
id_116,channel_70,2007-04-20 06:46:14.142000+00:00,2007-04-20 07:02:44.142000+00:00,990.0
id_116,channel_71,2007-04-14 08:12:52.029000+00:00,2007-04-17 08:59:58.023000+00:00,262025.994
id_116,channel_71,2007-04-20 06:45:28.023000+00:00,2007-04-20 07:02:28.023000+00:00,1020.0
id_116,channel_72,2007-04-14 08:13:05.904000+00:00,2007-04-17 08:59:41.898000+00:00,261995.994
id_116,channel_72,2007-04-20 06:45:41.898000+00:00,2007-04-20 07:02:11.898000+00:00,990.0
id_116,channel_73,2007-04-14 08:13:19.776000+00:00,2007-04-17 09:04:55.773000+00:00,262295.997
id_116,channel_73,2007-04-20 06:46:25.773000+00:00,2007-04-20 07:03:25.773000+00:00,1020.0
id_116,channel_74,2007-04-14 08:13:03.654000+00:00,2007-04-17 08:59:39.648000+00:00,261995.994
id_116,channel_74,2007-04-20 06:46:39.648000+00:00,2007-04-20 07:04:09.648000+00:00,1050.0
id_116,channel_75,2007-04-14 08:13:17.529000+00:00,2007-04-17 08:25:53.523000+00:00,259955.994
id_116,channel_75,2007-04-20 06:46:53.523000+00:00,2007-04-20 07:03:23.523000+00:00,990.0
id_116,channel_76,2007-04-14 08:13:01.404000+00:00,2007-04-17 06:58:07.392000+00:00,254705.988
id_116,channel_76,2007-04-20 06:47:07.398000+00:00,2007-04-20 07:02:37.398000+00:00,930.0
id_117,channel_14,2007-05-10 07:19:15.315000+00:00,2007-05-13 08:28:15.315000+00:00,263340.0
id_117,channel_15,2007-05-10 07:13:15.315000+00:00,2007-05-13 08:59:45.315000+00:00,265590.0
id_117,channel_21,2007-05-10 07:20:45.315000+00:00,2007-05-13 04:40:15.315000+00:00,249570.0
id_117,channel_22,2007-05-10 07:19:15.315000+00:00,2007-05-21 00:00:00+00:00,924044.685
id_117,channel_23,2007-05-10 07:14:45.315000+00:00,2007-05-13 02:13:15.315000+00:00,241110.0
id_117,channel_29,2007-05-10 07:19:15.315000+00:00,2007-05-13 06:16:15.315000+00:00,255420.0
id_117,channel_30,2007-05-10 07:32:45.315000+00:00,2007-05-21 00:00:00+00:00,923234.685
id_117,channel_31,2007-05-10 07:19:15.315000+00:00,2007-05-21 00:00:00+00:00,924044.685
id_117,channel_38,2007-05-10 07:20:45.315000+00:00,2007-05-21 00:00:00+00:00,923954.685
id_117,channel_39,2007-05-10 07:19:15.315000+00:00,2007-05-21 00:00:00+00:00,924044.685
id_117,channel_41,2007-05-10 07:12:55.032000+00:00,2007-05-10 07:19:55.032000+00:00,420.0
id_117,channel_41,2007-05-10 07:37:25.032000+00:00,2007-05-10 07:37:25.032000+00:00,0.0
id_117,channel_41,2007-05-10 12:13:55.032000+00:00,2007-05-10 13:45:55.032000+00:00,5520.0
id_117,channel_42,2007-05-10 07:12:55.032000+00:00,2007-05-10 07:19:25.032000+00:00,390.0
id_117,channel_42,2007-05-10 07:37:25.032000+00:00,2007-05-10 07:37:25.032000+00:00,0.0
id_117,channel_42,2007-05-10 12:13:55.032000+00:00,2007-05-10 13:45:55.032000+00:00,5520.0
id_117,channel_43,2007-05-10 07:12:25.032000+00:00,2007-05-10 07:19:55.032000+00:00,450.0
id_117,channel_43,2007-05-10 07:37:25.032000+00:00,2007-05-10 07:37:25.032000+00:00,0.0
id_117,channel_43,2007-05-10 12:13:55.032000+00:00,2007-05-10 13:45:55.032000+00:00,5520.0
id_117,channel_44,2007-05-10 07:11:55.032000+00:00,2007-05-10 07:19:55.032000+00:00,480.0
id_117,channel_44,2007-05-10 07:37:25.032000+00:00,2007-05-10 07:37:25.032000+00:00,0.0
id_117,channel_44,2007-05-10 12:13:55.032000+00:00,2007-05-10 13:45:55.032000+00:00,5520.0
id_117,channel_45,2007-05-10 07:12:55.032000+00:00,2007-05-10 07:19:55.032000+00:00,420.0
id_117,channel_45,2007-05-10 07:37:25.032000+00:00,2007-05-10 07:37:25.032000+00:00,0.0
id_117,channel_45,2007-05-10 12:13:55.032000+00:00,2007-05-10 13:45:55.032000+00:00,5520.0
id_117,channel_46,2007-05-10 07:12:25.032000+00:00,2007-05-10 07:19:55.032000+00:00,450.0
id_117,channel_46,2007-05-10 07:37:25.032000+00:00,2007-05-10 07:37:25.032000+00:00,0.0
id_117,channel_46,2007-05-10 12:13:55.032000+00:00,2007-05-10 13:45:55.032000+00:00,5520.0
id_117,channel_47,2007-05-10 11:46:55.032000+00:00,2007-05-10 16:36:55.032000+00:00,17400.0
id_117,channel_48,2007-05-10 11:46:25.032000+00:00,2007-05-10 15:56:55.032000+00:00,15030.0
id_117,channel_49,2007-05-10 11:41:55.032000+00:00,2007-05-10 16:48:25.032000+00:00,18390.0
id_117,channel_50,2007-05-10 11:44:07.410000+00:00,2007-05-10 16:56:07.410000+00:00,18720.0
id_117,channel_51,2007-05-10 11:39:37.410000+00:00,2007-05-10 16:08:07.410000+00:00,16110.0
id_117,channel_52,2007-05-10 11:38:07.410000+00:00,2007-05-10 16:47:07.410000+00:00,18540.0
id_118,channel_41,2007-05-22 05:30:06.120000+00:00,2007-05-22 05:30:06.120000+00:00,0.0
id_118,channel_42,2007-05-22 05:30:06.120000+00:00,2007-05-22 05:30:06.120000+00:00,0.0
id_118,channel_43,2007-05-22 05:30:06.120000+00:00,2007-05-22 05:30:06.120000+00:00,0.0
id_118,channel_44,2007-05-22 05:30:06.120000+00:00,2007-05-22 05:30:06.120000+00:00,0.0
id_118,channel_45,2007-05-22 05:30:06.120000+00:00,2007-05-22 05:30:06.120000+00:00,0.0
id_118,channel_46,2007-05-22 05:30:06.120000+00:00,2007-05-22 05:30:06.120000+00:00,0.0
id_119,channel_14,2007-05-30 06:47:45.312000+00:00,2007-05-30 12:56:45.312000+00:00,22140.0
id_119,channel_21,2007-05-30 07:07:15.312000+00:00,2007-05-30 12:19:15.312000+00:00,18720.0
id_119,channel_29,2007-05-30 07:11:45.312000+00:00,2007-05-30 13:31:15.312000+00:00,22770.0
id_120,channel_14,2007-08-14 22:14:45.300000+00:00,2007-08-15 05:17:45.300000+00:00,25380.0
id_120,channel_21,2007-08-14 22:14:45.300000+00:00,2007-08-15 04:14:45.300000+00:00,21600.0
id_120,channel_29,2007-08-14 22:16:15.300000+00:00,2007-08-15 05:55:15.300000+00:00,27540.0
id_121,channel_41,2007-09-25 22:59:09.099000+00:00,2007-09-25 22:59:09.099000+00:00,0.0
id_121,channel_42,2007-09-25 22:59:09.099000+00:00,2007-09-25 22:59:09.099000+00:00,0.0
id_121,channel_43,2007-09-25 22:59:09.099000+00:00,2007-09-25 22:59:09.099000+00:00,0.0
id_121,channel_44,2007-09-25 22:59:09.099000+00:00,2007-09-25 22:59:09.099000+00:00,0.0
id_121,channel_45,2007-09-25 22:59:09.099000+00:00,2007-09-25 22:59:09.099000+00:00,0.0
id_121,channel_46,2007-09-25 22:59:09.099000+00:00,2007-09-25 22:59:09.099000+00:00,0.0
id_121,channel_47,2007-09-25 22:59:55.011000+00:00,2007-09-25 23:18:25.011000+00:00,1110.0
id_121,channel_48,2007-09-25 22:01:55.011000+00:00,2007-09-26 00:10:25.011000+00:00,7710.0
id_121,channel_49,2007-09-25 22:01:55.011000+00:00,2007-09-26 00:10:25.011000+00:00,7710.0
id_121,channel_50,2007-09-25 23:00:37.389000+00:00,2007-09-25 23:17:07.389000+00:00,990.0
id_121,channel_51,2007-09-25 23:00:37.389000+00:00,2007-09-25 23:20:07.389000+00:00,1170.0
id_121,channel_52,2007-09-25 23:00:37.389000+00:00,2007-09-25 23:18:37.389000+00:00,1080.0
id_122,channel_41,2007-09-29 11:58:42.099000+00:00,2007-09-29 11:58:55.011000+00:00,12.912
id_122,channel_42,2007-09-29 11:58:42.099000+00:00,2007-09-29 11:58:55.011000+00:00,12.912
id_122,channel_43,2007-09-29 11:58:42.099000+00:00,2007-09-29 11:58:55.011000+00:00,12.912
id_122,channel_44,2007-09-29 11:58:42.099000+00:00,2007-09-29 11:58:55.011000+00:00,12.912
id_122,channel_45,2007-09-29 11:58:42.099000+00:00,2007-09-29 11:58:55.011000+00:00,12.912
id_122,channel_46,2007-09-29 11:58:42.099000+00:00,2007-09-29 11:58:55.011000+00:00,12.912
id_122,channel_47,2007-09-29 11:58:55.011000+00:00,2007-09-29 12:12:55.011000+00:00,840.0
id_122,channel_50,2007-09-29 11:59:07.386000+00:00,2007-09-29 12:11:07.386000+00:00,720.0
id_123,channel_14,2007-10-07 01:10:15.291000+00:00,2007-10-07 05:13:15.291000+00:00,14580.0
id_123,channel_15,2007-10-07 01:14:45.291000+00:00,2007-10-07 03:56:45.291000+00:00,9720.0
id_123,channel_21,2007-10-07 01:10:15.291000+00:00,2007-10-07 04:53:45.291000+00:00,13410.0
id_123,channel_22,2007-10-07 01:16:15.291000+00:00,2007-10-18 00:00:00+00:00,945824.709
id_123,channel_23,2007-10-07 01:19:15.291000+00:00,2007-10-09 04:20:45.291000+00:00,183690.0
id_123,channel_29,2007-10-07 01:10:15.291000+00:00,2007-10-07 04:53:45.291000+00:00,13410.0
id_123,channel_30,2007-10-07 01:25:15.291000+00:00,2007-10-07 04:01:15.291000+00:00,9360.0
id_123,channel_31,2007-10-07 01:16:15.291000+00:00,2007-10-18 00:00:00+00:00,945824.709
id_123,channel_38,2007-10-07 01:22:15.291000+00:00,2007-10-07 03:23:45.291000+00:00,7290.0
id_123,channel_39,2007-10-07 01:17:45.291000+00:00,2007-10-18 00:00:00+00:00,945734.709
id_123,channel_41,2007-10-07 00:31:55.011000+00:00,2007-10-07 03:35:55.011000+00:00,11040.0
id_123,channel_42,2007-10-07 00:31:55.011000+00:00,2007-10-07 03:35:55.011000+00:00,11040.0
id_123,channel_43,2007-10-07 00:31:55.011000+00:00,2007-10-07 03:35:55.011000+00:00,11040.0
id_123,channel_44,2007-10-07 00:31:55.011000+00:00,2007-10-07 03:35:55.011000+00:00,11040.0
id_123,channel_45,2007-10-07 00:31:55.011000+00:00,2007-10-07 03:35:55.011000+00:00,11040.0
id_123,channel_46,2007-10-07 00:31:55.011000+00:00,2007-10-07 03:35:55.011000+00:00,11040.0
id_123,channel_47,2007-10-07 01:11:25.011000+00:00,2007-10-07 08:26:55.008000+00:00,26129.997
id_123,channel_48,2007-10-07 02:39:55.011000+00:00,2007-10-07 06:50:25.011000+00:00,15030.0
id_123,channel_49,2007-10-07 01:11:25.011000+00:00,2007-10-07 08:26:55.008000+00:00,26129.997
id_123,channel_50,2007-10-07 01:11:07.386000+00:00,2007-10-07 08:26:07.386000+00:00,26100.0
id_123,channel_51,2007-10-07 01:11:07.386000+00:00,2007-10-07 06:51:37.389000+00:00,20430.003
id_123,channel_52,2007-10-07 01:11:07.386000+00:00,2007-10-07 08:26:07.386000+00:00,26100.0
id_124,channel_41,2007-10-26 18:59:42.093000+00:00,2007-10-26 18:59:55.008000+00:00,12.915
id_124,channel_42,2007-10-26 18:59:42.093000+00:00,2007-10-26 18:59:55.008000+00:00,12.915
id_124,channel_43,2007-10-26 18:59:42.093000+00:00,2007-10-26 18:59:55.008000+00:00,12.915
id_124,channel_44,2007-10-26 18:59:42.093000+00:00,2007-10-26 18:59:55.008000+00:00,12.915
id_124,channel_45,2007-10-26 18:59:42.093000+00:00,2007-10-26 18:59:55.008000+00:00,12.915
id_124,channel_46,2007-10-26 18:59:42.093000+00:00,2007-10-26 18:59:55.008000+00:00,12.915
id_124,channel_48,2007-10-26 19:00:25.008000+00:00,2007-10-26 19:09:25.008000+00:00,540.0
id_124,channel_49,2007-10-26 19:00:25.008000+00:00,2007-10-26 19:11:55.008000+00:00,690.0
id_125,channel_13,2007-12-27 10:28:15.282000+00:00,2007-12-28 04:01:15.282000+00:00,63180.0
id_125,channel_14,2007-12-27 08:52:15.282000+00:00,2007-12-28 06:59:45.282000+00:00,79650.0
id_125,channel_15,2007-12-27 08:01:15.282000+00:00,2007-12-30 05:49:15.282000+00:00,251280.0
id_125,channel_16,2007-12-27 17:17:45.282000+00:00,2008-01-01 13:35:45.279000+00:00,418679.997
id_125,channel_17,2007-12-27 08:41:45.282000+00:00,2007-12-28 03:16:15.282000+00:00,66870.0
id_125,channel_18,2007-12-27 08:41:45.282000+00:00,2007-12-28 03:16:15.282000+00:00,66870.0
id_125,channel_19,2007-12-27 09:47:45.282000+00:00,2007-12-28 03:25:15.282000+00:00,63450.0
id_125,channel_20,2007-12-27 09:13:15.282000+00:00,2007-12-28 11:05:45.282000+00:00,93150.0
id_125,channel_21,2007-12-27 08:52:15.282000+00:00,2007-12-28 06:20:45.282000+00:00,77310.0
id_125,channel_22,2007-12-27 09:44:45.282000+00:00,2008-01-01 13:35:45.279000+00:00,445859.997
id_125,channel_23,2007-12-27 08:41:45.282000+00:00,2007-12-29 11:31:15.282000+00:00,182970.0
id_125,channel_24,2007-12-27 13:46:15.282000+00:00,2008-01-01 13:35:45.279000+00:00,431369.997
id_125,channel_25,2007-12-27 09:32:45.282000+00:00,2007-12-28 08:04:15.282000+00:00,81090.0
id_125,channel_26,2007-12-27 08:43:15.282000+00:00,2007-12-28 04:53:45.282000+00:00,72630.0
id_125,channel_27,2007-12-27 09:46:15.282000+00:00,2007-12-28 05:14:45.282000+00:00,70110.0
id_125,channel_28,2007-12-27 09:25:15.282000+00:00,2007-12-28 04:05:45.282000+00:00,67230.0
id_125,channel_29,2007-12-27 08:53:45.282000+00:00,2007-12-28 06:31:15.282000+00:00,77850.0
id_125,channel_30,2007-12-27 09:25:15.282000+00:00,2007-12-30 00:17:45.282000+00:00,226350.0
id_125,channel_31,2007-12-27 09:11:45.282000+00:00,2008-01-01 13:35:45.279000+00:00,447839.997
id_125,channel_32,2007-12-27 12:23:45.282000+00:00,2008-01-01 13:35:45.279000+00:00,436319.997
id_125,channel_33,2007-12-27 11:59:45.282000+00:00,2008-01-01 13:35:45.279000+00:00,437759.997
id_125,channel_34,2007-12-27 09:35:45.282000+00:00,2007-12-28 00:58:15.282000+00:00,55350.0
id_125,channel_35,2007-12-27 09:19:15.282000+00:00,2007-12-28 07:19:15.282000+00:00,79200.0
id_125,channel_36,2007-12-27 12:14:45.282000+00:00,2007-12-28 04:44:45.282000+00:00,59400.0
id_125,channel_37,2007-12-27 10:10:15.282000+00:00,2007-12-28 04:32:45.282000+00:00,66150.0
id_125,channel_38,2007-12-27 09:49:15.282000+00:00,2007-12-30 00:17:45.282000+00:00,224910.0
id_125,channel_39,2007-12-27 09:28:15.282000+00:00,2008-01-01 13:35:45.279000+00:00,446849.997
id_125,channel_40,2007-12-27 11:49:15.282000+00:00,2008-01-01 13:35:45.279000+00:00,438389.997
id_125,channel_41,2007-12-27 07:27:54.999000+00:00,2007-12-28 05:03:24.999000+00:00,77730.0
id_125,channel_42,2007-12-27 07:27:54.999000+00:00,2007-12-28 05:03:24.999000+00:00,77730.0
id_125,channel_43,2007-12-27 07:27:54.999000+00:00,2007-12-28 05:03:24.999000+00:00,77730.0
id_125,channel_44,2007-12-27 07:27:54.999000+00:00,2007-12-28 05:03:24.999000+00:00,77730.0
id_125,channel_45,2007-12-27 07:27:54.999000+00:00,2007-12-28 05:03:24.999000+00:00,77730.0
id_125,channel_46,2007-12-27 07:27:54.999000+00:00,2007-12-28 05:03:24.999000+00:00,77730.0
id_125,channel_47,2007-12-27 10:12:24.999000+00:00,2007-12-29 22:57:54.999000+00:00,218730.0
id_125,channel_48,2007-12-27 10:14:24.999000+00:00,2007-12-29 22:57:54.999000+00:00,218610.0
id_125,channel_49,2007-12-27 10:13:24.999000+00:00,2007-12-29 22:57:54.999000+00:00,218670.0
id_125,channel_50,2007-12-27 10:14:07.374000+00:00,2007-12-29 22:57:37.377000+00:00,218610.003
id_125,channel_51,2007-12-27 10:15:37.377000+00:00,2007-12-29 13:02:07.374000+00:00,182789.997
id_125,channel_51,2007-12-29 14:29:07.374000+00:00,2007-12-29 22:57:37.377000+00:00,30510.003
id_125,channel_52,2007-12-27 10:14:07.374000+00:00,2007-12-29 11:14:07.374000+00:00,176400.0
id_125,channel_52,2007-12-29 14:29:07.374000+00:00,2007-12-29 22:57:37.377000+00:00,30510.003
id_125,channel_57,2007-12-26 06:01:02.493000+00:00,2007-12-28 23:04:02.493000+00:00,234180.0
id_125,channel_58,2007-12-26 08:43:32.493000+00:00,2007-12-29 00:38:02.493000+00:00,230070.0
id_125,channel_59,2007-12-26 09:56:02.493000+00:00,2007-12-29 04:03:32.493000+00:00,238050.0
id_125,channel_60,2007-12-26 11:22:02.493000+00:00,2007-12-29 12:15:02.493000+00:00,262380.0
id_126,channel_14,2008-02-21 11:37:15.273000+00:00,2008-02-21 17:26:45.273000+00:00,20970.0
id_126,channel_21,2008-02-21 11:38:45.273000+00:00,2008-02-21 16:47:45.273000+00:00,18540.0
id_126,channel_29,2008-02-21 11:40:15.273000+00:00,2008-02-21 17:20:45.273000+00:00,20430.0
id_127,channel_14,2008-03-14 00:31:15.270000+00:00,2008-03-14 01:34:15.270000+00:00,3780.0
id_127,channel_21,2008-03-14 00:31:15.270000+00:00,2008-03-14 01:28:15.270000+00:00,3420.0
id_127,channel_29,2008-03-14 00:32:45.270000+00:00,2008-03-14 01:26:45.270000+00:00,3240.0
id_128,channel_14,2008-05-25 20:04:15.258000+00:00,2008-05-25 23:25:15.258000+00:00,12060.0
id_128,channel_15,2008-05-25 20:08:45.258000+00:00,2008-05-28 16:56:45.258000+00:00,247680.0
id_128,channel_21,2008-05-25 20:04:15.258000+00:00,2008-05-25 23:40:15.258000+00:00,12960.0
id_128,channel_22,2008-05-25 20:05:45.258000+00:00,2008-06-02 00:00:00+00:00,618854.742
id_128,channel_23,2008-05-25 20:23:45.258000+00:00,2008-05-28 16:56:45.258000+00:00,246780.0
id_128,channel_29,2008-05-25 20:04:15.258000+00:00,2008-05-25 23:44:45.258000+00:00,13230.0
id_128,channel_30,2008-05-25 20:32:45.258000+00:00,2008-05-27 10:56:45.258000+00:00,138240.0
id_128,channel_31,2008-05-25 20:05:45.258000+00:00,2008-06-02 00:00:00+00:00,618854.742
id_128,channel_38,2008-05-25 20:25:15.258000+00:00,2008-05-27 10:56:45.258000+00:00,138690.0
id_128,channel_39,2008-05-25 20:07:15.258000+00:00,2008-06-02 00:00:00+00:00,618764.742
id_128,channel_41,2008-05-25 19:31:54.978000+00:00,2008-05-25 19:35:54.978000+00:00,240.0
id_128,channel_41,2008-05-25 20:03:54.978000+00:00,2008-05-25 20:04:24.978000+00:00,30.0
id_128,channel_41,2008-05-25 20:08:24.978000+00:00,2008-05-25 20:14:54.978000+00:00,390.0
id_128,channel_41,2008-05-25 20:26:24.978000+00:00,2008-05-25 20:26:24.978000+00:00,0.0
id_128,channel_41,2008-05-25 20:27:54.978000+00:00,2008-05-25 20:27:54.978000+00:00,0.0
id_128,channel_42,2008-05-25 20:04:24.978000+00:00,2008-05-25 20:04:54.978000+00:00,30.0
id_128,channel_42,2008-05-25 20:26:24.978000+00:00,2008-05-25 20:26:24.978000+00:00,0.0
id_128,channel_43,2008-05-25 20:03:54.978000+00:00,2008-05-25 20:04:24.978000+00:00,30.0
id_128,channel_43,2008-05-25 20:08:24.978000+00:00,2008-05-25 20:14:54.978000+00:00,390.0
id_128,channel_43,2008-05-25 20:26:24.978000+00:00,2008-05-25 20:26:47.478000+00:00,22.5
id_128,channel_43,2008-05-25 20:27:54.978000+00:00,2008-05-25 20:27:54.978000+00:00,0.0
id_128,channel_44,2008-05-25 20:03:54.978000+00:00,2008-05-25 20:04:24.978000+00:00,30.0
id_128,channel_44,2008-05-25 20:09:24.978000+00:00,2008-05-25 20:15:24.978000+00:00,360.0
id_128,channel_44,2008-05-25 20:26:24.978000+00:00,2008-05-25 20:26:24.978000+00:00,0.0
id_128,channel_44,2008-05-25 20:27:54.978000+00:00,2008-05-25 20:27:54.978000+00:00,0.0
id_128,channel_45,2008-05-25 20:03:54.978000+00:00,2008-05-25 20:04:24.978000+00:00,30.0
id_128,channel_45,2008-05-25 20:26:24.978000+00:00,2008-05-25 20:26:24.978000+00:00,0.0
id_128,channel_46,2008-05-25 20:03:54.978000+00:00,2008-05-25 20:04:24.978000+00:00,30.0
id_128,channel_46,2008-05-25 20:26:24.978000+00:00,2008-05-25 20:26:47.478000+00:00,22.5
id_129,channel_41,2008-07-24 21:43:18.057000+00:00,2008-07-24 21:43:24.969000+00:00,6.912
id_129,channel_42,2008-07-24 21:43:18.057000+00:00,2008-07-24 21:43:24.969000+00:00,6.912
id_129,channel_43,2008-07-24 21:43:18.057000+00:00,2008-07-24 21:43:24.969000+00:00,6.912
id_129,channel_44,2008-07-24 21:43:18.057000+00:00,2008-07-24 21:43:24.969000+00:00,6.912
id_129,channel_45,2008-07-24 21:43:18.057000+00:00,2008-07-24 21:43:24.969000+00:00,6.912
id_129,channel_46,2008-07-24 21:43:18.057000+00:00,2008-07-24 21:43:24.969000+00:00,6.912
id_130,channel_41,2008-08-16 09:05:54.051000+00:00,2008-08-16 09:05:54.966000+00:00,0.915
id_130,channel_42,2008-08-16 09:05:54.051000+00:00,2008-08-16 09:05:54.966000+00:00,0.915
id_130,channel_43,2008-08-16 09:05:54.051000+00:00,2008-08-16 09:05:54.966000+00:00,0.915
id_130,channel_44,2008-08-16 09:05:54.051000+00:00,2008-08-16 09:05:54.966000+00:00,0.915
id_130,channel_45,2008-08-16 09:05:54.051000+00:00,2008-08-16 09:05:54.966000+00:00,0.915
id_130,channel_46,2008-08-16 09:05:54.051000+00:00,2008-08-16 09:05:54.966000+00:00,0.915
id_131,channel_14,2008-12-26 21:13:15.228000+00:00,2008-12-27 02:43:15.228000+00:00,19800.0
id_131,channel_21,2008-12-26 21:19:15.228000+00:00,2008-12-27 02:10:15.228000+00:00,17460.0
id_131,channel_29,2008-12-26 21:17:45.228000+00:00,2008-12-27 03:17:45.228000+00:00,21600.0
id_132,channel_41,2009-01-23 19:26:24.942000+00:00,2009-01-23 19:26:27.030000+00:00,2.088
id_132,channel_42,2009-01-23 19:26:24.942000+00:00,2009-01-23 19:26:27.030000+00:00,2.088
id_132,channel_43,2009-01-23 19:26:24.942000+00:00,2009-01-23 19:26:27.030000+00:00,2.088
id_132,channel_44,2009-01-23 19:26:24.942000+00:00,2009-01-23 19:26:27.030000+00:00,2.088
id_132,channel_45,2009-01-23 19:26:24.942000+00:00,2009-01-23 19:26:27.030000+00:00,2.088
id_132,channel_46,2009-01-23 19:26:24.942000+00:00,2009-01-23 19:26:27.030000+00:00,2.088
id_133,channel_14,2009-03-13 03:11:45.216000+00:00,2009-03-13 06:29:45.216000+00:00,11880.0
id_133,channel_15,2009-03-13 03:16:15.216000+00:00,2009-03-15 18:19:15.216000+00:00,226980.0
id_133,channel_21,2009-03-13 03:11:45.216000+00:00,2009-03-13 06:29:45.216000+00:00,11880.0
id_133,channel_22,2009-03-13 03:13:15.216000+00:00,2009-03-24 12:00:00+00:00,982004.784
id_133,channel_23,2009-03-13 03:23:45.216000+00:00,2009-03-15 18:19:15.216000+00:00,226530.0
id_133,channel_29,2009-03-13 03:11:45.216000+00:00,2009-03-13 06:35:45.216000+00:00,12240.0
id_133,channel_30,2009-03-13 03:41:45.216000+00:00,2009-03-15 18:19:15.216000+00:00,225450.0
id_133,channel_31,2009-03-13 03:13:15.216000+00:00,2009-03-24 12:00:00+00:00,982004.784
id_133,channel_38,2009-03-13 03:34:15.216000+00:00,2009-03-15 18:19:15.216000+00:00,225900.0
id_133,channel_39,2009-03-13 03:14:45.216000+00:00,2009-03-24 12:00:00+00:00,981914.784
id_133,channel_41,2009-03-13 03:10:54.936000+00:00,2009-03-13 03:11:24.936000+00:00,30.0
id_133,channel_41,2009-03-13 03:30:54.936000+00:00,2009-03-13 03:34:54.936000+00:00,240.0
id_133,channel_42,2009-03-13 03:10:54.936000+00:00,2009-03-13 03:11:24.936000+00:00,30.0
id_133,channel_42,2009-03-13 03:30:54.936000+00:00,2009-03-13 03:34:54.936000+00:00,240.0
id_133,channel_43,2009-03-13 03:10:54.936000+00:00,2009-03-13 03:11:24.936000+00:00,30.0
id_133,channel_43,2009-03-13 03:30:54.936000+00:00,2009-03-13 03:34:54.936000+00:00,240.0
id_133,channel_44,2009-03-13 03:10:54.936000+00:00,2009-03-13 03:11:24.936000+00:00,30.0
id_133,channel_44,2009-03-13 03:30:54.936000+00:00,2009-03-13 03:34:54.936000+00:00,240.0
id_133,channel_45,2009-03-13 03:10:54.936000+00:00,2009-03-13 03:11:24.936000+00:00,30.0
id_133,channel_45,2009-03-13 03:30:54.936000+00:00,2009-03-13 03:34:54.936000+00:00,240.0
id_133,channel_46,2009-03-13 03:10:54.936000+00:00,2009-03-13 03:11:24.936000+00:00,30.0
id_133,channel_46,2009-03-13 03:30:54.936000+00:00,2009-03-13 03:34:54.936000+00:00,240.0
id_134,channel_12,2009-05-25 13:18:48.207000+00:00,2009-06-07 22:19:30.204000+00:00,1155641.997
id_134,channel_13,2009-05-25 13:18:48.207000+00:00,2009-06-07 21:55:30.204000+00:00,1154201.997
id_134,channel_14,2009-05-25 13:18:48.207000+00:00,2009-07-04 20:18:00.201000+00:00,3481151.994
id_134,channel_15,2009-05-25 13:18:48.207000+00:00,2009-07-04 20:18:00.201000+00:00,3481151.994
id_134,channel_16,2009-05-25 13:18:48.207000+00:00,2009-06-26 05:42:00.201000+00:00,2737391.994
id_134,channel_17,2009-05-25 13:18:48.207000+00:00,2009-06-26 00:40:30.201000+00:00,2719301.994
id_134,channel_18,2009-05-25 13:18:48.207000+00:00,2009-06-26 01:37:30.201000+00:00,2722721.994
id_134,channel_19,2009-05-25 13:18:48.207000+00:00,2009-06-25 19:03:00.201000+00:00,2699051.994
id_134,channel_20,2009-05-25 13:18:48.207000+00:00,2009-06-25 23:45:00.201000+00:00,2715971.994
id_134,channel_21,2009-05-25 13:18:48.207000+00:00,2009-07-04 20:18:00.201000+00:00,3481151.994
id_134,channel_22,2009-05-25 13:18:48.207000+00:00,2009-07-04 20:18:00.201000+00:00,3481151.994
id_134,channel_23,2009-05-25 13:18:48.207000+00:00,2009-07-04 20:18:00.201000+00:00,3481151.994
id_134,channel_24,2009-05-25 13:18:48.207000+00:00,2009-06-26 23:33:00.201000+00:00,2801651.994
id_134,channel_25,2009-05-25 13:18:48.207000+00:00,2009-06-26 01:18:00.201000+00:00,2721551.994
id_134,channel_26,2009-05-25 13:18:48.207000+00:00,2009-06-26 00:22:30.201000+00:00,2718221.994
id_134,channel_27,2009-05-25 13:18:48.207000+00:00,2009-06-26 03:49:30.201000+00:00,2730641.994
id_134,channel_28,2009-05-25 13:18:48.207000+00:00,2009-06-25 17:28:30.201000+00:00,2693381.994
id_134,channel_29,2009-05-25 13:18:48.207000+00:00,2009-07-04 20:18:00.201000+00:00,3481151.994
id_134,channel_30,2009-05-25 13:18:48.207000+00:00,2009-07-04 20:18:00.201000+00:00,3481151.994
id_134,channel_31,2009-05-25 13:18:48.207000+00:00,2009-07-04 20:18:00.201000+00:00,3481151.994
id_134,channel_32,2009-05-25 13:18:48.207000+00:00,2009-06-26 18:13:30.201000+00:00,2782481.994
id_134,channel_33,2009-05-25 13:18:48.207000+00:00,2009-06-26 17:18:00.201000+00:00,2779151.994
id_134,channel_34,2009-05-25 13:18:48.207000+00:00,2009-06-26 00:03:00.201000+00:00,2717051.994
id_134,channel_35,2009-05-25 13:18:48.207000+00:00,2009-06-25 22:48:00.201000+00:00,2712551.994
id_134,channel_36,2009-05-25 13:18:48.207000+00:00,2009-06-25 20:55:30.201000+00:00,2705801.994
id_134,channel_37,2009-05-25 13:18:48.207000+00:00,2009-06-25 19:21:00.201000+00:00,2700131.994
id_134,channel_38,2009-05-25 13:18:48.207000+00:00,2009-07-04 20:18:00.201000+00:00,3481151.994
id_134,channel_39,2009-05-25 13:18:48.207000+00:00,2009-07-04 20:18:00.201000+00:00,3481151.994
id_134,channel_40,2009-05-25 13:18:48.207000+00:00,2009-06-27 17:45:00.201000+00:00,2867171.994
id_134,channel_41,2009-05-25 13:15:57.924000+00:00,2009-06-08 07:13:39.921000+00:00,1187861.997
id_134,channel_41,2009-06-10 11:46:39.921000+00:00,2009-06-10 23:27:02.421000+00:00,42022.5
id_134,channel_41,2009-06-19 15:19:39.921000+00:00,2009-06-19 17:25:39.921000+00:00,7560.0
id_134,channel_41,2009-06-22 21:47:09.921000+00:00,2009-06-22 21:57:09.921000+00:00,600.0
id_134,channel_42,2009-05-25 13:15:57.924000+00:00,2009-06-08 07:13:39.921000+00:00,1187861.997
id_134,channel_42,2009-06-10 11:46:39.921000+00:00,2009-06-10 23:27:02.421000+00:00,42022.5
id_134,channel_42,2009-06-19 15:19:39.921000+00:00,2009-06-19 17:25:39.921000+00:00,7560.0
id_134,channel_42,2009-06-22 21:47:09.921000+00:00,2009-06-22 21:57:09.921000+00:00,600.0
id_134,channel_43,2009-05-25 13:15:57.924000+00:00,2009-06-08 07:13:39.921000+00:00,1187861.997
id_134,channel_43,2009-06-10 11:46:39.921000+00:00,2009-06-10 23:27:02.421000+00:00,42022.5
id_134,channel_43,2009-06-19 15:19:39.921000+00:00,2009-06-19 17:25:39.921000+00:00,7560.0
id_134,channel_43,2009-06-22 21:47:09.921000+00:00,2009-06-22 21:57:09.921000+00:00,600.0
id_134,channel_44,2009-05-25 13:15:57.924000+00:00,2009-06-08 07:13:39.921000+00:00,1187861.997
id_134,channel_44,2009-06-10 11:46:39.921000+00:00,2009-06-10 23:27:02.421000+00:00,42022.5
id_134,channel_44,2009-06-19 15:19:39.921000+00:00,2009-06-19 17:25:39.921000+00:00,7560.0
id_134,channel_44,2009-06-22 21:47:09.921000+00:00,2009-06-22 21:57:09.921000+00:00,600.0
id_134,channel_44,2009-06-22 22:09:09.921000+00:00,2009-06-22 22:14:39.921000+00:00,330.0
id_134,channel_45,2009-05-25 13:15:57.924000+00:00,2009-06-08 07:13:39.921000+00:00,1187861.997
id_134,channel_45,2009-06-10 11:46:39.921000+00:00,2009-06-10 23:27:02.421000+00:00,42022.5
id_134,channel_45,2009-06-19 15:19:39.921000+00:00,2009-06-19 17:25:39.921000+00:00,7560.0
id_134,channel_45,2009-06-22 21:47:09.921000+00:00,2009-06-22 21:57:09.921000+00:00,600.0
id_134,channel_46,2009-05-25 13:15:57.924000+00:00,2009-06-08 07:13:39.921000+00:00,1187861.997
id_134,channel_46,2009-06-10 11:46:39.921000+00:00,2009-06-10 23:27:02.421000+00:00,42022.5
id_134,channel_46,2009-06-19 15:19:39.921000+00:00,2009-06-19 17:25:39.921000+00:00,7560.0
id_134,channel_46,2009-06-22 21:47:09.921000+00:00,2009-06-22 21:57:09.921000+00:00,600.0
id_134,channel_47,2009-05-25 13:15:57.924000+00:00,2009-07-01 00:12:39.918000+00:00,3149801.994
id_134,channel_48,2009-05-25 13:15:57.924000+00:00,2009-07-01 00:12:39.918000+00:00,3149801.994
id_134,channel_49,2009-05-25 13:15:57.924000+00:00,2009-07-01 00:12:39.918000+00:00,3149801.994
id_134,channel_50,2009-05-25 13:18:10.299000+00:00,2009-06-25 15:35:22.296000+00:00,2686631.997
id_134,channel_51,2009-05-25 13:18:10.299000+00:00,2009-06-25 12:08:22.296000+00:00,2674211.997
id_134,channel_52,2009-05-25 13:18:10.299000+00:00,2009-06-23 02:29:22.296000+00:00,2466671.997
id_134,channel_57,2009-05-25 13:09:02.418000+00:00,2009-06-27 17:45:47.412000+00:00,2867804.994
id_134,channel_58,2009-05-25 13:19:05.406000+00:00,2009-06-27 17:45:47.412000+00:00,2867202.006
id_134,channel_59,2009-05-25 13:16:05.406000+00:00,2009-06-27 17:45:47.412000+00:00,2867382.006
id_134,channel_60,2009-05-25 13:16:05.406000+00:00,2009-06-27 17:45:47.412000+00:00,2867382.006
id_134,channel_61,2009-05-25 13:12:23.748000+00:00,2009-06-22 12:42:38.745000+00:00,2417414.997
id_134,channel_62,2009-05-25 13:12:23.748000+00:00,2009-06-22 12:42:38.745000+00:00,2417414.997
id_134,channel_63,2009-05-25 13:12:23.748000+00:00,2009-06-22 12:42:38.745000+00:00,2417414.997
id_134,channel_64,2009-05-26 17:28:36.120000+00:00,2009-05-30 14:35:18.120000+00:00,335202.0
id_134,channel_65,2009-05-26 17:28:36.120000+00:00,2009-05-30 14:35:18.120000+00:00,335202.0
id_134,channel_66,2009-05-26 17:28:36.120000+00:00,2009-06-27 03:20:18.117000+00:00,2713901.997
id_134,channel_70,2009-05-25 13:14:14.034000+00:00,2009-06-07 20:48:59.031000+00:00,1150484.997
id_134,channel_71,2009-05-25 13:13:57.918000+00:00,2009-06-07 21:07:42.909000+00:00,1151624.991
id_134,channel_72,2009-05-25 13:14:11.793000+00:00,2009-06-07 21:24:26.784000+00:00,1152614.991
id_134,channel_73,2009-05-25 13:13:55.665000+00:00,2009-06-07 21:43:40.659000+00:00,1153784.994
id_134,channel_74,2009-05-25 13:14:09.540000+00:00,2009-06-07 21:34:24.534000+00:00,1153214.994
id_134,channel_75,2009-05-25 13:13:53.418000+00:00,2009-06-07 21:16:08.409000+00:00,1152134.991
id_134,channel_76,2009-05-25 13:14:07.293000+00:00,2009-06-07 20:58:22.284000+00:00,1151054.991
id_135,channel_14,2009-07-06 13:46:30.201000+00:00,2009-07-07 07:31:30.201000+00:00,63900.0
id_135,channel_21,2009-07-06 13:16:30.201000+00:00,2009-07-07 07:09:00.201000+00:00,64350.0
id_135,channel_29,2009-07-06 13:43:30.201000+00:00,2009-07-07 07:31:30.201000+00:00,64080.0
id_136,channel_14,2009-07-16 20:04:30.198000+00:00,2009-07-21 00:00:00+00:00,359729.802
id_136,channel_15,2009-07-16 20:03:00.198000+00:00,2009-07-21 00:00:00+00:00,359819.802
id_136,channel_21,2009-07-16 20:03:00.198000+00:00,2009-07-21 00:00:00+00:00,359819.802
id_136,channel_22,2009-07-16 20:06:00.198000+00:00,2009-07-24 00:00:00+00:00,618839.802
id_136,channel_23,2009-07-16 20:00:00.198000+00:00,2009-07-21 00:00:00+00:00,359999.802
id_136,channel_29,2009-07-16 20:03:00.198000+00:00,2009-07-21 00:00:00+00:00,359819.802
id_136,channel_30,2009-07-16 20:22:30.198000+00:00,2009-07-21 00:00:00+00:00,358649.802
id_136,channel_31,2009-07-16 20:04:30.198000+00:00,2009-07-24 00:00:00+00:00,618929.802
id_136,channel_32,2009-07-16 20:28:30.198000+00:00,2009-07-16 20:28:30.198000+00:00,0.0
id_136,channel_32,2009-07-16 20:31:30.198000+00:00,2009-07-17 05:57:00.198000+00:00,33930.0
id_136,channel_33,2009-07-16 20:21:00.198000+00:00,2009-07-17 05:42:00.198000+00:00,33660.0
id_136,channel_38,2009-07-16 20:13:30.198000+00:00,2009-07-21 00:00:00+00:00,359189.802
id_136,channel_39,2009-07-16 20:07:30.198000+00:00,2009-07-24 00:00:00+00:00,618749.802
id_136,channel_40,2009-07-16 20:07:30.198000+00:00,2009-07-17 05:10:30.198000+00:00,32580.0
id_136,channel_41,2009-07-16 20:01:09.915000+00:00,2009-07-16 20:14:39.915000+00:00,810.0
id_136,channel_41,2009-07-16 20:28:39.915000+00:00,2009-07-16 20:30:09.915000+00:00,90.0
id_136,channel_42,2009-07-16 20:01:09.915000+00:00,2009-07-16 20:14:39.915000+00:00,810.0
id_136,channel_42,2009-07-16 20:28:39.915000+00:00,2009-07-16 20:30:09.915000+00:00,90.0
id_136,channel_43,2009-07-16 20:01:09.915000+00:00,2009-07-16 20:14:39.915000+00:00,810.0
id_136,channel_43,2009-07-16 20:28:39.915000+00:00,2009-07-16 20:30:09.915000+00:00,90.0
id_136,channel_44,2009-07-16 20:01:09.915000+00:00,2009-07-16 20:14:39.915000+00:00,810.0
id_136,channel_44,2009-07-16 20:28:39.915000+00:00,2009-07-16 20:30:09.915000+00:00,90.0
id_136,channel_45,2009-07-16 20:01:09.915000+00:00,2009-07-16 20:14:39.915000+00:00,810.0
id_136,channel_45,2009-07-16 20:28:39.915000+00:00,2009-07-16 20:30:09.915000+00:00,90.0
id_136,channel_46,2009-07-16 20:01:09.915000+00:00,2009-07-16 20:14:39.915000+00:00,810.0
id_136,channel_46,2009-07-16 20:28:39.915000+00:00,2009-07-16 20:30:09.915000+00:00,90.0
id_137,channel_14,2009-09-21 09:16:30.189000+00:00,2009-09-21 12:01:30.189000+00:00,9900.0
id_137,channel_21,2009-09-21 09:19:30.189000+00:00,2009-09-21 11:18:00.189000+00:00,7110.0
id_137,channel_29,2009-09-21 09:28:30.189000+00:00,2009-09-21 11:09:00.189000+00:00,6030.0
id_138,channel_41,2009-10-13 06:40:09.903000+00:00,2009-10-13 21:33:09.903000+00:00,53580.0
id_138,channel_42,2009-10-13 06:40:09.903000+00:00,2009-10-13 21:33:09.903000+00:00,53580.0
id_138,channel_43,2009-10-13 06:40:09.903000+00:00,2009-10-13 21:33:09.903000+00:00,53580.0
id_138,channel_44,2009-10-13 06:40:09.903000+00:00,2009-10-13 21:33:09.903000+00:00,53580.0
id_138,channel_45,2009-10-13 06:40:09.903000+00:00,2009-10-13 21:33:09.903000+00:00,53580.0
id_138,channel_46,2009-10-13 06:40:09.903000+00:00,2009-10-13 21:33:09.903000+00:00,53580.0
id_138,channel_47,2009-10-13 06:40:09.903000+00:00,2009-10-13 21:33:09.903000+00:00,53580.0
id_138,channel_48,2009-10-13 06:40:09.903000+00:00,2009-10-13 21:33:09.903000+00:00,53580.0
id_138,channel_49,2009-10-13 06:40:09.903000+00:00,2009-10-13 21:33:09.903000+00:00,53580.0
id_138,channel_50,2009-10-13 06:39:52.281000+00:00,2009-10-13 21:32:22.281000+00:00,53550.0
id_138,channel_51,2009-10-13 06:39:52.281000+00:00,2009-10-13 21:32:22.281000+00:00,53550.0
id_138,channel_52,2009-10-13 06:39:52.281000+00:00,2009-10-13 21:32:22.281000+00:00,53550.0
id_138,channel_57,2009-10-13 06:45:17.397000+00:00,2009-10-14 23:17:47.397000+00:00,145950.0
id_138,channel_58,2009-10-13 06:56:17.397000+00:00,2009-10-15 02:26:47.397000+00:00,156630.0
id_138,channel_59,2009-10-13 06:39:17.397000+00:00,2009-10-15 00:44:47.397000+00:00,151530.0
id_138,channel_60,2009-10-13 07:08:47.397000+00:00,2009-10-15 01:24:47.397000+00:00,152160.0
id_139,channel_14,2009-12-10 13:21:00.177000+00:00,2009-12-10 14:24:00.177000+00:00,3780.0
id_139,channel_15,2009-12-10 13:18:00.177000+00:00,2009-12-21 00:00:00+00:00,902519.823
id_139,channel_21,2009-12-10 13:21:00.177000+00:00,2009-12-10 14:52:30.177000+00:00,5490.0
id_139,channel_22,2009-12-10 13:21:00.177000+00:00,2009-12-21 00:00:00+00:00,902339.823
id_139,channel_23,2009-12-10 13:18:00.177000+00:00,2009-12-21 00:00:00+00:00,902519.823
id_139,channel_30,2009-12-10 13:42:00.177000+00:00,2009-12-10 17:55:30.177000+00:00,15210.0
id_139,channel_31,2009-12-10 13:19:30.177000+00:00,2009-12-21 00:00:00+00:00,902429.823
id_139,channel_38,2009-12-10 13:42:00.177000+00:00,2009-12-10 16:54:00.177000+00:00,11520.0
id_139,channel_39,2009-12-10 13:18:00.177000+00:00,2009-12-21 00:00:00+00:00,902519.823
id_139,channel_41,2009-12-10 13:11:39.894000+00:00,2009-12-10 13:30:39.894000+00:00,1140.0
id_139,channel_41,2009-12-10 13:37:02.394000+00:00,2009-12-10 13:37:09.894000+00:00,7.5
id_139,channel_41,2009-12-10 13:39:09.894000+00:00,2009-12-10 13:39:09.894000+00:00,0.0
id_139,channel_41,2009-12-10 13:44:09.894000+00:00,2009-12-10 13:44:09.894000+00:00,0.0
id_139,channel_42,2009-12-10 13:14:39.894000+00:00,2009-12-10 13:30:39.894000+00:00,960.0
id_139,channel_42,2009-12-10 13:37:09.894000+00:00,2009-12-10 13:37:09.894000+00:00,0.0
id_139,channel_42,2009-12-10 13:39:09.894000+00:00,2009-12-10 13:39:09.894000+00:00,0.0
id_139,channel_42,2009-12-10 13:44:09.894000+00:00,2009-12-10 13:44:09.894000+00:00,0.0
id_139,channel_43,2009-12-10 13:16:09.894000+00:00,2009-12-10 13:19:39.894000+00:00,210.0
id_139,channel_43,2009-12-10 13:37:09.894000+00:00,2009-12-10 13:37:09.894000+00:00,0.0
id_139,channel_43,2009-12-10 13:39:09.894000+00:00,2009-12-10 13:39:09.894000+00:00,0.0
id_139,channel_43,2009-12-10 13:44:09.894000+00:00,2009-12-10 13:44:09.894000+00:00,0.0
id_139,channel_44,2009-12-10 13:17:09.894000+00:00,2009-12-10 13:17:09.894000+00:00,0.0
id_139,channel_44,2009-12-10 13:37:02.394000+00:00,2009-12-10 13:37:09.894000+00:00,7.5
id_139,channel_44,2009-12-10 13:39:09.894000+00:00,2009-12-10 13:39:09.894000+00:00,0.0
id_139,channel_44,2009-12-10 13:44:09.894000+00:00,2009-12-10 13:44:09.894000+00:00,0.0
id_139,channel_45,2009-12-10 13:16:09.894000+00:00,2009-12-10 13:31:09.894000+00:00,900.0
id_139,channel_45,2009-12-10 13:37:09.894000+00:00,2009-12-10 13:37:09.894000+00:00,0.0
id_139,channel_45,2009-12-10 13:39:09.894000+00:00,2009-12-10 13:39:09.894000+00:00,0.0
id_139,channel_45,2009-12-10 13:44:09.894000+00:00,2009-12-10 13:44:09.894000+00:00,0.0
id_139,channel_46,2009-12-10 13:11:39.894000+00:00,2009-12-10 13:30:39.894000+00:00,1140.0
id_139,channel_46,2009-12-10 13:37:09.894000+00:00,2009-12-10 13:37:09.894000+00:00,0.0
id_139,channel_46,2009-12-10 13:39:09.894000+00:00,2009-12-10 13:39:09.894000+00:00,0.0
id_139,channel_46,2009-12-10 13:44:09.894000+00:00,2009-12-10 13:44:09.894000+00:00,0.0
id_140,channel_41,2010-03-22 01:06:59.967000+00:00,2010-03-22 01:07:09.879000+00:00,9.912
id_140,channel_42,2010-03-22 01:06:59.967000+00:00,2010-03-22 01:07:09.879000+00:00,9.912
id_140,channel_43,2010-03-22 01:06:59.967000+00:00,2010-03-22 01:07:09.879000+00:00,9.912
id_140,channel_44,2010-03-22 01:06:59.967000+00:00,2010-03-22 01:07:09.879000+00:00,9.912
id_140,channel_45,2010-03-22 01:06:59.967000+00:00,2010-03-22 01:07:09.879000+00:00,9.912
id_140,channel_46,2010-03-22 01:06:59.967000+00:00,2010-03-22 01:07:09.879000+00:00,9.912
id_141,channel_15,2010-04-28 06:00:00.156000+00:00,2010-04-29 10:28:30.156000+00:00,102510.0
id_141,channel_22,2010-04-28 08:21:00.156000+00:00,2010-04-28 08:21:00.156000+00:00,0.0
id_141,channel_22,2010-04-28 08:34:30.156000+00:00,2010-04-29 18:18:00.156000+00:00,121410.0
id_141,channel_23,2010-04-28 06:00:00.156000+00:00,2010-04-29 10:28:30.156000+00:00,102510.0
id_141,channel_31,2010-04-28 07:06:00.156000+00:00,2010-04-29 12:31:30.156000+00:00,105930.0
id_141,channel_39,2010-04-28 07:49:30.156000+00:00,2010-04-29 10:13:30.156000+00:00,95040.0
id_142,channel_41,2010-04-22 01:18:53.964000+00:00,2010-04-22 01:18:53.964000+00:00,0.0
id_142,channel_42,2010-04-22 01:18:53.964000+00:00,2010-04-22 01:18:53.964000+00:00,0.0
id_142,channel_43,2010-04-22 01:18:53.964000+00:00,2010-04-22 01:18:53.964000+00:00,0.0
id_142,channel_44,2010-04-22 01:18:53.964000+00:00,2010-04-22 01:18:53.964000+00:00,0.0
id_142,channel_45,2010-04-22 01:18:53.964000+00:00,2010-04-22 01:18:53.964000+00:00,0.0
id_142,channel_46,2010-04-22 01:18:53.964000+00:00,2010-04-22 01:18:53.964000+00:00,0.0
id_142,channel_47,2010-04-22 01:20:09.876000+00:00,2010-04-22 01:23:09.876000+00:00,180.0
id_142,channel_48,2010-04-22 01:20:09.876000+00:00,2010-04-22 01:26:09.876000+00:00,360.0
id_142,channel_49,2010-04-22 01:19:09.876000+00:00,2010-04-22 01:39:39.876000+00:00,1230.0
id_142,channel_50,2010-04-22 01:20:22.251000+00:00,2010-04-22 01:24:52.254000+00:00,270.003
id_142,channel_51,2010-04-22 01:18:52.254000+00:00,2010-04-22 01:32:22.251000+00:00,809.997
id_142,channel_52,2010-04-22 01:20:22.251000+00:00,2010-04-22 01:45:52.254000+00:00,1530.003
id_143,channel_15,2010-05-04 00:21:00.156000+00:00,2010-05-05 13:58:30.156000+00:00,135450.0
id_143,channel_21,2010-05-04 12:55:30.156000+00:00,2010-05-10 13:57:00.156000+00:00,522090.0
id_143,channel_22,2010-05-04 02:00:00.156000+00:00,2010-05-08 18:16:30.156000+00:00,404190.0
id_143,channel_23,2010-05-04 00:21:00.156000+00:00,2010-05-05 14:01:30.156000+00:00,135630.0
id_143,channel_29,2010-05-04 13:15:00.156000+00:00,2010-05-10 10:37:30.156000+00:00,508950.0
id_143,channel_31,2010-05-05 05:16:30.156000+00:00,2010-05-09 11:39:00.156000+00:00,368550.0
id_144,channel_74,2000-02-12 19:25:48.966000+00:00,2000-02-12 19:34:39.963000+00:00,530.997
id_145,channel_12,2010-05-19 00:45:00.153000+00:00,2010-05-21 07:07:30.153000+00:00,195750.0
id_145,channel_13,2010-05-19 00:45:00.153000+00:00,2010-05-21 05:43:30.153000+00:00,190710.0
id_145,channel_14,2010-05-19 06:36:00.153000+00:00,2010-05-23 20:52:30.153000+00:00,396990.0
id_145,channel_15,2010-05-19 00:45:00.153000+00:00,2010-05-22 18:22:30.153000+00:00,322650.0
id_145,channel_16,2010-05-19 11:55:30.153000+00:00,2010-06-01 00:00:00+00:00,1080269.847
id_145,channel_17,2010-05-19 00:45:00.153000+00:00,2010-05-21 05:48:00.153000+00:00,190980.0
id_145,channel_18,2010-05-19 00:45:00.153000+00:00,2010-05-21 05:12:00.153000+00:00,188820.0
id_145,channel_19,2010-05-19 00:45:00.153000+00:00,2010-05-21 05:43:30.153000+00:00,190710.0
id_145,channel_20,2010-05-19 00:45:00.153000+00:00,2010-05-21 05:54:00.153000+00:00,191340.0
id_145,channel_21,2010-05-19 06:33:00.153000+00:00,2010-05-23 20:40:30.153000+00:00,396450.0
id_145,channel_22,2010-05-20 04:04:30.153000+00:00,2010-05-23 19:48:00.153000+00:00,315810.0
id_145,channel_23,2010-05-20 15:46:30.153000+00:00,2010-05-24 18:07:30.153000+00:00,354060.0
id_145,channel_24,2010-05-19 13:51:00.153000+00:00,2010-06-01 00:00:00+00:00,1073339.847
id_145,channel_25,2010-05-19 00:45:00.153000+00:00,2010-05-21 05:36:00.153000+00:00,190260.0
id_145,channel_26,2010-05-19 00:45:00.153000+00:00,2010-05-21 06:19:30.153000+00:00,192870.0
id_145,channel_27,2010-05-19 00:45:00.153000+00:00,2010-05-21 06:09:00.153000+00:00,192240.0
id_145,channel_28,2010-05-19 00:45:00.153000+00:00,2010-05-21 06:33:00.153000+00:00,193680.0
id_145,channel_29,2010-05-19 08:54:00.153000+00:00,2010-05-23 20:36:00.153000+00:00,387720.0
id_145,channel_30,2010-05-19 20:37:30.153000+00:00,2010-05-24 03:15:00.153000+00:00,369450.0
id_145,channel_31,2010-05-19 21:42:00.153000+00:00,2010-05-21 13:54:00.153000+00:00,144720.0
id_145,channel_32,2010-05-19 13:57:00.153000+00:00,2010-06-01 00:00:00+00:00,1072979.847
id_145,channel_33,2010-05-19 12:55:30.153000+00:00,2010-06-01 00:00:00+00:00,1076669.847
id_145,channel_34,2010-05-19 00:45:00.153000+00:00,2010-05-21 05:43:30.153000+00:00,190710.0
id_145,channel_35,2010-05-19 00:45:00.153000+00:00,2010-05-21 06:34:30.153000+00:00,193770.0
id_145,channel_36,2010-05-19 00:45:00.153000+00:00,2010-05-21 07:39:00.153000+00:00,197640.0
id_145,channel_37,2010-05-19 00:45:00.153000+00:00,2010-05-21 07:48:00.153000+00:00,198180.0
id_145,channel_38,2010-05-19 19:09:00.153000+00:00,2010-05-24 18:52:30.153000+00:00,431010.0
id_145,channel_39,2010-05-19 23:58:30.153000+00:00,2010-05-24 12:43:30.153000+00:00,391500.0
id_145,channel_40,2010-05-19 11:55:30.153000+00:00,2010-06-01 00:00:00+00:00,1080269.847
id_145,channel_41,2010-05-19 00:47:09.873000+00:00,2010-05-21 05:17:27.870000+00:00,189017.997
id_145,channel_42,2010-05-19 00:47:09.873000+00:00,2010-05-21 05:17:27.870000+00:00,189017.997
id_145,channel_43,2010-05-19 00:47:09.873000+00:00,2010-05-21 05:17:27.870000+00:00,189017.997
id_145,channel_44,2010-05-19 00:47:09.873000+00:00,2010-05-21 05:17:27.870000+00:00,189017.997
id_145,channel_45,2010-05-19 00:47:39.873000+00:00,2010-05-21 05:17:27.870000+00:00,188987.997
id_145,channel_46,2010-05-19 00:47:09.873000+00:00,2010-05-21 05:17:27.870000+00:00,189017.997
id_145,channel_47,2010-05-19 00:49:09.873000+00:00,2010-05-22 18:03:39.870000+00:00,321269.997
id_145,channel_48,2010-05-19 00:51:09.873000+00:00,2010-05-22 18:05:39.870000+00:00,321269.997
id_145,channel_49,2010-05-19 00:50:39.873000+00:00,2010-05-22 18:05:09.870000+00:00,321269.997
id_145,channel_50,2010-05-19 00:50:22.248000+00:00,2010-05-22 18:03:52.248000+00:00,321210.0
id_145,channel_51,2010-05-19 00:51:52.248000+00:00,2010-05-22 18:03:52.248000+00:00,321120.0
id_145,channel_52,2010-05-19 00:50:22.248000+00:00,2010-05-22 18:03:52.248000+00:00,321210.0
id_145,channel_57,2010-05-19 00:45:17.364000+00:00,2010-05-23 13:46:47.364000+00:00,392490.0
id_145,channel_58,2010-05-19 00:45:17.364000+00:00,2010-05-23 13:36:47.364000+00:00,391890.0
id_145,channel_59,2010-05-19 00:45:17.364000+00:00,2010-05-23 13:21:47.364000+00:00,390990.0
id_145,channel_60,2010-05-19 00:45:17.364000+00:00,2010-05-23 12:15:47.364000+00:00,387030.0
id_145,channel_66,2010-05-19 15:53:18.069000+00:00,2010-05-23 16:41:18.069000+00:00,348480.0
id_145,channel_70,2010-05-19 00:45:28.983000+00:00,2010-05-21 19:21:58.980000+00:00,239789.997
id_145,channel_71,2010-05-19 00:45:12.864000+00:00,2010-05-21 23:24:12.864000+00:00,254340.0
id_145,channel_72,2010-05-19 00:45:26.739000+00:00,2010-05-21 23:29:26.739000+00:00,254640.0
id_145,channel_73,2010-05-19 00:45:10.614000+00:00,2010-05-21 22:28:40.608000+00:00,251009.994
id_145,channel_74,2010-05-19 00:45:24.489000+00:00,2010-05-21 23:19:24.489000+00:00,254040.0
id_145,channel_75,2010-05-19 00:45:08.364000+00:00,2010-05-21 23:09:08.364000+00:00,253440.0
id_145,channel_76,2010-05-19 00:47:22.239000+00:00,2010-05-21 04:54:52.236000+00:00,187649.997
id_146,channel_14,2010-05-23 21:19:30.153000+00:00,2010-05-24 12:45:00.153000+00:00,55530.0
id_146,channel_21,2010-05-23 21:18:00.153000+00:00,2010-05-24 12:09:00.153000+00:00,53460.0
id_146,channel_29,2010-05-23 21:19:30.153000+00:00,2010-05-24 12:52:30.153000+00:00,55980.0
id_147,channel_14,2010-08-18 22:33:00.141000+00:00,2010-08-19 02:46:30.141000+00:00,15210.0
id_147,channel_15,2010-08-18 22:49:30.141000+00:00,2010-08-24 00:00:00+00:00,436229.859
id_147,channel_21,2010-08-18 22:33:00.141000+00:00,2010-08-19 03:12:00.141000+00:00,16740.0
id_147,channel_22,2010-08-18 22:39:00.141000+00:00,2010-08-30 00:00:00+00:00,955259.859
id_147,channel_23,2010-08-18 23:25:30.141000+00:00,2010-08-24 00:00:00+00:00,434069.859
id_147,channel_29,2010-08-18 22:33:00.141000+00:00,2010-08-19 03:24:00.141000+00:00,17460.0
id_147,channel_30,2010-08-19 00:24:00.141000+00:00,2010-08-24 00:00:00+00:00,430559.859
id_147,channel_31,2010-08-18 22:34:30.141000+00:00,2010-08-30 00:00:00+00:00,955529.859
id_147,channel_38,2010-08-18 23:31:30.141000+00:00,2010-08-24 00:00:00+00:00,433709.859
id_147,channel_39,2010-08-18 22:37:30.141000+00:00,2010-08-30 00:00:00+00:00,955349.859
id_147,channel_41,2010-08-18 22:31:39.858000+00:00,2010-08-18 22:34:09.858000+00:00,150.0
id_147,channel_42,2010-08-18 22:31:39.858000+00:00,2010-08-18 22:34:09.858000+00:00,150.0
id_147,channel_43,2010-08-18 22:31:39.858000+00:00,2010-08-18 22:34:09.858000+00:00,150.0
id_147,channel_44,2010-08-18 22:31:39.858000+00:00,2010-08-18 22:34:09.858000+00:00,150.0
id_147,channel_45,2010-08-18 22:31:39.858000+00:00,2010-08-18 22:34:09.858000+00:00,150.0
id_147,channel_46,2010-08-18 22:31:39.858000+00:00,2010-08-18 22:34:09.858000+00:00,150.0
id_148,channel_14,2010-07-31 08:43:30.144000+00:00,2010-07-31 11:28:30.144000+00:00,9900.0
id_148,channel_21,2010-07-31 08:42:00.144000+00:00,2010-07-31 10:01:30.144000+00:00,4770.0
id_148,channel_29,2010-07-31 08:43:30.144000+00:00,2010-07-31 09:46:30.144000+00:00,3780.0
id_149,channel_41,2010-09-07 02:23:09.855000+00:00,2010-09-07 02:23:11.943000+00:00,2.088
id_149,channel_42,2010-09-07 02:23:09.855000+00:00,2010-09-07 02:23:11.943000+00:00,2.088
id_149,channel_43,2010-09-07 02:23:09.855000+00:00,2010-09-07 02:23:11.943000+00:00,2.088
id_149,channel_44,2010-09-07 02:23:09.855000+00:00,2010-09-07 02:23:11.943000+00:00,2.088
id_149,channel_45,2010-09-07 02:23:09.855000+00:00,2010-09-07 02:23:11.943000+00:00,2.088
id_149,channel_46,2010-09-07 02:23:09.855000+00:00,2010-09-07 02:23:11.943000+00:00,2.088
id_149,channel_47,2010-09-07 02:24:09.855000+00:00,2010-09-07 02:27:09.855000+00:00,180.0
id_149,channel_47,2010-09-07 02:28:09.855000+00:00,2010-09-07 02:28:09.855000+00:00,0.0
id_149,channel_48,2010-09-07 02:22:09.855000+00:00,2010-09-07 02:23:09.855000+00:00,60.0
id_149,channel_48,2010-09-07 02:23:39.855000+00:00,2010-09-07 02:34:39.855000+00:00,660.0
id_149,channel_48,2010-09-07 02:35:39.855000+00:00,2010-09-07 02:36:09.855000+00:00,30.0
id_149,channel_49,2010-09-07 02:23:39.855000+00:00,2010-09-07 02:36:39.855000+00:00,780.0
id_149,channel_50,2010-09-07 02:23:22.233000+00:00,2010-09-07 02:27:52.233000+00:00,270.0
id_149,channel_51,2010-09-07 02:24:52.233000+00:00,2010-09-07 02:36:52.233000+00:00,720.0
id_149,channel_52,2010-09-07 02:23:22.233000+00:00,2010-09-07 02:38:22.233000+00:00,900.0
id_150,channel_41,2010-10-26 17:25:39.846000+00:00,2010-10-26 17:25:44.934000+00:00,5.088
id_150,channel_42,2010-10-26 17:25:39.846000+00:00,2010-10-26 17:25:44.934000+00:00,5.088
id_150,channel_43,2010-10-26 17:25:39.846000+00:00,2010-10-26 17:25:44.934000+00:00,5.088
id_150,channel_44,2010-10-26 17:25:39.846000+00:00,2010-10-26 17:25:44.934000+00:00,5.088
id_150,channel_45,2010-10-26 17:25:39.846000+00:00,2010-10-26 17:25:44.934000+00:00,5.088
id_150,channel_46,2010-10-26 17:25:39.846000+00:00,2010-10-26 17:25:44.934000+00:00,5.088
id_150,channel_47,2010-10-26 17:26:09.846000+00:00,2010-10-26 17:40:09.846000+00:00,840.0
id_150,channel_48,2010-10-26 17:26:09.846000+00:00,2010-10-26 17:38:39.846000+00:00,750.0
id_150,channel_49,2010-10-26 17:26:09.846000+00:00,2010-10-26 17:31:09.846000+00:00,300.0
id_150,channel_50,2010-10-26 17:24:52.224000+00:00,2010-10-26 17:39:52.224000+00:00,900.0
id_150,channel_51,2010-10-26 17:24:52.224000+00:00,2010-10-26 17:38:22.221000+00:00,809.997
id_150,channel_52,2010-10-26 17:24:52.224000+00:00,2010-10-26 17:45:52.224000+00:00,1260.0
id_151,channel_14,2000-02-10 01:33:06.630000+00:00,2000-02-10 06:49:36.630000+00:00,18990.0
id_151,channel_15,2000-02-10 01:33:06.630000+00:00,2000-02-22 15:24:06.627000+00:00,1086659.997
id_151,channel_16,2000-02-10 23:46:36.630000+00:00,2000-02-15 17:58:36.630000+00:00,411120.0
id_151,channel_21,2000-02-10 01:33:06.630000+00:00,2000-02-10 06:43:36.630000+00:00,18630.0
id_151,channel_22,2000-02-10 01:40:36.630000+00:00,2000-02-24 01:03:06.627000+00:00,1207349.997
id_151,channel_23,2000-02-10 01:33:06.630000+00:00,2000-02-22 13:09:06.627000+00:00,1078559.997
id_151,channel_24,2000-02-10 22:10:36.630000+00:00,2000-02-16 02:28:36.630000+00:00,447480.0
id_151,channel_29,2000-02-10 01:33:06.630000+00:00,2000-02-10 05:06:06.630000+00:00,12780.0
id_151,channel_30,2000-02-10 02:15:06.630000+00:00,2000-02-12 07:33:06.630000+00:00,191880.0
id_151,channel_31,2000-02-10 01:42:06.630000+00:00,2000-02-23 23:58:36.627000+00:00,1203389.997
id_151,channel_32,2000-02-11 01:55:36.630000+00:00,2000-02-15 17:58:36.630000+00:00,403380.0
id_151,channel_33,2000-02-10 20:48:06.630000+00:00,2000-02-15 19:42:06.630000+00:00,428040.0
id_151,channel_38,2000-02-10 01:43:36.630000+00:00,2000-02-12 22:09:06.630000+00:00,246330.0
id_151,channel_39,2000-02-10 01:37:36.630000+00:00,2000-02-23 23:58:36.627000+00:00,1203659.997
id_151,channel_40,2000-02-10 20:09:06.630000+00:00,2000-02-15 17:58:36.630000+00:00,424170.0
id_151,channel_41,2000-02-10 01:31:46.347000+00:00,2000-02-10 01:35:16.347000+00:00,210.0
id_151,channel_41,2000-02-10 15:58:16.347000+00:00,2000-02-10 20:25:16.347000+00:00,16020.0
id_151,channel_42,2000-02-10 01:31:46.347000+00:00,2000-02-10 01:35:16.347000+00:00,210.0
id_151,channel_42,2000-02-10 15:42:46.347000+00:00,2000-02-10 20:23:46.347000+00:00,16860.0
id_151,channel_43,2000-02-10 01:31:46.347000+00:00,2000-02-10 01:35:16.347000+00:00,210.0
id_151,channel_43,2000-02-10 01:52:46.347000+00:00,2000-02-10 01:52:46.347000+00:00,0.0
id_151,channel_43,2000-02-10 01:54:46.347000+00:00,2000-02-10 01:54:46.347000+00:00,0.0
id_151,channel_43,2000-02-10 15:41:16.347000+00:00,2000-02-10 20:25:16.347000+00:00,17040.0
id_151,channel_44,2000-02-10 01:31:16.347000+00:00,2000-02-10 01:35:16.347000+00:00,240.0
id_151,channel_44,2000-02-10 15:10:46.347000+00:00,2000-02-10 20:33:16.347000+00:00,19350.0
id_151,channel_45,2000-02-10 01:31:46.347000+00:00,2000-02-10 01:35:16.347000+00:00,210.0
id_151,channel_45,2000-02-10 15:41:08.847000+00:00,2000-02-10 20:25:16.347000+00:00,17047.5
id_151,channel_46,2000-02-10 01:31:46.347000+00:00,2000-02-10 01:35:16.347000+00:00,210.0
id_151,channel_46,2000-02-10 15:41:08.847000+00:00,2000-02-10 20:11:46.347000+00:00,16237.5
id_151,channel_47,2000-02-10 08:48:46.347000+00:00,2000-02-12 15:09:16.347000+00:00,195630.0
id_151,channel_48,2000-02-10 08:37:46.347000+00:00,2000-02-12 15:09:16.347000+00:00,196290.0
id_151,channel_49,2000-02-10 09:23:46.347000+00:00,2000-02-12 15:09:16.347000+00:00,193530.0
id_151,channel_50,2000-02-10 08:57:58.725000+00:00,2000-02-12 15:08:28.725000+00:00,195030.0
id_151,channel_51,2000-02-10 08:38:28.725000+00:00,2000-02-12 15:08:28.725000+00:00,196200.0
id_151,channel_52,2000-02-10 09:33:58.725000+00:00,2000-02-12 15:08:28.725000+00:00,192870.0
id_152,channel_14,2011-01-27 03:52:30.114000+00:00,2011-01-27 18:55:30.114000+00:00,54180.0
id_152,channel_21,2011-01-27 03:52:30.114000+00:00,2011-01-27 19:10:30.114000+00:00,55080.0
id_152,channel_29,2011-01-27 03:54:00.114000+00:00,2011-01-27 19:00:00.114000+00:00,54360.0
id_153,channel_41,2011-01-28 22:30:09.831000+00:00,2011-01-28 22:35:09.831000+00:00,300.0
id_153,channel_42,2011-01-28 22:30:09.831000+00:00,2011-01-28 22:35:09.831000+00:00,300.0
id_153,channel_43,2011-01-28 22:30:09.831000+00:00,2011-01-28 22:34:39.831000+00:00,270.0
id_153,channel_44,2011-01-28 22:30:09.831000+00:00,2011-01-28 22:35:09.831000+00:00,300.0
id_153,channel_45,2011-01-28 22:30:09.831000+00:00,2011-01-28 22:35:09.831000+00:00,300.0
id_153,channel_46,2011-01-28 22:30:09.831000+00:00,2011-01-28 22:34:39.831000+00:00,270.0
id_153,channel_64,2011-01-28 22:29:18.030000+00:00,2011-01-28 23:59:18.030000+00:00,5400.0
id_153,channel_65,2011-01-28 22:29:18.030000+00:00,2011-01-28 23:59:18.030000+00:00,5400.0
id_153,channel_66,2011-01-28 22:32:18.030000+00:00,2011-01-29 13:44:18.030000+00:00,54720.0
id_154,channel_14,2011-02-23 19:43:30.108000+00:00,2011-03-04 00:00:00+00:00,706589.892
id_154,channel_15,2011-02-23 19:43:30.108000+00:00,2011-02-24 03:45:00.108000+00:00,28890.0
id_154,channel_16,2011-02-23 20:07:30.108000+00:00,2011-02-27 12:00:00+00:00,316349.892
id_154,channel_21,2011-02-23 19:43:30.108000+00:00,2011-03-04 00:00:00+00:00,706589.892
id_154,channel_22,2011-02-23 19:43:30.108000+00:00,2011-03-04 00:00:00+00:00,706589.892
id_154,channel_23,2011-02-23 20:12:00.108000+00:00,2011-02-24 14:30:00.108000+00:00,65880.0
id_154,channel_24,2011-02-23 20:30:00.108000+00:00,2011-02-27 12:00:00+00:00,314999.892
id_154,channel_29,2011-02-23 19:42:00.108000+00:00,2011-03-04 00:00:00+00:00,706679.892
id_154,channel_30,2011-02-23 21:16:30.108000+00:00,2011-03-04 00:00:00+00:00,701009.892
id_154,channel_31,2011-02-23 19:48:00.108000+00:00,2011-03-04 00:00:00+00:00,706319.892
id_154,channel_32,2011-02-23 20:25:30.108000+00:00,2011-02-27 12:00:00+00:00,315269.892
id_154,channel_33,2011-02-23 20:25:30.108000+00:00,2011-02-27 12:00:00+00:00,315269.892
id_154,channel_38,2011-02-23 20:19:30.108000+00:00,2011-03-04 00:00:00+00:00,704429.892
id_154,channel_39,2011-02-23 19:49:30.108000+00:00,2011-03-04 00:00:00+00:00,706229.892
id_154,channel_40,2011-02-23 20:25:30.108000+00:00,2011-02-27 12:00:00+00:00,315269.892
id_154,channel_41,2011-02-23 19:41:39.828000+00:00,2011-02-24 02:13:39.828000+00:00,23520.0
id_154,channel_42,2011-02-23 19:41:39.828000+00:00,2011-02-24 02:13:39.828000+00:00,23520.0
id_154,channel_43,2011-02-23 19:41:39.828000+00:00,2011-02-24 02:13:39.828000+00:00,23520.0
id_154,channel_44,2011-02-23 19:41:39.828000+00:00,2011-02-24 02:13:39.828000+00:00,23520.0
id_154,channel_45,2011-02-23 19:41:39.828000+00:00,2011-02-24 02:13:39.828000+00:00,23520.0
id_154,channel_46,2011-02-23 19:41:09.828000+00:00,2011-02-24 02:13:39.828000+00:00,23550.0
id_154,channel_47,2011-02-23 21:31:39.828000+00:00,2011-02-24 04:08:09.828000+00:00,23790.0
id_154,channel_48,2011-02-23 21:32:39.828000+00:00,2011-02-24 03:41:09.828000+00:00,22110.0
id_154,channel_49,2011-02-23 21:32:39.828000+00:00,2011-02-24 03:43:09.828000+00:00,22230.0
id_154,channel_50,2011-02-23 21:32:22.203000+00:00,2011-02-24 03:47:22.203000+00:00,22500.0
id_154,channel_51,2011-02-23 21:30:52.206000+00:00,2011-02-24 03:30:52.206000+00:00,21600.0
id_154,channel_52,2011-02-23 21:32:22.203000+00:00,2011-02-24 03:50:22.203000+00:00,22680.0
id_154,channel_66,2011-02-23 23:11:18.027000+00:00,2011-02-25 03:05:18.024000+00:00,100439.997
id_155,channel_12,2011-04-22 00:13:30.102000+00:00,2011-04-24 06:03:00.102000+00:00,193770.0
id_155,channel_13,2011-04-22 00:12:00.102000+00:00,2011-04-24 05:45:00.102000+00:00,192780.0
id_155,channel_14,2011-04-22 00:37:30.102000+00:00,2011-04-24 10:52:30.102000+00:00,209700.0
id_155,channel_15,2011-04-21 23:57:00.102000+00:00,2011-04-29 23:58:30.099000+00:00,691289.997
id_155,channel_16,2011-04-22 01:03:00.102000+00:00,2011-04-29 23:58:30.099000+00:00,687329.997
id_155,channel_17,2011-04-22 00:04:30.102000+00:00,2011-04-24 06:07:30.102000+00:00,194580.0
id_155,channel_18,2011-04-22 00:10:30.102000+00:00,2011-04-24 03:00:00.102000+00:00,182970.0
id_155,channel_19,2011-04-22 01:03:00.102000+00:00,2011-04-24 06:04:30.102000+00:00,190890.0
id_155,channel_20,2011-04-22 00:25:30.102000+00:00,2011-04-24 10:03:00.102000+00:00,207450.0
id_155,channel_21,2011-04-22 00:37:30.102000+00:00,2011-04-24 10:54:00.102000+00:00,209790.0
id_155,channel_22,2011-04-22 00:21:00.102000+00:00,2011-05-02 23:58:30.099000+00:00,949049.997
id_155,channel_23,2011-04-22 00:16:30.102000+00:00,2011-04-29 23:58:30.099000+00:00,690119.997
id_155,channel_24,2011-04-22 01:10:30.102000+00:00,2011-04-29 23:58:30.099000+00:00,686879.997
id_155,channel_25,2011-04-21 23:52:30.102000+00:00,2011-04-24 07:03:00.102000+00:00,198630.0
id_155,channel_26,2011-04-22 00:27:00.102000+00:00,2011-04-24 07:49:30.102000+00:00,199350.0
id_155,channel_27,2011-04-22 00:36:00.102000+00:00,2011-04-24 07:55:30.102000+00:00,199170.0
id_155,channel_28,2011-04-22 00:27:00.102000+00:00,2011-04-24 07:43:30.102000+00:00,198990.0
id_155,channel_29,2011-04-22 00:30:00.102000+00:00,2011-04-24 11:54:00.102000+00:00,213840.0
id_155,channel_30,2011-04-22 00:21:00.102000+00:00,2011-04-29 23:58:30.099000+00:00,689849.997
id_155,channel_31,2011-04-22 00:10:30.102000+00:00,2011-05-02 23:58:30.099000+00:00,949679.997
id_155,channel_32,2011-04-22 00:45:00.102000+00:00,2011-04-29 23:58:30.099000+00:00,688409.997
id_155,channel_33,2011-04-22 01:24:00.102000+00:00,2011-04-29 23:58:30.099000+00:00,686069.997
id_155,channel_34,2011-04-22 01:36:00.102000+00:00,2011-04-24 08:03:00.102000+00:00,196020.0
id_155,channel_35,2011-04-22 00:55:30.102000+00:00,2011-04-24 06:27:00.102000+00:00,192690.0
id_155,channel_36,2011-04-22 00:15:00.102000+00:00,2011-04-24 07:43:30.102000+00:00,199710.0
id_155,channel_37,2011-04-22 00:06:00.102000+00:00,2011-04-24 05:15:00.102000+00:00,191340.0
id_155,channel_38,2011-04-22 00:18:00.102000+00:00,2011-04-29 23:58:30.099000+00:00,690029.997
id_155,channel_39,2011-04-22 00:21:00.102000+00:00,2011-05-02 23:58:30.099000+00:00,949049.997
id_155,channel_40,2011-04-22 00:52:30.102000+00:00,2011-04-29 23:58:30.099000+00:00,687959.997
id_155,channel_41,2011-04-21 23:58:39.819000+00:00,2011-04-21 23:59:39.819000+00:00,60.0
id_155,channel_41,2011-04-22 00:17:39.819000+00:00,2011-04-22 00:19:39.819000+00:00,120.0
id_155,channel_41,2011-04-22 01:37:09.819000+00:00,2011-04-22 01:38:39.819000+00:00,90.0
id_155,channel_41,2011-04-24 03:55:09.819000+00:00,2011-04-24 03:57:09.819000+00:00,120.0
id_155,channel_41,2011-04-24 05:14:39.819000+00:00,2011-04-24 05:17:02.319000+00:00,142.5
id_155,channel_41,2011-04-24 06:03:09.819000+00:00,2011-04-24 06:05:09.819000+00:00,120.0
id_155,channel_42,2011-04-21 23:58:39.819000+00:00,2011-04-21 23:59:39.819000+00:00,60.0
id_155,channel_42,2011-04-22 00:17:39.819000+00:00,2011-04-22 00:19:09.819000+00:00,90.0
id_155,channel_42,2011-04-22 01:37:09.819000+00:00,2011-04-22 01:38:39.819000+00:00,90.0
id_155,channel_42,2011-04-24 03:55:09.819000+00:00,2011-04-24 03:57:09.819000+00:00,120.0
id_155,channel_42,2011-04-24 06:01:39.819000+00:00,2011-04-24 06:05:09.819000+00:00,210.0
id_155,channel_43,2011-04-21 23:58:39.819000+00:00,2011-04-21 23:59:39.819000+00:00,60.0
id_155,channel_43,2011-04-22 00:17:39.819000+00:00,2011-04-22 00:19:39.819000+00:00,120.0
id_155,channel_43,2011-04-22 01:37:09.819000+00:00,2011-04-22 01:38:39.819000+00:00,90.0
id_155,channel_43,2011-04-24 03:55:09.819000+00:00,2011-04-24 03:57:09.819000+00:00,120.0
id_155,channel_43,2011-04-24 05:14:39.819000+00:00,2011-04-24 05:16:39.819000+00:00,120.0
id_155,channel_43,2011-04-24 06:03:09.819000+00:00,2011-04-24 06:05:09.819000+00:00,120.0
id_155,channel_44,2011-04-21 23:58:39.819000+00:00,2011-04-21 23:59:39.819000+00:00,60.0
id_155,channel_44,2011-04-22 00:17:39.819000+00:00,2011-04-22 00:19:39.819000+00:00,120.0
id_155,channel_44,2011-04-22 01:37:09.819000+00:00,2011-04-22 01:38:39.819000+00:00,90.0
id_155,channel_44,2011-04-24 03:55:09.819000+00:00,2011-04-24 03:56:39.819000+00:00,90.0
id_155,channel_44,2011-04-24 05:14:39.819000+00:00,2011-04-24 05:16:39.819000+00:00,120.0
id_155,channel_44,2011-04-24 06:03:09.819000+00:00,2011-04-24 06:05:09.819000+00:00,120.0
id_155,channel_45,2011-04-21 23:58:39.819000+00:00,2011-04-21 23:59:39.819000+00:00,60.0
id_155,channel_45,2011-04-22 00:17:39.819000+00:00,2011-04-22 00:19:39.819000+00:00,120.0
id_155,channel_45,2011-04-22 01:37:09.819000+00:00,2011-04-22 01:38:39.819000+00:00,90.0
id_155,channel_45,2011-04-24 03:55:09.819000+00:00,2011-04-24 03:57:09.819000+00:00,120.0
id_155,channel_45,2011-04-24 05:14:39.819000+00:00,2011-04-24 05:16:39.819000+00:00,120.0
id_155,channel_45,2011-04-24 06:03:09.819000+00:00,2011-04-24 06:05:09.819000+00:00,120.0
id_155,channel_46,2011-04-21 23:58:39.819000+00:00,2011-04-21 23:59:39.819000+00:00,60.0
id_155,channel_46,2011-04-22 00:17:39.819000+00:00,2011-04-22 00:19:39.819000+00:00,120.0
id_155,channel_46,2011-04-22 01:37:09.819000+00:00,2011-04-22 01:38:39.819000+00:00,90.0
id_155,channel_46,2011-04-24 03:54:39.819000+00:00,2011-04-24 03:57:09.819000+00:00,150.0
id_155,channel_46,2011-04-24 05:14:39.819000+00:00,2011-04-24 05:16:39.819000+00:00,120.0
id_155,channel_46,2011-04-24 06:03:09.819000+00:00,2011-04-24 06:05:09.819000+00:00,120.0
id_155,channel_47,2011-04-21 23:55:39.819000+00:00,2011-04-24 15:39:39.819000+00:00,229440.0
id_155,channel_48,2011-04-21 22:47:39.819000+00:00,2011-04-24 21:03:09.819000+00:00,252930.0
id_155,channel_49,2011-04-21 23:08:39.819000+00:00,2011-04-24 16:25:09.819000+00:00,234990.0
id_155,channel_50,2011-04-21 22:15:52.197000+00:00,2011-04-24 17:33:52.197000+00:00,242280.0
id_155,channel_51,2011-04-21 22:42:52.197000+00:00,2011-04-24 19:00:52.197000+00:00,245880.0
id_155,channel_52,2011-04-21 22:51:52.197000+00:00,2011-04-24 17:03:52.197000+00:00,238320.0
id_155,channel_57,2011-04-21 23:06:17.313000+00:00,2011-04-24 20:05:17.313000+00:00,248340.0
id_155,channel_58,2011-04-21 23:06:17.313000+00:00,2011-04-24 23:56:17.313000+00:00,262200.0
id_155,channel_59,2011-04-21 23:02:17.313000+00:00,2011-04-24 23:39:47.313000+00:00,261450.0
id_155,channel_60,2011-04-21 23:22:47.313000+00:00,2011-04-25 00:45:47.313000+00:00,264180.0
id_155,channel_66,2011-04-22 08:11:18.018000+00:00,2011-04-25 10:08:18.018000+00:00,266220.0
id_156,channel_14,2011-04-13 03:13:30.102000+00:00,2011-04-13 04:37:30.102000+00:00,5040.0
id_156,channel_21,2011-04-13 03:12:00.102000+00:00,2011-04-13 05:28:30.102000+00:00,8190.0
id_156,channel_29,2011-04-13 03:28:30.102000+00:00,2011-04-13 04:52:30.102000+00:00,5040.0
id_157,channel_41,2011-04-19 07:22:09.819000+00:00,2011-04-19 07:34:09.819000+00:00,720.0
id_157,channel_42,2011-04-19 07:09:39.819000+00:00,2011-04-19 07:34:39.819000+00:00,1500.0
id_157,channel_43,2011-04-19 07:09:39.819000+00:00,2011-04-19 07:34:39.819000+00:00,1500.0
id_157,channel_44,2011-04-19 07:22:09.819000+00:00,2011-04-19 07:35:09.819000+00:00,780.0
id_157,channel_45,2011-04-19 07:10:09.819000+00:00,2011-04-19 07:34:09.819000+00:00,1440.0
id_157,channel_64,2011-04-19 07:20:18.018000+00:00,2011-04-19 08:53:18.018000+00:00,5580.0
id_157,channel_65,2011-04-19 07:20:18.018000+00:00,2011-04-19 08:59:18.018000+00:00,5940.0
id_157,channel_66,2011-04-19 07:20:18.018000+00:00,2011-04-19 21:44:18.018000+00:00,51840.0
id_158,channel_75,2000-02-26 02:41:44.841000+00:00,2000-02-26 02:46:44.841000+00:00,300.0
id_159,channel_14,2011-06-09 03:04:30.093000+00:00,2011-06-20 00:00:00+00:00,939329.907
id_159,channel_15,2011-06-09 03:01:30.093000+00:00,2011-06-20 00:00:00+00:00,939509.907
id_159,channel_21,2011-06-09 03:06:00.093000+00:00,2011-06-20 00:00:00+00:00,939239.907
id_159,channel_22,2011-06-09 03:09:00.093000+00:00,2011-06-20 00:00:00+00:00,939059.907
id_159,channel_23,2011-06-09 03:01:30.093000+00:00,2011-06-20 00:00:00+00:00,939509.907
id_159,channel_29,2011-06-09 03:06:00.093000+00:00,2011-06-20 00:00:00+00:00,939239.907
id_159,channel_30,2011-06-09 03:21:00.093000+00:00,2011-06-20 00:00:00+00:00,938339.907
id_159,channel_31,2011-06-09 03:03:00.093000+00:00,2011-06-20 00:00:00+00:00,939419.907
id_159,channel_38,2011-06-09 03:15:00.093000+00:00,2011-06-20 00:00:00+00:00,938699.907
id_159,channel_39,2011-06-09 03:00:00.093000+00:00,2011-06-20 00:00:00+00:00,939599.907
id_159,channel_41,2011-06-09 03:00:39.813000+00:00,2011-06-09 03:13:39.813000+00:00,780.0
id_159,channel_41,2011-06-09 03:24:09.813000+00:00,2011-06-09 03:24:09.813000+00:00,0.0
id_159,channel_41,2011-06-09 03:25:39.813000+00:00,2011-06-09 03:25:39.813000+00:00,0.0
id_159,channel_42,2011-06-09 03:00:39.813000+00:00,2011-06-09 03:14:39.813000+00:00,840.0
id_159,channel_42,2011-06-09 03:24:09.813000+00:00,2011-06-09 03:24:09.813000+00:00,0.0
id_159,channel_42,2011-06-09 03:25:39.813000+00:00,2011-06-09 03:25:39.813000+00:00,0.0
id_159,channel_43,2011-06-09 02:57:09.813000+00:00,2011-06-09 03:08:09.813000+00:00,660.0
id_159,channel_43,2011-06-09 03:24:09.813000+00:00,2011-06-09 03:24:09.813000+00:00,0.0
id_159,channel_43,2011-06-09 03:25:39.813000+00:00,2011-06-09 03:25:39.813000+00:00,0.0
id_159,channel_44,2011-06-09 03:00:39.813000+00:00,2011-06-09 03:12:09.813000+00:00,690.0
id_159,channel_44,2011-06-09 03:24:09.813000+00:00,2011-06-09 03:24:09.813000+00:00,0.0
id_159,channel_44,2011-06-09 03:25:39.813000+00:00,2011-06-09 03:25:39.813000+00:00,0.0
id_159,channel_45,2011-06-09 03:00:39.813000+00:00,2011-06-09 03:16:39.813000+00:00,960.0
id_159,channel_45,2011-06-09 03:24:09.813000+00:00,2011-06-09 03:24:09.813000+00:00,0.0
id_159,channel_45,2011-06-09 03:25:39.813000+00:00,2011-06-09 03:25:39.813000+00:00,0.0
id_159,channel_46,2011-06-09 03:00:39.813000+00:00,2011-06-09 03:14:09.813000+00:00,810.0
id_159,channel_46,2011-06-09 03:24:09.813000+00:00,2011-06-09 03:24:09.813000+00:00,0.0
id_159,channel_46,2011-06-09 03:25:39.813000+00:00,2011-06-09 03:25:39.813000+00:00,0.0
id_160,channel_41,2011-08-12 19:57:32.889000+00:00,2011-08-12 19:57:39.801000+00:00,6.912
id_160,channel_42,2011-08-12 19:57:32.889000+00:00,2011-08-12 19:57:39.801000+00:00,6.912
id_160,channel_43,2011-08-12 19:57:32.889000+00:00,2011-08-12 19:57:39.801000+00:00,6.912
id_160,channel_44,2011-08-12 19:57:32.889000+00:00,2011-08-12 19:57:39.801000+00:00,6.912
id_160,channel_45,2011-08-12 19:57:32.889000+00:00,2011-08-12 19:57:39.801000+00:00,6.912
id_160,channel_46,2011-08-12 19:57:32.889000+00:00,2011-08-12 19:57:39.801000+00:00,6.912
id_160,channel_48,2011-08-12 19:58:09.801000+00:00,2011-08-12 20:22:39.801000+00:00,1470.0
id_160,channel_49,2011-08-12 19:58:09.801000+00:00,2011-08-12 20:05:39.801000+00:00,450.0
id_160,channel_51,2011-08-12 19:57:52.179000+00:00,2011-08-12 20:15:52.179000+00:00,1080.0
id_160,channel_52,2011-08-12 19:57:52.179000+00:00,2011-08-12 20:02:22.179000+00:00,270.0
id_161,channel_14,2011-08-16 14:52:30.084000+00:00,2011-08-16 19:45:00.084000+00:00,17550.0
id_161,channel_21,2011-08-16 14:54:00.084000+00:00,2011-08-16 20:24:00.084000+00:00,19800.0
id_161,channel_29,2011-08-16 14:55:30.084000+00:00,2011-08-16 19:31:30.084000+00:00,16560.0
id_162,channel_14,2011-09-17 16:07:30.078000+00:00,2011-09-17 17:15:00.078000+00:00,4050.0
id_162,channel_21,2011-09-17 16:07:30.078000+00:00,2011-09-17 17:33:00.078000+00:00,5130.0
id_162,channel_29,2011-09-17 16:06:00.078000+00:00,2011-09-17 18:24:00.078000+00:00,8280.0
id_163,channel_75,2000-03-08 13:22:14.838000+00:00,2000-03-08 13:27:14.838000+00:00,300.0
id_164,channel_14,2011-11-24 17:19:30.066000+00:00,2011-11-24 21:18:00.066000+00:00,14310.0
id_164,channel_15,2011-11-24 17:28:30.066000+00:00,2011-11-27 13:19:30.066000+00:00,244260.0
id_164,channel_16,2011-11-24 18:22:30.066000+00:00,2011-11-25 01:04:30.066000+00:00,24120.0
id_164,channel_21,2011-11-24 17:22:30.066000+00:00,2011-11-24 21:10:30.066000+00:00,13680.0
id_164,channel_22,2011-11-24 17:21:00.066000+00:00,2011-12-03 21:28:30.066000+00:00,792450.0
id_164,channel_23,2011-11-24 18:07:30.066000+00:00,2011-11-27 21:28:30.066000+00:00,271260.0
id_164,channel_29,2011-11-24 17:19:30.066000+00:00,2011-11-24 20:51:00.066000+00:00,12690.0
id_164,channel_30,2011-11-24 19:10:30.066000+00:00,2011-11-27 21:28:30.066000+00:00,267480.0
id_164,channel_31,2011-11-24 17:21:00.066000+00:00,2011-12-03 21:28:30.066000+00:00,792450.0
id_164,channel_38,2011-11-24 18:07:30.066000+00:00,2011-11-27 21:28:30.066000+00:00,271260.0
id_164,channel_39,2011-11-24 17:25:30.066000+00:00,2011-12-03 21:28:30.066000+00:00,792180.0
id_164,channel_41,2011-11-24 17:17:39.786000+00:00,2011-11-24 17:21:09.786000+00:00,210.0
id_164,channel_41,2011-11-24 17:39:09.786000+00:00,2011-11-24 17:39:39.786000+00:00,30.0
id_164,channel_41,2011-11-24 17:40:39.786000+00:00,2011-11-24 17:41:09.786000+00:00,30.0
id_164,channel_42,2011-11-24 17:17:39.786000+00:00,2011-11-24 17:21:09.786000+00:00,210.0
id_164,channel_42,2011-11-24 17:39:09.786000+00:00,2011-11-24 17:41:09.786000+00:00,120.0
id_164,channel_43,2011-11-24 17:17:39.786000+00:00,2011-11-24 17:21:09.786000+00:00,210.0
id_164,channel_43,2011-11-24 17:39:09.786000+00:00,2011-11-24 17:41:09.786000+00:00,120.0
id_164,channel_44,2011-11-24 17:17:39.786000+00:00,2011-11-24 17:21:09.786000+00:00,210.0
id_164,channel_44,2011-11-24 17:39:09.786000+00:00,2011-11-24 17:41:09.786000+00:00,120.0
id_164,channel_45,2011-11-24 17:17:39.786000+00:00,2011-11-24 17:21:09.786000+00:00,210.0
id_164,channel_45,2011-11-24 17:39:09.786000+00:00,2011-11-24 17:41:09.786000+00:00,120.0
id_164,channel_46,2011-11-24 17:17:39.786000+00:00,2011-11-24 17:21:09.786000+00:00,210.0
id_164,channel_46,2011-11-24 17:39:09.786000+00:00,2011-11-24 17:41:09.786000+00:00,120.0
id_165,channel_41,2011-12-28 04:02:39.780000+00:00,2011-12-28 04:02:47.868000+00:00,8.088
id_165,channel_42,2011-12-28 04:02:39.780000+00:00,2011-12-28 04:02:47.868000+00:00,8.088
id_165,channel_43,2011-12-28 04:02:39.780000+00:00,2011-12-28 04:02:47.868000+00:00,8.088
id_165,channel_44,2011-12-28 04:02:39.780000+00:00,2011-12-28 04:02:47.868000+00:00,8.088
id_165,channel_45,2011-12-28 04:02:39.780000+00:00,2011-12-28 04:02:47.868000+00:00,8.088
id_165,channel_46,2011-12-28 04:02:39.780000+00:00,2011-12-28 04:02:47.868000+00:00,8.088
id_166,channel_41,2012-01-07 03:42:26.865000+00:00,2012-01-07 03:42:39.777000+00:00,12.912
id_166,channel_42,2012-01-07 03:42:26.865000+00:00,2012-01-07 03:42:39.777000+00:00,12.912
id_166,channel_43,2012-01-07 03:42:26.865000+00:00,2012-01-07 03:42:39.777000+00:00,12.912
id_166,channel_44,2012-01-07 03:42:26.865000+00:00,2012-01-07 03:42:39.777000+00:00,12.912
id_166,channel_45,2012-01-07 03:42:26.865000+00:00,2012-01-07 03:42:39.777000+00:00,12.912
id_166,channel_46,2012-01-07 03:42:26.865000+00:00,2012-01-07 03:42:39.777000+00:00,12.912
id_166,channel_49,2012-01-07 03:42:39.777000+00:00,2012-01-07 03:54:09.777000+00:00,690.0
id_166,channel_52,2012-01-07 03:42:52.158000+00:00,2012-01-07 03:53:22.155000+00:00,629.997
id_167,channel_12,2000-03-19 06:04:18.627000+00:00,2000-03-21 00:07:48.624000+00:00,151409.997
id_167,channel_13,2000-03-19 06:10:18.627000+00:00,2000-03-21 00:01:48.624000+00:00,150689.997
id_167,channel_16,2000-03-19 08:52:18.627000+00:00,2000-04-01 12:00:00+00:00,1134461.373
id_167,channel_17,2000-03-19 06:04:18.627000+00:00,2000-03-21 00:13:48.624000+00:00,151769.997
id_167,channel_18,2000-03-19 06:04:18.627000+00:00,2000-03-21 00:07:48.624000+00:00,151409.997
id_167,channel_19,2000-03-19 06:04:18.627000+00:00,2000-03-21 00:07:48.624000+00:00,151409.997
id_167,channel_20,2000-03-19 06:04:18.627000+00:00,2000-03-21 00:01:48.624000+00:00,151049.997
id_167,channel_24,2000-03-19 10:58:18.627000+00:00,2000-04-01 12:00:00+00:00,1126901.373
id_167,channel_25,2000-03-19 06:04:18.627000+00:00,2000-03-21 00:07:48.624000+00:00,151409.997
id_167,channel_26,2000-03-19 06:04:18.627000+00:00,2000-03-21 01:55:48.624000+00:00,157889.997
id_167,channel_27,2000-03-19 06:04:18.627000+00:00,2000-03-21 00:01:48.624000+00:00,151049.997
id_167,channel_28,2000-03-19 06:04:18.627000+00:00,2000-03-20 23:49:48.624000+00:00,150329.997
id_167,channel_32,2000-03-19 13:34:18.627000+00:00,2000-04-01 12:00:00+00:00,1117541.373
id_167,channel_33,2000-03-19 13:52:18.627000+00:00,2000-04-01 12:00:00+00:00,1116461.373
id_167,channel_34,2000-03-19 06:04:18.627000+00:00,2000-03-21 00:13:48.624000+00:00,151769.997
id_167,channel_35,2000-03-19 06:04:18.627000+00:00,2000-03-21 00:55:48.624000+00:00,154289.997
id_167,channel_36,2000-03-19 06:04:18.627000+00:00,2000-03-21 01:43:48.624000+00:00,157169.997
id_167,channel_37,2000-03-19 06:04:18.627000+00:00,2000-03-21 00:13:48.624000+00:00,151769.997
id_167,channel_40,2000-03-19 07:16:18.627000+00:00,2000-04-01 12:00:00+00:00,1140221.373
id_167,channel_41,2000-03-19 06:01:28.344000+00:00,2000-03-20 23:13:58.344000+00:00,148350.0
id_167,channel_42,2000-03-19 06:01:28.344000+00:00,2000-03-20 23:13:58.344000+00:00,148350.0
id_167,channel_43,2000-03-19 06:01:28.344000+00:00,2000-03-20 23:13:58.344000+00:00,148350.0
id_167,channel_44,2000-03-19 06:01:28.344000+00:00,2000-03-20 23:13:58.344000+00:00,148350.0
id_167,channel_45,2000-03-19 06:01:28.344000+00:00,2000-03-20 23:13:58.344000+00:00,148350.0
id_167,channel_46,2000-03-19 06:01:28.344000+00:00,2000-03-20 23:13:58.344000+00:00,148350.0
id_167,channel_47,2000-03-19 06:04:28.344000+00:00,2000-03-25 00:00:00+00:00,496531.656
id_167,channel_48,2000-03-19 06:04:28.344000+00:00,2000-03-25 00:00:00+00:00,496531.656
id_167,channel_49,2000-03-19 06:04:28.344000+00:00,2000-03-25 00:00:00+00:00,496531.656
id_167,channel_50,2000-03-19 06:03:40.719000+00:00,2000-03-25 00:00:00+00:00,496579.281
id_167,channel_51,2000-03-19 06:03:40.719000+00:00,2000-03-25 00:00:00+00:00,496579.281
id_167,channel_52,2000-03-19 06:03:40.719000+00:00,2000-03-25 00:00:00+00:00,496579.281
id_167,channel_57,2000-03-19 06:16:35.838000+00:00,2000-03-23 12:00:00+00:00,366204.162
id_167,channel_58,2000-03-19 06:16:35.838000+00:00,2000-03-23 12:00:00+00:00,366204.162
id_167,channel_59,2000-03-19 06:25:35.838000+00:00,2000-03-23 12:00:00+00:00,365664.162
id_167,channel_60,2000-03-19 06:43:35.838000+00:00,2000-03-23 12:00:00+00:00,364584.162
id_167,channel_66,2000-03-20 01:47:06.543000+00:00,2000-03-25 00:00:00+00:00,425573.457
id_167,channel_70,2000-03-19 06:00:35.454000+00:00,2000-03-21 02:03:17.454000+00:00,158562.0
id_167,channel_71,2000-03-19 06:00:19.335000+00:00,2000-03-21 02:03:01.335000+00:00,158562.0
id_167,channel_72,2000-03-19 06:00:33.210000+00:00,2000-03-21 02:03:15.210000+00:00,158562.0
id_167,channel_73,2000-03-19 06:00:17.085000+00:00,2000-03-21 02:02:59.085000+00:00,158562.0
id_167,channel_74,2000-03-19 06:00:30.960000+00:00,2000-03-21 02:03:12.960000+00:00,158562.0
id_167,channel_75,2000-03-19 06:00:14.838000+00:00,2000-03-21 02:02:56.838000+00:00,158562.0
id_167,channel_76,2000-03-19 06:00:28.710000+00:00,2000-03-21 02:03:10.710000+00:00,158562.0
id_168,channel_73,2000-03-23 16:02:29.085000+00:00,2000-03-23 16:07:29.085000+00:00,300.0
id_169,channel_14,2012-06-20 22:46:30.033000+00:00,2012-06-26 00:00:00+00:00,436409.967
id_169,channel_15,2012-06-20 22:46:30.033000+00:00,2012-06-26 00:00:00+00:00,436409.967
id_169,channel_21,2012-06-20 22:46:30.033000+00:00,2012-06-26 00:00:00+00:00,436409.967
id_169,channel_22,2012-06-20 22:49:30.033000+00:00,2012-07-02 00:00:00+00:00,954629.967
id_169,channel_23,2012-06-20 22:46:30.033000+00:00,2012-06-26 00:00:00+00:00,436409.967
id_169,channel_29,2012-06-20 22:46:30.033000+00:00,2012-06-26 00:00:00+00:00,436409.967
id_169,channel_30,2012-06-20 22:58:30.033000+00:00,2012-06-26 00:00:00+00:00,435689.967
id_169,channel_31,2012-06-20 22:52:30.033000+00:00,2012-07-02 00:00:00+00:00,954449.967
id_169,channel_38,2012-06-20 22:55:30.033000+00:00,2012-06-26 00:00:00+00:00,435869.967
id_169,channel_39,2012-06-20 22:52:30.033000+00:00,2012-07-02 00:00:00+00:00,954449.967
id_169,channel_41,2012-06-20 22:45:09.750000+00:00,2012-06-20 22:53:09.750000+00:00,480.0
id_169,channel_42,2012-06-20 22:45:09.750000+00:00,2012-06-20 22:53:09.750000+00:00,480.0
id_169,channel_43,2012-06-20 22:45:09.750000+00:00,2012-06-20 22:53:09.750000+00:00,480.0
id_169,channel_44,2012-06-20 22:45:09.750000+00:00,2012-06-20 22:53:09.750000+00:00,480.0
id_169,channel_45,2012-06-20 22:45:09.750000+00:00,2012-06-20 22:53:09.750000+00:00,480.0
id_169,channel_46,2012-06-20 22:45:09.750000+00:00,2012-06-20 22:53:09.750000+00:00,480.0
id_170,channel_75,2000-03-23 18:17:26.838000+00:00,2000-03-23 18:22:26.838000+00:00,300.0
id_171,channel_14,2012-07-14 08:10:30.030000+00:00,2012-07-16 02:55:30.030000+00:00,153900.0
id_171,channel_21,2012-07-14 08:15:00.030000+00:00,2012-07-16 02:40:30.030000+00:00,152730.0
id_171,channel_29,2012-07-14 08:09:00.030000+00:00,2012-07-16 02:40:30.030000+00:00,153090.0
id_172,channel_41,2012-09-19 13:42:51+00:00,2012-09-19 13:43:09+00:00,18.0
id_172,channel_42,2012-09-19 13:42:51+00:00,2012-09-19 13:43:09+00:00,18.0
id_172,channel_43,2012-09-19 13:42:51+00:00,2012-09-19 13:43:09+00:00,18.0
id_172,channel_44,2012-09-19 13:42:51+00:00,2012-09-19 13:43:09+00:00,18.0
id_172,channel_45,2012-09-19 13:42:51+00:00,2012-09-19 13:43:09+00:00,18.0
id_172,channel_46,2012-09-19 13:42:51+00:00,2012-09-19 13:43:09+00:00,18.0
id_173,channel_76,2000-03-23 20:16:40.710000+00:00,2000-03-23 20:21:40.710000+00:00,300.0
id_174,channel_41,2012-10-04 15:18:09.735000+00:00,2012-10-04 16:12:39.735000+00:00,3270.0
id_174,channel_42,2012-10-04 15:24:39.735000+00:00,2012-10-04 16:30:09.735000+00:00,3930.0
id_174,channel_43,2012-10-04 15:43:39.735000+00:00,2012-10-04 16:32:09.735000+00:00,2910.0
id_174,channel_44,2012-10-04 15:42:39.735000+00:00,2012-10-04 16:43:39.735000+00:00,3660.0
id_174,channel_45,2012-10-04 15:28:09.735000+00:00,2012-10-04 16:28:39.735000+00:00,3630.0
id_174,channel_46,2012-10-04 15:39:09.735000+00:00,2012-10-04 16:38:09.735000+00:00,3540.0
id_174,channel_47,2012-10-04 15:27:39.735000+00:00,2012-10-06 06:08:09.735000+00:00,139230.0
id_174,channel_48,2012-10-04 15:27:39.735000+00:00,2012-10-06 06:21:09.735000+00:00,140010.0
id_174,channel_49,2012-10-04 15:37:39.735000+00:00,2012-10-06 06:13:09.735000+00:00,138930.0
id_174,channel_50,2012-10-04 22:15:52.113000+00:00,2012-10-06 05:08:22.110000+00:00,111149.997
id_174,channel_51,2012-10-04 17:00:52.113000+00:00,2012-10-06 05:50:22.110000+00:00,132569.997
id_174,channel_52,2012-10-04 22:09:52.113000+00:00,2012-10-06 05:50:22.110000+00:00,114029.997
id_174,channel_57,2012-10-04 15:15:47.229000+00:00,2012-10-06 02:42:47.229000+00:00,127620.0
id_174,channel_58,2012-10-04 15:24:47.229000+00:00,2012-10-06 03:54:47.229000+00:00,131400.0
id_174,channel_59,2012-10-04 15:27:47.229000+00:00,2012-10-06 02:12:47.229000+00:00,125100.0
id_174,channel_60,2012-10-04 15:21:47.229000+00:00,2012-10-06 03:54:47.229000+00:00,131580.0
id_175,channel_14,2012-12-06 12:46:30.006000+00:00,2012-12-08 00:00:00+00:00,126809.994
id_175,channel_15,2012-12-06 12:51:00.006000+00:00,2012-12-11 00:00:00+00:00,385739.994
id_175,channel_21,2012-12-06 12:46:30.006000+00:00,2012-12-08 00:00:00+00:00,126809.994
id_175,channel_22,2012-12-06 12:48:00.006000+00:00,2012-12-11 00:00:00+00:00,385919.994
id_175,channel_23,2012-12-06 12:52:30.006000+00:00,2012-12-11 00:00:00+00:00,385649.994
id_175,channel_29,2012-12-06 12:46:30.006000+00:00,2012-12-08 00:00:00+00:00,126809.994
id_175,channel_30,2012-12-06 12:07:30.006000+00:00,2012-12-08 00:00:00+00:00,129149.994
id_175,channel_31,2012-12-06 12:49:30.006000+00:00,2012-12-11 00:00:00+00:00,385829.994
id_175,channel_38,2012-12-06 13:07:30.006000+00:00,2012-12-08 00:00:00+00:00,125549.994
id_175,channel_39,2012-12-06 12:51:00.006000+00:00,2012-12-11 00:00:00+00:00,385739.994
id_175,channel_41,2012-12-06 12:45:09.723000+00:00,2012-12-06 12:47:09.723000+00:00,120.0
id_175,channel_41,2012-12-06 13:05:39.723000+00:00,2012-12-06 13:09:09.723000+00:00,210.0
id_175,channel_42,2012-12-06 12:45:09.723000+00:00,2012-12-06 12:47:09.723000+00:00,120.0
id_175,channel_42,2012-12-06 13:05:39.723000+00:00,2012-12-06 13:09:09.723000+00:00,210.0
id_175,channel_43,2012-12-06 12:45:09.723000+00:00,2012-12-06 12:47:09.723000+00:00,120.0
id_175,channel_43,2012-12-06 13:05:39.723000+00:00,2012-12-06 13:09:09.723000+00:00,210.0
id_175,channel_44,2012-12-06 12:45:09.723000+00:00,2012-12-06 12:47:09.723000+00:00,120.0
id_175,channel_44,2012-12-06 13:05:39.723000+00:00,2012-12-06 13:09:09.723000+00:00,210.0
id_175,channel_45,2012-12-06 12:45:09.723000+00:00,2012-12-06 12:47:09.723000+00:00,120.0
id_175,channel_45,2012-12-06 13:05:39.723000+00:00,2012-12-06 13:09:09.723000+00:00,210.0
id_175,channel_46,2012-12-06 12:45:09.723000+00:00,2012-12-06 12:47:09.723000+00:00,120.0
id_175,channel_46,2012-12-06 13:05:39.723000+00:00,2012-12-06 13:09:09.723000+00:00,210.0
id_176,channel_41,2013-02-09 23:44:53.799000+00:00,2013-02-09 23:44:53.799000+00:00,0.0
id_176,channel_42,2013-02-09 23:44:53.799000+00:00,2013-02-09 23:44:53.799000+00:00,0.0
id_176,channel_43,2013-02-09 23:44:53.799000+00:00,2013-02-09 23:44:53.799000+00:00,0.0
id_176,channel_44,2013-02-09 23:44:53.799000+00:00,2013-02-09 23:44:53.799000+00:00,0.0
id_176,channel_45,2013-02-09 23:44:53.799000+00:00,2013-02-09 23:44:53.799000+00:00,0.0
id_176,channel_46,2013-02-09 23:44:53.799000+00:00,2013-02-09 23:44:53.799000+00:00,0.0
id_176,channel_47,2013-02-09 23:45:39.711000+00:00,2013-02-09 23:51:09.711000+00:00,330.0
id_176,channel_48,2013-02-09 23:45:09.711000+00:00,2013-02-10 00:06:09.711000+00:00,1260.0
id_176,channel_49,2013-02-09 23:45:39.711000+00:00,2013-02-09 23:52:09.711000+00:00,390.0
id_176,channel_50,2013-02-09 23:45:52.092000+00:00,2013-02-09 23:51:52.092000+00:00,360.0
id_176,channel_51,2013-02-09 23:45:52.092000+00:00,2013-02-09 23:53:22.089000+00:00,449.997
id_176,channel_52,2013-02-09 23:44:22.089000+00:00,2013-02-09 23:51:52.092000+00:00,450.003
id_177,channel_41,2013-03-24 16:57:39.705000+00:00,2013-03-24 16:57:41.793000+00:00,2.088
id_177,channel_42,2013-03-24 16:57:39.705000+00:00,2013-03-24 16:57:41.793000+00:00,2.088
id_177,channel_43,2013-03-24 16:57:39.705000+00:00,2013-03-24 16:57:41.793000+00:00,2.088
id_177,channel_44,2013-03-24 16:57:39.705000+00:00,2013-03-24 16:57:41.793000+00:00,2.088
id_177,channel_45,2013-03-24 16:57:39.705000+00:00,2013-03-24 16:57:41.793000+00:00,2.088
id_177,channel_46,2013-03-24 16:57:39.705000+00:00,2013-03-24 16:57:41.793000+00:00,2.088
id_177,channel_47,2013-03-24 16:57:09.705000+00:00,2013-03-24 17:11:09.705000+00:00,840.0
id_177,channel_48,2013-03-24 16:58:39.705000+00:00,2013-03-24 17:11:09.705000+00:00,750.0
id_177,channel_49,2013-03-24 16:57:41.793000+00:00,2013-03-24 17:02:09.705000+00:00,267.912
id_177,channel_50,2013-03-24 16:59:22.080000+00:00,2013-03-24 17:11:22.080000+00:00,720.0
id_177,channel_51,2013-03-24 16:59:22.080000+00:00,2013-03-24 17:12:52.083000+00:00,810.003
id_177,channel_52,2013-03-24 16:59:22.080000+00:00,2013-03-24 17:29:22.080000+00:00,1800.0
id_178,channel_14,2013-04-25 01:13:29.982000+00:00,2013-04-25 07:07:29.982000+00:00,21240.0
id_178,channel_21,2013-04-25 01:20:59.982000+00:00,2013-04-25 04:01:29.982000+00:00,9630.0
id_178,channel_29,2013-04-25 01:16:29.982000+00:00,2013-04-25 06:10:29.982000+00:00,17640.0
id_179,channel_14,2013-07-23 21:25:29.964000+00:00,2013-07-24 02:59:59.964000+00:00,20070.0
id_179,channel_21,2013-07-23 21:25:29.964000+00:00,2013-07-24 02:08:59.964000+00:00,17010.0
id_179,channel_29,2013-07-23 21:38:59.964000+00:00,2013-07-23 23:22:29.964000+00:00,6210.0
id_180,channel_12,2013-08-12 02:28:29.964000+00:00,2013-08-13 21:37:29.961000+00:00,155339.997
id_180,channel_13,2013-08-12 02:35:59.964000+00:00,2013-08-13 21:13:29.961000+00:00,153449.997
id_180,channel_14,2013-08-12 02:26:59.964000+00:00,2013-08-29 00:00:00+00:00,1459980.036
id_180,channel_15,2013-08-11 21:17:59.964000+00:00,2013-08-29 00:00:00+00:00,1478520.036
id_180,channel_16,2013-08-12 03:19:29.964000+00:00,2013-08-29 00:00:00+00:00,1456830.036
id_180,channel_17,2013-08-12 02:44:59.964000+00:00,2013-08-13 21:31:29.961000+00:00,153989.997
id_180,channel_18,2013-08-12 01:34:29.964000+00:00,2013-08-13 21:11:59.961000+00:00,157049.997
id_180,channel_19,2013-08-11 23:25:29.964000+00:00,2013-08-13 22:17:59.961000+00:00,168749.997
id_180,channel_20,2013-08-12 00:32:59.964000+00:00,2013-08-13 21:11:59.961000+00:00,160739.997
id_180,channel_21,2013-08-12 02:25:29.964000+00:00,2013-08-29 00:00:00+00:00,1460070.036
id_180,channel_22,2013-08-11 21:29:59.964000+00:00,2013-08-29 00:00:00+00:00,1477800.036
id_180,channel_23,2013-08-11 21:49:29.964000+00:00,2013-08-29 00:00:00+00:00,1476630.036
id_180,channel_24,2013-08-12 03:11:59.964000+00:00,2013-08-29 00:00:00+00:00,1457280.036
id_180,channel_25,2013-08-12 03:26:59.964000+00:00,2013-08-13 21:22:29.961000+00:00,150929.997
id_180,channel_26,2013-08-12 02:10:29.964000+00:00,2013-08-12 02:10:29.964000+00:00,0.0
id_180,channel_26,2013-08-12 02:40:29.964000+00:00,2013-08-13 21:22:29.961000+00:00,153719.997
id_180,channel_27,2013-08-12 02:29:59.964000+00:00,2013-08-13 21:07:29.961000+00:00,153449.997
id_180,channel_28,2013-08-12 02:16:29.964000+00:00,2013-08-13 21:11:59.961000+00:00,154529.997
id_180,channel_29,2013-08-12 01:58:29.964000+00:00,2013-08-29 00:00:00+00:00,1461690.036
id_180,channel_30,2013-08-11 21:31:29.964000+00:00,2013-08-29 00:00:00+00:00,1477710.036
id_180,channel_31,2013-08-11 21:29:59.964000+00:00,2013-08-29 00:00:00+00:00,1477800.036
id_180,channel_32,2013-08-12 03:16:29.964000+00:00,2013-08-29 00:00:00+00:00,1457010.036
id_180,channel_33,2013-08-12 03:13:29.964000+00:00,2013-08-29 00:00:00+00:00,1457190.036
id_180,channel_34,2013-08-12 02:35:59.964000+00:00,2013-08-13 21:17:59.961000+00:00,153719.997
id_180,channel_35,2013-08-12 02:31:29.964000+00:00,2013-08-14 00:34:29.961000+00:00,165779.997
id_180,channel_36,2013-08-12 00:52:29.964000+00:00,2013-08-13 21:40:29.961000+00:00,161279.997
id_180,channel_37,2013-08-11 22:17:59.964000+00:00,2013-08-13 21:31:29.961000+00:00,170009.997
id_180,channel_38,2013-08-11 23:28:29.964000+00:00,2013-08-29 00:00:00+00:00,1470690.036
id_180,channel_39,2013-08-11 21:29:59.964000+00:00,2013-08-29 00:00:00+00:00,1477800.036
id_180,channel_40,2013-08-12 03:14:59.964000+00:00,2013-08-29 00:00:00+00:00,1457100.036
id_180,channel_41,2013-08-12 02:55:39.681000+00:00,2013-08-12 03:11:39.681000+00:00,960.0
id_180,channel_41,2013-08-12 05:55:39.681000+00:00,2013-08-12 06:11:39.681000+00:00,960.0
id_180,channel_41,2013-08-12 08:55:09.681000+00:00,2013-08-12 09:11:39.681000+00:00,990.0
id_180,channel_41,2013-08-12 11:55:09.681000+00:00,2013-08-12 12:11:39.681000+00:00,990.0
id_180,channel_41,2013-08-12 14:55:09.681000+00:00,2013-08-12 15:11:39.681000+00:00,990.0
id_180,channel_41,2013-08-12 17:55:09.681000+00:00,2013-08-12 18:11:39.681000+00:00,990.0
id_180,channel_41,2013-08-12 20:55:09.681000+00:00,2013-08-12 21:11:39.681000+00:00,990.0
id_180,channel_41,2013-08-12 23:55:09.681000+00:00,2013-08-13 00:11:39.681000+00:00,990.0
id_180,channel_41,2013-08-13 02:55:39.681000+00:00,2013-08-13 03:08:09.681000+00:00,750.0
id_180,channel_41,2013-08-13 21:05:09.681000+00:00,2013-08-13 21:07:02.181000+00:00,112.5
id_180,channel_41,2013-08-13 21:52:09.681000+00:00,2013-08-13 21:56:09.681000+00:00,240.0
id_180,channel_41,2013-08-14 18:59:39.681000+00:00,2013-08-15 02:04:39.681000+00:00,25500.0
id_180,channel_42,2013-08-12 02:55:39.681000+00:00,2013-08-12 03:11:39.681000+00:00,960.0
id_180,channel_42,2013-08-12 05:55:39.681000+00:00,2013-08-12 06:11:39.681000+00:00,960.0
id_180,channel_42,2013-08-12 08:55:09.681000+00:00,2013-08-12 09:11:39.681000+00:00,990.0
id_180,channel_42,2013-08-12 11:55:09.681000+00:00,2013-08-12 12:11:39.681000+00:00,990.0
id_180,channel_42,2013-08-12 14:55:09.681000+00:00,2013-08-12 15:11:39.681000+00:00,990.0
id_180,channel_42,2013-08-12 17:55:09.681000+00:00,2013-08-12 18:11:39.681000+00:00,990.0
id_180,channel_42,2013-08-12 20:55:09.681000+00:00,2013-08-12 21:11:39.681000+00:00,990.0
id_180,channel_42,2013-08-12 23:55:09.681000+00:00,2013-08-13 00:11:39.681000+00:00,990.0
id_180,channel_42,2013-08-13 02:55:39.681000+00:00,2013-08-13 03:08:09.681000+00:00,750.0
id_180,channel_42,2013-08-13 21:05:09.681000+00:00,2013-08-13 21:07:02.181000+00:00,112.5
id_180,channel_42,2013-08-13 21:52:09.681000+00:00,2013-08-13 21:56:09.681000+00:00,240.0
id_180,channel_42,2013-08-14 18:50:39.681000+00:00,2013-08-15 02:04:39.681000+00:00,26040.0
id_180,channel_43,2013-08-12 02:55:39.681000+00:00,2013-08-12 03:11:39.681000+00:00,960.0
id_180,channel_43,2013-08-12 05:55:39.681000+00:00,2013-08-12 06:11:39.681000+00:00,960.0
id_180,channel_43,2013-08-12 08:55:09.681000+00:00,2013-08-12 09:11:39.681000+00:00,990.0
id_180,channel_43,2013-08-12 11:55:09.681000+00:00,2013-08-12 12:11:39.681000+00:00,990.0
id_180,channel_43,2013-08-12 14:55:09.681000+00:00,2013-08-12 15:11:39.681000+00:00,990.0
id_180,channel_43,2013-08-12 17:55:09.681000+00:00,2013-08-12 18:11:39.681000+00:00,990.0
id_180,channel_43,2013-08-12 20:55:09.681000+00:00,2013-08-12 21:11:39.681000+00:00,990.0
id_180,channel_43,2013-08-12 23:55:09.681000+00:00,2013-08-13 00:11:39.681000+00:00,990.0
id_180,channel_43,2013-08-13 02:55:39.681000+00:00,2013-08-13 03:08:09.681000+00:00,750.0
id_180,channel_43,2013-08-13 21:05:09.681000+00:00,2013-08-13 21:07:02.181000+00:00,112.5
id_180,channel_43,2013-08-13 21:52:09.681000+00:00,2013-08-13 21:56:09.681000+00:00,240.0
id_180,channel_43,2013-08-14 18:59:39.681000+00:00,2013-08-15 02:04:39.681000+00:00,25500.0
id_180,channel_44,2013-08-12 02:55:39.681000+00:00,2013-08-12 03:11:39.681000+00:00,960.0
id_180,channel_44,2013-08-12 05:55:39.681000+00:00,2013-08-12 06:11:39.681000+00:00,960.0
id_180,channel_44,2013-08-12 08:55:09.681000+00:00,2013-08-12 09:11:39.681000+00:00,990.0
id_180,channel_44,2013-08-12 11:55:09.681000+00:00,2013-08-12 12:11:39.681000+00:00,990.0
id_180,channel_44,2013-08-12 14:55:09.681000+00:00,2013-08-12 15:11:39.681000+00:00,990.0
id_180,channel_44,2013-08-12 17:55:09.681000+00:00,2013-08-12 18:11:39.681000+00:00,990.0
id_180,channel_44,2013-08-12 20:55:09.681000+00:00,2013-08-12 21:11:39.681000+00:00,990.0
id_180,channel_44,2013-08-12 23:55:09.681000+00:00,2013-08-13 00:11:39.681000+00:00,990.0
id_180,channel_44,2013-08-13 02:55:39.681000+00:00,2013-08-13 03:08:09.681000+00:00,750.0
id_180,channel_44,2013-08-13 21:05:09.681000+00:00,2013-08-13 21:07:02.181000+00:00,112.5
id_180,channel_44,2013-08-13 21:52:09.681000+00:00,2013-08-13 21:56:09.681000+00:00,240.0
id_180,channel_44,2013-08-14 19:07:02.181000+00:00,2013-08-15 02:04:39.681000+00:00,25057.5
id_180,channel_45,2013-08-12 02:55:39.681000+00:00,2013-08-12 03:11:39.681000+00:00,960.0
id_180,channel_45,2013-08-12 05:55:39.681000+00:00,2013-08-12 06:11:39.681000+00:00,960.0
id_180,channel_45,2013-08-12 08:55:09.681000+00:00,2013-08-12 09:11:39.681000+00:00,990.0
id_180,channel_45,2013-08-12 11:55:09.681000+00:00,2013-08-12 12:11:39.681000+00:00,990.0
id_180,channel_45,2013-08-12 14:55:09.681000+00:00,2013-08-12 15:11:39.681000+00:00,990.0
id_180,channel_45,2013-08-12 17:55:09.681000+00:00,2013-08-12 18:11:39.681000+00:00,990.0
id_180,channel_45,2013-08-12 20:55:09.681000+00:00,2013-08-12 21:11:39.681000+00:00,990.0
id_180,channel_45,2013-08-12 23:55:09.681000+00:00,2013-08-13 00:11:39.681000+00:00,990.0
id_180,channel_45,2013-08-13 02:55:39.681000+00:00,2013-08-13 03:08:09.681000+00:00,750.0
id_180,channel_45,2013-08-13 21:05:09.681000+00:00,2013-08-13 21:07:02.181000+00:00,112.5
id_180,channel_45,2013-08-13 21:52:09.681000+00:00,2013-08-13 21:56:09.681000+00:00,240.0
id_180,channel_45,2013-08-14 18:59:39.681000+00:00,2013-08-15 02:04:39.681000+00:00,25500.0
id_180,channel_46,2013-08-12 02:55:39.681000+00:00,2013-08-12 03:11:39.681000+00:00,960.0
id_180,channel_46,2013-08-12 05:55:39.681000+00:00,2013-08-12 06:11:39.681000+00:00,960.0
id_180,channel_46,2013-08-12 07:56:09.681000+00:00,2013-08-12 07:56:09.681000+00:00,0.0
id_180,channel_46,2013-08-12 08:55:09.681000+00:00,2013-08-12 09:11:39.681000+00:00,990.0
id_180,channel_46,2013-08-12 11:55:09.681000+00:00,2013-08-12 12:11:39.681000+00:00,990.0
id_180,channel_46,2013-08-12 14:55:09.681000+00:00,2013-08-12 15:11:39.681000+00:00,990.0
id_180,channel_46,2013-08-12 17:55:09.681000+00:00,2013-08-12 18:11:39.681000+00:00,990.0
id_180,channel_46,2013-08-12 20:15:09.681000+00:00,2013-08-12 20:15:09.681000+00:00,0.0
id_180,channel_46,2013-08-12 20:55:09.681000+00:00,2013-08-12 21:11:39.681000+00:00,990.0
id_180,channel_46,2013-08-12 23:55:09.681000+00:00,2013-08-13 00:11:39.681000+00:00,990.0
id_180,channel_46,2013-08-13 02:55:39.681000+00:00,2013-08-13 03:08:09.681000+00:00,750.0
id_180,channel_46,2013-08-13 21:05:09.681000+00:00,2013-08-13 21:07:02.181000+00:00,112.5
id_180,channel_46,2013-08-13 21:52:09.681000+00:00,2013-08-13 21:56:09.681000+00:00,240.0
id_180,channel_46,2013-08-14 18:56:39.681000+00:00,2013-08-15 02:04:39.681000+00:00,25680.0
id_180,channel_47,2013-08-11 20:10:39.681000+00:00,2013-08-16 17:29:09.681000+00:00,422310.0
id_180,channel_48,2013-08-11 20:20:09.681000+00:00,2013-08-16 16:32:39.681000+00:00,418350.0
id_180,channel_49,2013-08-11 20:10:39.681000+00:00,2013-08-16 16:23:09.681000+00:00,418350.0
id_180,channel_50,2013-08-11 19:38:22.056000+00:00,2013-08-16 19:02:22.056000+00:00,429840.0
id_180,channel_51,2013-08-11 18:47:22.056000+00:00,2013-08-16 16:32:22.056000+00:00,423900.0
id_180,channel_52,2013-08-11 19:38:22.056000+00:00,2013-08-16 15:21:52.059000+00:00,416610.003
id_180,channel_57,2013-08-12 03:35:47.175000+00:00,2013-08-16 04:45:17.175000+00:00,349770.0
id_180,channel_58,2013-08-12 01:29:17.175000+00:00,2013-08-16 06:04:47.175000+00:00,362130.0
id_180,channel_59,2013-08-12 02:44:17.175000+00:00,2013-08-15 21:01:17.175000+00:00,325020.0
id_180,channel_60,2013-08-12 04:08:47.175000+00:00,2013-08-15 22:16:17.175000+00:00,324450.0
id_180,channel_61,2013-08-12 15:12:38.505000+00:00,2013-08-15 15:12:38.505000+00:00,259200.0
id_180,channel_62,2013-08-12 15:12:38.505000+00:00,2013-08-15 15:12:38.505000+00:00,259200.0
id_180,channel_63,2013-08-12 15:12:38.505000+00:00,2013-08-15 15:12:38.505000+00:00,259200.0
id_181,channel_14,2013-08-27 17:26:59.961000+00:00,2013-08-30 00:31:29.961000+00:00,198270.0
id_181,channel_21,2013-08-27 17:49:29.961000+00:00,2013-08-29 22:56:59.961000+00:00,191250.0
id_181,channel_29,2013-08-27 17:32:59.961000+00:00,2013-08-30 01:02:59.961000+00:00,199800.0
id_182,channel_14,2013-09-12 02:04:29.958000+00:00,2013-09-19 00:00:00+00:00,597330.042
id_182,channel_15,2013-09-12 01:59:59.958000+00:00,2013-09-19 00:00:00+00:00,597600.042
id_182,channel_21,2013-09-12 02:08:59.958000+00:00,2013-09-19 00:00:00+00:00,597060.042
id_182,channel_22,2013-09-12 02:49:29.958000+00:00,2013-09-19 00:00:00+00:00,594630.042
id_182,channel_23,2013-09-12 02:22:29.958000+00:00,2013-09-19 00:00:00+00:00,596250.042
id_182,channel_29,2013-09-12 02:05:59.958000+00:00,2013-09-19 00:00:00+00:00,597240.042
id_182,channel_30,2013-09-12 02:19:29.958000+00:00,2013-09-19 00:00:00+00:00,596430.042
id_182,channel_31,2013-09-12 02:59:59.958000+00:00,2013-09-19 00:00:00+00:00,594000.042
id_182,channel_38,2013-09-12 02:13:29.958000+00:00,2013-09-19 00:00:00+00:00,596790.042
id_182,channel_39,2013-09-12 02:32:59.958000+00:00,2013-09-19 00:00:00+00:00,595620.042
id_182,channel_41,2013-09-12 02:00:39.675000+00:00,2013-09-12 02:02:09.675000+00:00,90.0
id_182,channel_41,2013-09-12 02:21:09.675000+00:00,2013-09-12 02:21:09.675000+00:00,0.0
id_182,channel_41,2013-09-12 02:22:09.675000+00:00,2013-09-12 02:22:39.675000+00:00,30.0
id_182,channel_42,2013-09-12 02:00:39.675000+00:00,2013-09-12 02:02:09.675000+00:00,90.0
id_182,channel_42,2013-09-12 02:22:09.675000+00:00,2013-09-12 02:22:39.675000+00:00,30.0
id_182,channel_43,2013-09-12 02:00:39.675000+00:00,2013-09-12 02:02:09.675000+00:00,90.0
id_182,channel_43,2013-09-12 02:21:09.675000+00:00,2013-09-12 02:21:09.675000+00:00,0.0
id_182,channel_43,2013-09-12 02:22:09.675000+00:00,2013-09-12 02:22:39.675000+00:00,30.0
id_182,channel_44,2013-09-12 02:00:39.675000+00:00,2013-09-12 02:02:09.675000+00:00,90.0
id_182,channel_44,2013-09-12 02:21:09.675000+00:00,2013-09-12 02:21:09.675000+00:00,0.0
id_182,channel_44,2013-09-12 02:22:09.675000+00:00,2013-09-12 02:22:39.675000+00:00,30.0
id_182,channel_45,2013-09-12 02:00:39.675000+00:00,2013-09-12 02:02:09.675000+00:00,90.0
id_182,channel_45,2013-09-12 02:21:09.675000+00:00,2013-09-12 02:21:09.675000+00:00,0.0
id_182,channel_45,2013-09-12 02:22:09.675000+00:00,2013-09-12 02:22:39.675000+00:00,30.0
id_182,channel_46,2013-09-12 02:00:39.675000+00:00,2013-09-12 02:02:09.675000+00:00,90.0
id_182,channel_46,2013-09-12 02:22:09.675000+00:00,2013-09-12 02:22:09.675000+00:00,0.0
id_183,channel_41,2013-09-05 18:32:23.763000+00:00,2013-09-05 18:32:23.763000+00:00,0.0
id_183,channel_42,2013-09-05 18:32:23.763000+00:00,2013-09-05 18:32:23.763000+00:00,0.0
id_183,channel_43,2013-09-05 18:32:23.763000+00:00,2013-09-05 18:32:23.763000+00:00,0.0
id_183,channel_44,2013-09-05 18:32:23.763000+00:00,2013-09-05 18:32:23.763000+00:00,0.0
id_183,channel_45,2013-09-05 18:32:23.763000+00:00,2013-09-05 18:32:23.763000+00:00,0.0
id_183,channel_46,2013-09-05 18:32:23.763000+00:00,2013-09-05 18:32:23.763000+00:00,0.0
id_183,channel_47,2013-09-05 19:37:39.678000+00:00,2013-09-06 12:10:09.678000+00:00,59550.0
id_183,channel_48,2013-09-05 19:37:39.678000+00:00,2013-09-06 12:10:09.678000+00:00,59550.0
id_183,channel_49,2013-09-05 19:37:39.678000+00:00,2013-09-06 12:10:09.678000+00:00,59550.0
id_184,channel_41,2013-10-01 01:13:39.672000+00:00,2013-10-01 01:13:44.760000+00:00,5.088
id_184,channel_42,2013-10-01 01:13:39.672000+00:00,2013-10-01 01:13:44.760000+00:00,5.088
id_184,channel_43,2013-10-01 01:13:39.672000+00:00,2013-10-01 01:13:44.760000+00:00,5.088
id_184,channel_44,2013-10-01 01:13:39.672000+00:00,2013-10-01 01:13:44.760000+00:00,5.088
id_184,channel_45,2013-10-01 01:13:39.672000+00:00,2013-10-01 01:13:44.760000+00:00,5.088
id_184,channel_46,2013-10-01 01:13:39.672000+00:00,2013-10-01 01:13:44.760000+00:00,5.088
id_184,channel_47,2013-10-01 01:14:39.672000+00:00,2013-10-01 01:18:39.672000+00:00,240.0
id_184,channel_48,2013-10-01 01:14:39.672000+00:00,2013-10-01 01:19:39.672000+00:00,300.0
id_184,channel_49,2013-10-01 01:14:09.672000+00:00,2013-10-01 01:24:09.672000+00:00,600.0
id_184,channel_52,2013-10-01 01:14:22.050000+00:00,2013-10-01 01:27:52.050000+00:00,810.0
id_185,channel_12,2000-04-23 15:18:18.621000+00:00,2000-04-25 15:07:48.621000+00:00,172170.0
id_185,channel_13,2000-04-23 15:19:48.621000+00:00,2000-04-25 15:03:18.621000+00:00,171810.0
id_185,channel_17,2000-04-23 15:18:18.621000+00:00,2000-04-25 15:19:48.621000+00:00,172890.0
id_185,channel_18,2000-04-23 15:18:18.621000+00:00,2000-04-25 15:16:48.621000+00:00,172710.0
id_185,channel_19,2000-04-23 15:18:18.621000+00:00,2000-04-25 15:13:48.621000+00:00,172530.0
id_185,channel_20,2000-04-23 15:18:18.621000+00:00,2000-04-25 15:01:48.621000+00:00,171810.0
id_185,channel_25,2000-04-23 15:16:48.621000+00:00,2000-04-25 14:57:18.621000+00:00,171630.0
id_185,channel_26,2000-04-23 15:19:48.621000+00:00,2000-04-25 14:48:18.621000+00:00,170910.0
id_185,channel_27,2000-04-23 15:18:18.621000+00:00,2000-04-25 15:12:18.621000+00:00,172440.0
id_185,channel_28,2000-04-23 15:16:48.621000+00:00,2000-04-25 16:54:18.621000+00:00,178650.0
id_185,channel_34,2000-04-23 15:16:48.621000+00:00,2000-04-25 15:01:48.621000+00:00,171900.0
id_185,channel_35,2000-04-23 15:18:18.621000+00:00,2000-04-25 15:48:18.621000+00:00,174600.0
id_185,channel_36,2000-04-23 15:16:48.621000+00:00,2000-04-25 15:45:18.621000+00:00,174510.0
id_185,channel_37,2000-04-23 15:18:18.621000+00:00,2000-04-25 15:33:18.621000+00:00,173700.0
id_185,channel_37,2000-04-25 15:36:18.621000+00:00,2000-04-25 15:36:18.621000+00:00,0.0
id_185,channel_41,2000-04-23 15:15:58.341000+00:00,2000-04-25 14:18:28.341000+00:00,169350.0
id_185,channel_42,2000-04-23 15:15:58.341000+00:00,2000-04-25 14:18:28.341000+00:00,169350.0
id_185,channel_43,2000-04-23 15:15:58.341000+00:00,2000-04-25 14:18:28.341000+00:00,169350.0
id_185,channel_44,2000-04-23 15:15:58.341000+00:00,2000-04-25 14:18:28.341000+00:00,169350.0
id_185,channel_45,2000-04-23 15:15:58.341000+00:00,2000-04-25 14:18:28.341000+00:00,169350.0
id_185,channel_46,2000-04-23 15:15:58.341000+00:00,2000-04-25 14:18:28.341000+00:00,169350.0
id_185,channel_47,2000-04-23 15:18:58.341000+00:00,2000-04-25 18:47:28.341000+00:00,185310.0
id_185,channel_48,2000-04-23 15:17:28.341000+00:00,2000-04-25 19:29:58.341000+00:00,187950.0
id_185,channel_49,2000-04-23 15:17:28.341000+00:00,2000-04-25 19:54:28.341000+00:00,189420.0
id_185,channel_50,2000-04-23 15:17:40.719000+00:00,2000-04-25 19:04:10.719000+00:00,186390.0
id_185,channel_51,2000-04-23 15:17:40.719000+00:00,2000-04-25 19:53:40.719000+00:00,189360.0
id_185,channel_52,2000-04-23 15:19:10.719000+00:00,2000-04-25 20:22:10.719000+00:00,190980.0
id_186,channel_41,2013-11-11 05:27:23.754000+00:00,2013-11-11 05:27:23.754000+00:00,0.0
id_186,channel_42,2013-11-11 05:27:23.754000+00:00,2013-11-11 05:27:23.754000+00:00,0.0
id_186,channel_43,2013-11-11 05:27:23.754000+00:00,2013-11-11 05:27:23.754000+00:00,0.0
id_186,channel_44,2013-11-11 05:27:23.754000+00:00,2013-11-11 05:27:23.754000+00:00,0.0
id_186,channel_45,2013-11-11 05:27:23.754000+00:00,2013-11-11 05:27:23.754000+00:00,0.0
id_186,channel_46,2013-11-11 05:27:23.754000+00:00,2013-11-11 05:27:23.754000+00:00,0.0
id_186,channel_47,2013-11-11 05:27:39.666000+00:00,2013-11-11 05:31:09.666000+00:00,210.0
id_186,channel_48,2013-11-11 05:28:09.666000+00:00,2013-11-11 05:37:39.666000+00:00,570.0
id_186,channel_49,2013-11-11 05:27:39.666000+00:00,2013-11-11 05:32:09.666000+00:00,270.0
id_186,channel_50,2013-11-11 05:29:22.041000+00:00,2013-11-11 05:30:52.044000+00:00,90.003
id_186,channel_51,2013-11-11 05:29:22.041000+00:00,2013-11-11 05:35:22.041000+00:00,360.0
id_186,channel_52,2013-11-11 05:27:52.044000+00:00,2013-11-11 05:32:22.041000+00:00,269.997
id_187,channel_41,2013-11-19 14:57:17.751000+00:00,2013-11-19 14:57:17.751000+00:00,0.0
id_187,channel_42,2013-11-19 14:57:17.751000+00:00,2013-11-19 14:57:17.751000+00:00,0.0
id_187,channel_43,2013-11-19 14:57:17.751000+00:00,2013-11-19 14:57:17.751000+00:00,0.0
id_187,channel_44,2013-11-19 14:57:17.751000+00:00,2013-11-19 14:57:17.751000+00:00,0.0
id_187,channel_45,2013-11-19 14:57:17.751000+00:00,2013-11-19 14:57:17.751000+00:00,0.0
id_187,channel_46,2013-11-19 14:57:17.751000+00:00,2013-11-19 14:57:17.751000+00:00,0.0
id_187,channel_47,2013-11-19 14:58:09.663000+00:00,2013-11-19 15:04:09.663000+00:00,360.0
id_187,channel_48,2013-11-19 14:57:39.663000+00:00,2013-11-19 15:07:09.663000+00:00,570.0
id_187,channel_49,2013-11-19 14:58:09.663000+00:00,2013-11-19 15:06:09.663000+00:00,480.0
id_187,channel_50,2013-11-19 14:59:22.041000+00:00,2013-11-19 15:03:52.044000+00:00,270.003
id_187,channel_51,2013-11-19 14:59:22.041000+00:00,2013-11-19 15:03:52.044000+00:00,270.003
id_187,channel_52,2013-11-19 14:59:22.041000+00:00,2013-11-19 15:08:22.041000+00:00,540.0
id_188,channel_14,2013-11-23 06:52:29.946000+00:00,2013-11-23 11:19:29.946000+00:00,16020.0
id_188,channel_21,2013-11-23 06:53:59.946000+00:00,2013-11-23 10:02:59.946000+00:00,11340.0
id_188,channel_29,2013-11-23 06:52:29.946000+00:00,2013-11-23 09:13:29.946000+00:00,8460.0
id_189,channel_14,2013-12-04 16:32:59.943000+00:00,2013-12-04 16:32:59.943000+00:00,0.0
id_189,channel_14,2013-12-04 16:40:29.943000+00:00,2013-12-04 16:40:29.943000+00:00,0.0
id_189,channel_14,2013-12-04 17:41:59.943000+00:00,2013-12-06 06:44:59.943000+00:00,133380.0
id_189,channel_21,2013-12-04 18:22:29.943000+00:00,2013-12-06 06:44:59.943000+00:00,130950.0
id_189,channel_29,2013-12-04 17:56:59.943000+00:00,2013-12-06 06:44:59.943000+00:00,132480.0
id_190,channel_74,2000-05-28 23:07:48.951000+00:00,2000-05-28 23:17:18.951000+00:00,570.0
id_191,channel_74,2000-05-31 19:00:00.954000+00:00,2000-05-31 19:09:24.951000+00:00,563.997
id_192,channel_73,2000-06-19 02:49:59.076000+00:00,2000-06-19 02:58:59.076000+00:00,540.0
id_193,channel_41,2000-06-25 00:51:28.332000+00:00,2000-06-25 03:07:28.332000+00:00,8160.0
id_193,channel_42,2000-06-25 00:50:58.332000+00:00,2000-06-25 03:06:28.332000+00:00,8130.0
id_193,channel_43,2000-06-25 00:46:58.332000+00:00,2000-06-25 03:07:28.332000+00:00,8430.0
id_193,channel_44,2000-06-25 00:44:28.332000+00:00,2000-06-25 03:07:28.332000+00:00,8580.0
id_193,channel_45,2000-06-25 00:48:58.332000+00:00,2000-06-25 03:09:28.332000+00:00,8430.0
id_193,channel_46,2000-06-25 00:51:58.332000+00:00,2000-06-25 03:05:28.332000+00:00,8010.0
id_193,channel_70,2000-06-25 00:50:47.442000+00:00,2000-06-25 03:04:47.442000+00:00,8040.0
id_193,channel_71,2000-06-25 00:48:01.326000+00:00,2000-06-25 03:02:31.323000+00:00,8069.997
id_193,channel_72,2000-06-25 00:48:45.201000+00:00,2000-06-25 03:06:45.201000+00:00,8280.0
id_193,channel_73,2000-06-25 00:45:29.073000+00:00,2000-06-25 03:13:29.073000+00:00,8880.0
id_193,channel_74,2000-06-25 00:47:30.951000+00:00,2000-06-25 00:57:00.948000+00:00,569.997
id_193,channel_75,2000-06-25 00:46:26.826000+00:00,2000-06-25 03:17:26.826000+00:00,9060.0
id_193,channel_76,2000-06-25 00:42:40.701000+00:00,2000-06-25 03:09:10.701000+00:00,8790.0
id_194,channel_74,2000-07-03 07:19:06.951000+00:00,2000-07-03 07:21:00.948000+00:00,113.997
id_195,channel_73,2000-08-25 09:10:59.067000+00:00,2000-08-25 09:19:59.067000+00:00,540.0
id_196,channel_73,2000-09-10 17:22:59.067000+00:00,2000-09-10 17:31:29.067000+00:00,510.0
id_197,channel_75,2000-09-10 20:12:56.817000+00:00,2000-09-10 20:20:56.817000+00:00,480.0
id_198,channel_76,2000-09-10 22:13:10.689000+00:00,2000-09-10 22:21:10.689000+00:00,480.0
id_199,channel_74,2000-09-28 22:04:54.942000+00:00,2000-09-28 22:14:24.939000+00:00,569.997
id_200,channel_41,2000-10-10 00:34:58.323000+00:00,2000-10-11 01:10:28.323000+00:00,88530.0
id_200,channel_42,2000-10-10 01:09:58.323000+00:00,2000-10-11 00:11:58.323000+00:00,82920.0
id_200,channel_43,2000-10-10 00:23:28.323000+00:00,2000-10-11 04:46:58.323000+00:00,102210.0
id_200,channel_44,2000-10-10 00:40:58.323000+00:00,2000-10-11 03:24:58.323000+00:00,96240.0
id_200,channel_45,2000-10-10 00:46:58.323000+00:00,2000-10-11 01:15:58.323000+00:00,88140.0
id_200,channel_46,2000-10-10 00:58:28.323000+00:00,2000-10-11 01:21:58.323000+00:00,87810.0
id_200,channel_47,2000-10-10 00:48:58.323000+00:00,2000-10-11 04:56:58.323000+00:00,101280.0
id_200,channel_48,2000-10-10 00:47:58.323000+00:00,2000-10-11 04:56:58.323000+00:00,101340.0
id_200,channel_49,2000-10-10 00:51:58.323000+00:00,2000-10-11 04:56:58.323000+00:00,101100.0
id_200,channel_50,2000-10-10 00:49:10.701000+00:00,2000-10-11 04:56:40.701000+00:00,101250.0
id_200,channel_51,2000-10-10 00:49:10.701000+00:00,2000-10-11 04:56:40.701000+00:00,101250.0
id_200,channel_52,2000-10-10 00:50:40.701000+00:00,2000-10-11 04:56:40.701000+00:00,101160.0
id_200,channel_57,2000-10-10 00:50:05.817000+00:00,2000-10-12 12:00:05.817000+00:00,213000.0
id_200,channel_58,2000-10-10 01:03:35.817000+00:00,2000-10-13 00:02:05.817000+00:00,255510.0
id_200,channel_59,2000-10-10 00:46:35.817000+00:00,2000-10-12 09:16:05.817000+00:00,203370.0
id_200,channel_60,2000-10-10 01:12:05.817000+00:00,2000-10-12 12:44:35.817000+00:00,214350.0
